pick_id,ticker,trading_date,cik,status,accession,form,items,filingDate,primaryDocument,reason
89555cc2-cd1c-4dac-b626-5c47dc504dad,PW,2026-06-09,0001532619,selected,0001493152-26-024420,8-K,"7.01,8.01,9.01",2026-05-19,form8-k.htm,8k_items:8.01
621cf6c4-59d9-4b4a-8749-478eacf861c2,GCDT,2026-06-09,0001926293,selected,0001493152-26-002089,424B3,,2026-01-13,form424b3.htm,offering
621cf6c4-59d9-4b4a-8749-478eacf861c2,GCDT,2026-06-09,0001926293,selected,0001493152-26-002087,424B4,,2026-01-13,form424b4.htm,offering
13b16a2d-c942-4f53-9ec4-3ca963e2e6e8,NCT,2026-06-09,0002018529,selected,0001213900-26-066161,F-1,,2026-06-08,ea0291199-03.htm,shelf
13b16a2d-c942-4f53-9ec4-3ca963e2e6e8,NCT,2026-06-09,0002018529,selected,0001213900-26-040544,424B3,,2026-04-06,ea028468402-424b3_intercont.htm,offering
254d10c4-4538-4345-8aaa-9e299d380177,MASK,2026-06-09,0001993097,selected,0001185185-26-002325,F-1,,2026-06-03,maskf1060126.htm,shelf
254d10c4-4538-4345-8aaa-9e299d380177,MASK,2026-06-09,0001993097,selected,0001185185-25-002198,F-1,,2025-12-30,maskf1122925.htm,shelf
a83598d9-0f20-4b3c-a8c3-679d24c9b340,BNZI,2026-06-09,,no_cik,,,,,,
e7911f32-4d30-40dc-8b3b-4332b0c36c50,SUGP,2026-06-09,0001969863,selected,0001753926-26-000819,424B3,,2026-05-12,g085728_424b3.htm,offering
e7911f32-4d30-40dc-8b3b-4332b0c36c50,SUGP,2026-06-09,0001969863,selected,0001753926-25-001941,F-1/A,,2025-12-22,g085046_f1a.htm,shelf
fde739cf-8d10-4ac5-a7e9-29e6ed0619e0,RKDA,2026-06-09,0001469443,selected,0001193125-26-045063,424B3,,2026-02-11,rkda-424b3-2026.htm,offering
fde739cf-8d10-4ac5-a7e9-29e6ed0619e0,RKDA,2026-06-09,0001469443,selected,0001193125-26-025262,S-3,,2026-01-28,rkda-20260128.htm,shelf
2936a9b6-f750-4b8f-bc55-d29f9b46823c,CODX,2026-06-09,0001692415,selected,0001493152-26-025630,S-3,,2026-05-28,forms-3.htm,shelf
2936a9b6-f750-4b8f-bc55-d29f9b46823c,CODX,2026-06-09,0001692415,selected,0001493152-26-024738,8-K,"1.01,3.02,8.01,9.01",2026-05-21,form8-k.htm,8k_items:1.01+3.02+8.01
2936a9b6-f750-4b8f-bc55-d29f9b46823c,CODX,2026-06-09,0001692415,selected,0001493152-26-022504,S-3,,2026-05-12,forms-3.htm,shelf
2936a9b6-f750-4b8f-bc55-d29f9b46823c,CODX,2026-06-09,0001692415,selected,0001493152-25-028570,424B5,,2025-12-19,form424b5.htm,offering
9f8f7c90-ede3-435c-a8f3-8b4784302faf,BJDX,2026-06-09,0001704287,selected,0001213900-26-066364,8-K,"1.01,3.02,8.01,9.01",2026-06-08,ea0293390-8k_bluejay.htm,8k_items:1.01+3.02+8.01
9f8f7c90-ede3-435c-a8f3-8b4784302faf,BJDX,2026-06-09,0001704287,selected,0001213900-26-063767,8-K,"1.01,7.01,9.01",2026-06-02,ea0293118-8k_bluejay.htm,8k_items:1.01
0c0bf0d5-7452-45f9-940b-eb0598e67429,JAGX,2026-06-09,0001585608,selected,0001193125-26-253506,8-K,"1.01,3.02,8.01,9.01",2026-06-02,d95782d8k.htm,8k_items:1.01+3.02+8.01
0c0bf0d5-7452-45f9-940b-eb0598e67429,JAGX,2026-06-09,0001585608,selected,0001193125-26-240645,8-K,"7.01,8.01,9.01",2026-05-27,d129501d8k.htm,8k_items:8.01
0c0bf0d5-7452-45f9-940b-eb0598e67429,JAGX,2026-06-09,0001585608,selected,0001193125-26-237195,8-K,"1.01,8.01,9.01",2026-05-22,d138181d8k.htm,8k_items:1.01+8.01
0c0bf0d5-7452-45f9-940b-eb0598e67429,JAGX,2026-06-09,0001585608,selected,0001193125-26-231083,8-K,"1.01,2.03,3.02,5.03,9.01",2026-05-19,d227929d8k.htm,8k_items:1.01+3.02+5.03
866339da-f2f4-496f-b979-f92d5e5be0af,IOTR,2026-06-09,0001997637,no_filings,,,,,,
f871a8c0-792e-4e13-8531-d75233f06577,CUPR,2026-06-09,0001995704,no_filings,,,,,,
03c13f37-a122-4e95-b056-b48131047a1c,ATPC,2026-06-09,0001713210,selected,0001493152-26-027669,S-1,,2026-06-08,forms-1.htm,shelf
03c13f37-a122-4e95-b056-b48131047a1c,ATPC,2026-06-09,0001713210,selected,0001493152-26-005495,S-3,,2026-02-06,forms-3.htm,shelf
c4853570-1188-4f68-a6b6-aa82dcb826c1,NCT,2026-06-10,0002018529,selected,0001213900-26-066161,F-1,,2026-06-08,ea0291199-03.htm,shelf
c4853570-1188-4f68-a6b6-aa82dcb826c1,NCT,2026-06-10,0002018529,selected,0001213900-26-040544,424B3,,2026-04-06,ea028468402-424b3_intercont.htm,offering
6a4b998e-c64b-468d-9250-83a953da560b,GCDT,2026-06-10,0001926293,selected,0001493152-26-002089,424B3,,2026-01-13,form424b3.htm,offering
6a4b998e-c64b-468d-9250-83a953da560b,GCDT,2026-06-10,0001926293,selected,0001493152-26-002087,424B4,,2026-01-13,form424b4.htm,offering
a6a2c1e9-493a-4b4f-b671-14431956e8da,BJDX,2026-06-10,0001704287,selected,0001213900-26-066364,8-K,"1.01,3.02,8.01,9.01",2026-06-08,ea0293390-8k_bluejay.htm,8k_items:1.01+3.02+8.01
a6a2c1e9-493a-4b4f-b671-14431956e8da,BJDX,2026-06-10,0001704287,selected,0001213900-26-063767,8-K,"1.01,7.01,9.01",2026-06-02,ea0293118-8k_bluejay.htm,8k_items:1.01
42564bba-25f7-4683-ac13-18f3932abc31,BNZI,2026-06-10,,no_cik,,,,,,
67018342-9ded-4bd5-bec5-b817937af2e1,CODX,2026-06-10,0001692415,selected,0001493152-26-025630,S-3,,2026-05-28,forms-3.htm,shelf
67018342-9ded-4bd5-bec5-b817937af2e1,CODX,2026-06-10,0001692415,selected,0001493152-26-024738,8-K,"1.01,3.02,8.01,9.01",2026-05-21,form8-k.htm,8k_items:1.01+3.02+8.01
67018342-9ded-4bd5-bec5-b817937af2e1,CODX,2026-06-10,0001692415,selected,0001493152-26-022504,S-3,,2026-05-12,forms-3.htm,shelf
67018342-9ded-4bd5-bec5-b817937af2e1,CODX,2026-06-10,0001692415,selected,0001493152-25-028570,424B5,,2025-12-19,form424b5.htm,offering
10149336-b9cb-4dfc-b2a8-ff4742ac083a,SUGP,2026-06-10,0001969863,selected,0001753926-26-000819,424B3,,2026-05-12,g085728_424b3.htm,offering
10149336-b9cb-4dfc-b2a8-ff4742ac083a,SUGP,2026-06-10,0001969863,selected,0001753926-25-001941,F-1/A,,2025-12-22,g085046_f1a.htm,shelf
c45ee7ea-8170-41d8-86a1-f9ae4a675c0f,IOTR,2026-06-10,0001997637,no_filings,,,,,,
1757586e-fade-4551-a619-e7133296da57,CUPR,2026-06-10,0001995704,no_filings,,,,,,
d54b0291-4061-4a7e-bac2-74eb0bf5f36c,MASK,2026-06-10,0001993097,selected,0001185185-26-002325,F-1,,2026-06-03,maskf1060126.htm,shelf
d54b0291-4061-4a7e-bac2-74eb0bf5f36c,MASK,2026-06-10,0001993097,selected,0001185185-25-002198,F-1,,2025-12-30,maskf1122925.htm,shelf
b740aee5-8c31-4c8f-a6a7-13bf59d26c4d,JAGX,2026-06-10,0001585608,selected,0001193125-26-253506,8-K,"1.01,3.02,8.01,9.01",2026-06-02,d95782d8k.htm,8k_items:1.01+3.02+8.01
b740aee5-8c31-4c8f-a6a7-13bf59d26c4d,JAGX,2026-06-10,0001585608,selected,0001193125-26-240645,8-K,"7.01,8.01,9.01",2026-05-27,d129501d8k.htm,8k_items:8.01
b740aee5-8c31-4c8f-a6a7-13bf59d26c4d,JAGX,2026-06-10,0001585608,selected,0001193125-26-237195,8-K,"1.01,8.01,9.01",2026-05-22,d138181d8k.htm,8k_items:1.01+8.01
b740aee5-8c31-4c8f-a6a7-13bf59d26c4d,JAGX,2026-06-10,0001585608,selected,0001193125-26-231083,8-K,"1.01,2.03,3.02,5.03,9.01",2026-05-19,d227929d8k.htm,8k_items:1.01+3.02+5.03
ea83039d-c868-4fc0-b88a-033205c2061b,ATPC,2026-06-10,0001713210,selected,0001493152-26-027669,S-1,,2026-06-08,forms-1.htm,shelf
ea83039d-c868-4fc0-b88a-033205c2061b,ATPC,2026-06-10,0001713210,selected,0001493152-26-005495,S-3,,2026-02-06,forms-3.htm,shelf
6435b779-70a5-46dd-a2d3-7050055cf905,RKDA,2026-06-10,0001469443,selected,0001193125-26-045063,424B3,,2026-02-11,rkda-424b3-2026.htm,offering
6435b779-70a5-46dd-a2d3-7050055cf905,RKDA,2026-06-10,0001469443,selected,0001193125-26-025262,S-3,,2026-01-28,rkda-20260128.htm,shelf
4e53b046-8256-4b94-8fa5-87a60039d9a2,GCDT,2026-06-11,0001926293,selected,0001493152-26-002089,424B3,,2026-01-13,form424b3.htm,offering
4e53b046-8256-4b94-8fa5-87a60039d9a2,GCDT,2026-06-11,0001926293,selected,0001493152-26-002087,424B4,,2026-01-13,form424b4.htm,offering
9523560e-9b7c-43b9-8f7a-344c9bd25d45,CUPR,2026-06-11,0001995704,no_filings,,,,,,
a67b633a-4269-44f0-8f2e-152ed958c986,SUGP,2026-06-11,0001969863,selected,0001753926-26-000819,424B3,,2026-05-12,g085728_424b3.htm,offering
a67b633a-4269-44f0-8f2e-152ed958c986,SUGP,2026-06-11,0001969863,selected,0001753926-25-001941,F-1/A,,2025-12-22,g085046_f1a.htm,shelf
31b5c95b-e5c5-4525-b785-8b1cd1f4d6d5,CODX,2026-06-11,0001692415,selected,0001493152-26-025630,S-3,,2026-05-28,forms-3.htm,shelf
31b5c95b-e5c5-4525-b785-8b1cd1f4d6d5,CODX,2026-06-11,0001692415,selected,0001493152-26-024738,8-K,"1.01,3.02,8.01,9.01",2026-05-21,form8-k.htm,8k_items:1.01+3.02+8.01
31b5c95b-e5c5-4525-b785-8b1cd1f4d6d5,CODX,2026-06-11,0001692415,selected,0001493152-26-022504,S-3,,2026-05-12,forms-3.htm,shelf
31b5c95b-e5c5-4525-b785-8b1cd1f4d6d5,CODX,2026-06-11,0001692415,selected,0001493152-25-028570,424B5,,2025-12-19,form424b5.htm,offering
54047430-52e2-4eec-a6c5-7748538ddf58,BNZI,2026-06-11,,no_cik,,,,,,
840a0b48-c499-48a8-89c1-b4efbf8a23c1,ATPC,2026-06-11,0001713210,selected,0001493152-26-027669,S-1,,2026-06-08,forms-1.htm,shelf
840a0b48-c499-48a8-89c1-b4efbf8a23c1,ATPC,2026-06-11,0001713210,selected,0001493152-26-005495,S-3,,2026-02-06,forms-3.htm,shelf
8c3aadaa-437a-4f50-b4e0-ea67888b8177,JAGX,2026-06-11,0001585608,selected,0001193125-26-266770,8-K,"1.01,3.02,5.03,9.01",2026-06-11,d570985d8k.htm,8k_items:1.01+3.02+5.03
8c3aadaa-437a-4f50-b4e0-ea67888b8177,JAGX,2026-06-11,0001585608,selected,0001193125-26-253506,8-K,"1.01,3.02,8.01,9.01",2026-06-02,d95782d8k.htm,8k_items:1.01+3.02+8.01
8c3aadaa-437a-4f50-b4e0-ea67888b8177,JAGX,2026-06-11,0001585608,selected,0001193125-26-240645,8-K,"7.01,8.01,9.01",2026-05-27,d129501d8k.htm,8k_items:8.01
8c3aadaa-437a-4f50-b4e0-ea67888b8177,JAGX,2026-06-11,0001585608,selected,0001193125-26-237195,8-K,"1.01,8.01,9.01",2026-05-22,d138181d8k.htm,8k_items:1.01+8.01
8c3aadaa-437a-4f50-b4e0-ea67888b8177,JAGX,2026-06-11,0001585608,selected,0001193125-26-231083,8-K,"1.01,2.03,3.02,5.03,9.01",2026-05-19,d227929d8k.htm,8k_items:1.01+3.02+5.03
7c87444c-ea5b-4266-b013-10644da60f86,IOTR,2026-06-11,0001997637,no_filings,,,,,,
8bb795c1-41eb-4574-ad7e-23357e8c903d,SVRN,2026-06-11,0001869467,no_filings,,,,,,
5a3d2fa0-fa7d-40e2-a6e5-c087d7f38090,RKDA,2026-06-11,0001469443,selected,0001193125-26-045063,424B3,,2026-02-11,rkda-424b3-2026.htm,offering
5a3d2fa0-fa7d-40e2-a6e5-c087d7f38090,RKDA,2026-06-11,0001469443,selected,0001193125-26-025262,S-3,,2026-01-28,rkda-20260128.htm,shelf
3c9ff840-c5f9-4020-ab81-e3228f4e329a,NCT,2026-06-11,0002018529,selected,0001213900-26-066161,F-1,,2026-06-08,ea0291199-03.htm,shelf
3c9ff840-c5f9-4020-ab81-e3228f4e329a,NCT,2026-06-11,0002018529,selected,0001213900-26-040544,424B3,,2026-04-06,ea028468402-424b3_intercont.htm,offering
4faafffd-3b5c-40af-8783-9483d8b54893,MASK,2026-06-11,0001993097,selected,0001185185-26-002325,F-1,,2026-06-03,maskf1060126.htm,shelf
4faafffd-3b5c-40af-8783-9483d8b54893,MASK,2026-06-11,0001993097,selected,0001185185-25-002198,F-1,,2025-12-30,maskf1122925.htm,shelf
85de2834-6a7d-4ca6-8101-de836dd54995,BJDX,2026-06-11,0001704287,selected,0001213900-26-066364,8-K,"1.01,3.02,8.01,9.01",2026-06-08,ea0293390-8k_bluejay.htm,8k_items:1.01+3.02+8.01
85de2834-6a7d-4ca6-8101-de836dd54995,BJDX,2026-06-11,0001704287,selected,0001213900-26-063767,8-K,"1.01,7.01,9.01",2026-06-02,ea0293118-8k_bluejay.htm,8k_items:1.01
e71b2794-8c71-44ef-8d64-bd01841a97ac,HKIT,2026-06-12,0001742341,selected,0001213900-26-064589,424B5,,2026-06-03,ea0293322-424b5_hitek.htm,offering
e71b2794-8c71-44ef-8d64-bd01841a97ac,HKIT,2026-06-12,0001742341,selected,0001213900-26-036372,424B5,,2026-03-30,ea0283951-424b5_hitek.htm,offering
e71b2794-8c71-44ef-8d64-bd01841a97ac,HKIT,2026-06-12,0001742341,selected,0001213900-26-027662,424B5,,2026-03-13,ea0281563-424b5_hitek.htm,offering
e71b2794-8c71-44ef-8d64-bd01841a97ac,HKIT,2026-06-12,0001742341,selected,0001213900-25-124508,424B5,,2025-12-22,ea0270612-424b5_hitek.htm,offering
c937599d-9693-4126-abfb-f0eb09ff1666,RKDA,2026-06-12,0001469443,selected,0001193125-26-045063,424B3,,2026-02-11,rkda-424b3-2026.htm,offering
c937599d-9693-4126-abfb-f0eb09ff1666,RKDA,2026-06-12,0001469443,selected,0001193125-26-025262,S-3,,2026-01-28,rkda-20260128.htm,shelf
654a911d-2e7f-4439-80d7-f396656d9853,GCDT,2026-06-12,0001926293,selected,0001493152-26-002089,424B3,,2026-01-13,form424b3.htm,offering
654a911d-2e7f-4439-80d7-f396656d9853,GCDT,2026-06-12,0001926293,selected,0001493152-26-002087,424B4,,2026-01-13,form424b4.htm,offering
0c3e5b68-d531-47e0-9d47-f17ca6dd8089,MASK,2026-06-12,0001993097,selected,0001185185-26-002325,F-1,,2026-06-03,maskf1060126.htm,shelf
0c3e5b68-d531-47e0-9d47-f17ca6dd8089,MASK,2026-06-12,0001993097,selected,0001185185-25-002198,F-1,,2025-12-30,maskf1122925.htm,shelf
4e8ac27b-f89d-47b8-a881-03340bb7472b,NCT,2026-06-12,0002018529,selected,0001213900-26-066161,F-1,,2026-06-08,ea0291199-03.htm,shelf
4e8ac27b-f89d-47b8-a881-03340bb7472b,NCT,2026-06-12,0002018529,selected,0001213900-26-040544,424B3,,2026-04-06,ea028468402-424b3_intercont.htm,offering
ca3ea333-2685-4061-b887-6e08e07ea093,SUGP,2026-06-12,0001969863,selected,0001753926-26-000819,424B3,,2026-05-12,g085728_424b3.htm,offering
ca3ea333-2685-4061-b887-6e08e07ea093,SUGP,2026-06-12,0001969863,selected,0001753926-25-001941,F-1/A,,2025-12-22,g085046_f1a.htm,shelf
a70d7fcc-2614-4a53-b95e-2530b40dc027,CUPR,2026-06-12,0001995704,no_filings,,,,,,
30c57904-8793-4947-a06d-fe06c6d3f72f,BNZI,2026-06-12,,no_cik,,,,,,
f1900b48-173c-4719-be1a-b92014c7b410,BJDX,2026-06-12,0001704287,selected,0001213900-26-066364,8-K,"1.01,3.02,8.01,9.01",2026-06-08,ea0293390-8k_bluejay.htm,8k_items:1.01+3.02+8.01
f1900b48-173c-4719-be1a-b92014c7b410,BJDX,2026-06-12,0001704287,selected,0001213900-26-063767,8-K,"1.01,7.01,9.01",2026-06-02,ea0293118-8k_bluejay.htm,8k_items:1.01
3c04b894-6846-4437-ad01-21a66a4b0b8b,IOTR,2026-06-12,0001997637,no_filings,,,,,,
0a6c4813-fd1a-4b3e-aed4-e401d4cac871,JAGX,2026-06-12,0001585608,selected,0001193125-26-266770,8-K,"1.01,3.02,5.03,9.01",2026-06-11,d570985d8k.htm,8k_items:1.01+3.02+5.03
0a6c4813-fd1a-4b3e-aed4-e401d4cac871,JAGX,2026-06-12,0001585608,selected,0001193125-26-253506,8-K,"1.01,3.02,8.01,9.01",2026-06-02,d95782d8k.htm,8k_items:1.01+3.02+8.01
0a6c4813-fd1a-4b3e-aed4-e401d4cac871,JAGX,2026-06-12,0001585608,selected,0001193125-26-240645,8-K,"7.01,8.01,9.01",2026-05-27,d129501d8k.htm,8k_items:8.01
0a6c4813-fd1a-4b3e-aed4-e401d4cac871,JAGX,2026-06-12,0001585608,selected,0001193125-26-237195,8-K,"1.01,8.01,9.01",2026-05-22,d138181d8k.htm,8k_items:1.01+8.01
0a6c4813-fd1a-4b3e-aed4-e401d4cac871,JAGX,2026-06-12,0001585608,selected,0001193125-26-231083,8-K,"1.01,2.03,3.02,5.03,9.01",2026-05-19,d227929d8k.htm,8k_items:1.01+3.02+5.03
dd05315b-6c21-407b-a6da-f47d4fcc10a8,CODX,2026-06-12,0001692415,selected,0001493152-26-025630,S-3,,2026-05-28,forms-3.htm,shelf
dd05315b-6c21-407b-a6da-f47d4fcc10a8,CODX,2026-06-12,0001692415,selected,0001493152-26-024738,8-K,"1.01,3.02,8.01,9.01",2026-05-21,form8-k.htm,8k_items:1.01+3.02+8.01
dd05315b-6c21-407b-a6da-f47d4fcc10a8,CODX,2026-06-12,0001692415,selected,0001493152-26-022504,S-3,,2026-05-12,forms-3.htm,shelf
dd05315b-6c21-407b-a6da-f47d4fcc10a8,CODX,2026-06-12,0001692415,selected,0001493152-25-028570,424B5,,2025-12-19,form424b5.htm,offering
4746dc4d-8c78-4a9d-b515-bc6d1ce987fc,ATPC,2026-06-12,0001713210,selected,0001493152-26-027669,S-1,,2026-06-08,forms-1.htm,shelf
4746dc4d-8c78-4a9d-b515-bc6d1ce987fc,ATPC,2026-06-12,0001713210,selected,0001493152-26-005495,S-3,,2026-02-06,forms-3.htm,shelf
8ec7c7b2-1f91-43da-91c1-73f3055b200f,SVRN,2026-06-12,0001869467,no_filings,,,,,,
2e3f8ae9-8633-47a4-b953-274fbc172267,CODX,2026-06-15,0001692415,selected,0001493152-26-025630,S-3,,2026-05-28,forms-3.htm,shelf
2e3f8ae9-8633-47a4-b953-274fbc172267,CODX,2026-06-15,0001692415,selected,0001493152-26-024738,8-K,"1.01,3.02,8.01,9.01",2026-05-21,form8-k.htm,8k_items:1.01+3.02+8.01
2e3f8ae9-8633-47a4-b953-274fbc172267,CODX,2026-06-15,0001692415,selected,0001493152-26-022504,S-3,,2026-05-12,forms-3.htm,shelf
2e3f8ae9-8633-47a4-b953-274fbc172267,CODX,2026-06-15,0001692415,selected,0001493152-25-028570,424B5,,2025-12-19,form424b5.htm,offering
a8e2cf14-80da-497c-a666-3c3f614625cc,PW,2026-06-15,0001532619,selected,0001493152-26-024420,8-K,"7.01,8.01,9.01",2026-05-19,form8-k.htm,8k_items:8.01
302b218c-aa9c-401d-b120-aa6876a2de40,IOTR,2026-06-15,0001997637,no_filings,,,,,,
ccdf4318-cc1c-4b79-8b14-d87ad1f6e4e7,BNZI,2026-06-15,,no_cik,,,,,,
d742255f-d9bd-4078-ad9b-0ebb307ddee3,HKIT,2026-06-15,0001742341,selected,0001213900-26-064589,424B5,,2026-06-03,ea0293322-424b5_hitek.htm,offering
d742255f-d9bd-4078-ad9b-0ebb307ddee3,HKIT,2026-06-15,0001742341,selected,0001213900-26-036372,424B5,,2026-03-30,ea0283951-424b5_hitek.htm,offering
d742255f-d9bd-4078-ad9b-0ebb307ddee3,HKIT,2026-06-15,0001742341,selected,0001213900-26-027662,424B5,,2026-03-13,ea0281563-424b5_hitek.htm,offering
d742255f-d9bd-4078-ad9b-0ebb307ddee3,HKIT,2026-06-15,0001742341,selected,0001213900-25-124508,424B5,,2025-12-22,ea0270612-424b5_hitek.htm,offering
d7176fa6-acbe-46e7-bc2a-90069f3c1ff1,NCT,2026-06-15,0002018529,selected,0001213900-26-066161,F-1,,2026-06-08,ea0291199-03.htm,shelf
d7176fa6-acbe-46e7-bc2a-90069f3c1ff1,NCT,2026-06-15,0002018529,selected,0001213900-26-040544,424B3,,2026-04-06,ea028468402-424b3_intercont.htm,offering
c0a2c426-29f6-4ad5-bae3-08804833038b,MASK,2026-06-15,0001993097,selected,0001185185-26-002325,F-1,,2026-06-03,maskf1060126.htm,shelf
c0a2c426-29f6-4ad5-bae3-08804833038b,MASK,2026-06-15,0001993097,selected,0001185185-25-002198,F-1,,2025-12-30,maskf1122925.htm,shelf
6ee71c8d-cdb2-48e4-971b-dd279f2d1396,GCDT,2026-06-15,0001926293,selected,0001493152-26-002089,424B3,,2026-01-13,form424b3.htm,offering
6ee71c8d-cdb2-48e4-971b-dd279f2d1396,GCDT,2026-06-15,0001926293,selected,0001493152-26-002087,424B4,,2026-01-13,form424b4.htm,offering
0a44724d-d07e-4784-9f32-075615a14517,SUGP,2026-06-15,0001969863,selected,0001753926-26-001005,F-1,,2026-06-12,g085763_f1.htm,shelf
0a44724d-d07e-4784-9f32-075615a14517,SUGP,2026-06-15,0001969863,selected,0001753926-26-000819,424B3,,2026-05-12,g085728_424b3.htm,offering
0a44724d-d07e-4784-9f32-075615a14517,SUGP,2026-06-15,0001969863,selected,0001753926-25-001941,F-1/A,,2025-12-22,g085046_f1a.htm,shelf
28c06a9a-bf65-42d2-9611-c1b216e3b6a3,ATPC,2026-06-15,0001713210,selected,0001493152-26-027669,S-1,,2026-06-08,forms-1.htm,shelf
28c06a9a-bf65-42d2-9611-c1b216e3b6a3,ATPC,2026-06-15,0001713210,selected,0001493152-26-005495,S-3,,2026-02-06,forms-3.htm,shelf
9930d8da-917a-4f16-b2c1-b949db3a7c59,JAGX,2026-06-15,0001585608,selected,0001193125-26-266770,8-K,"1.01,3.02,5.03,9.01",2026-06-11,d570985d8k.htm,8k_items:1.01+3.02+5.03
9930d8da-917a-4f16-b2c1-b949db3a7c59,JAGX,2026-06-15,0001585608,selected,0001193125-26-253506,8-K,"1.01,3.02,8.01,9.01",2026-06-02,d95782d8k.htm,8k_items:1.01+3.02+8.01
9930d8da-917a-4f16-b2c1-b949db3a7c59,JAGX,2026-06-15,0001585608,selected,0001193125-26-240645,8-K,"7.01,8.01,9.01",2026-05-27,d129501d8k.htm,8k_items:8.01
9930d8da-917a-4f16-b2c1-b949db3a7c59,JAGX,2026-06-15,0001585608,selected,0001193125-26-237195,8-K,"1.01,8.01,9.01",2026-05-22,d138181d8k.htm,8k_items:1.01+8.01
9930d8da-917a-4f16-b2c1-b949db3a7c59,JAGX,2026-06-15,0001585608,selected,0001193125-26-231083,8-K,"1.01,2.03,3.02,5.03,9.01",2026-05-19,d227929d8k.htm,8k_items:1.01+3.02+5.03
f8271227-eb6c-4fe1-9bfb-b6d58fd29fbb,RKDA,2026-06-15,0001469443,selected,0001193125-26-045063,424B3,,2026-02-11,rkda-424b3-2026.htm,offering
f8271227-eb6c-4fe1-9bfb-b6d58fd29fbb,RKDA,2026-06-15,0001469443,selected,0001193125-26-025262,S-3,,2026-01-28,rkda-20260128.htm,shelf
cf962add-40da-450a-8b51-111db076d91d,BJDX,2026-06-15,0001704287,selected,0001213900-26-066364,8-K,"1.01,3.02,8.01,9.01",2026-06-08,ea0293390-8k_bluejay.htm,8k_items:1.01+3.02+8.01
cf962add-40da-450a-8b51-111db076d91d,BJDX,2026-06-15,0001704287,selected,0001213900-26-063767,8-K,"1.01,7.01,9.01",2026-06-02,ea0293118-8k_bluejay.htm,8k_items:1.01
37777435-cc98-4817-8e8c-86c2f76082fa,CUPR,2026-06-16,0001995704,no_filings,,,,,,
ff543953-21f3-4bf7-8a2a-c228fb052f3c,BNZI,2026-06-16,,no_cik,,,,,,
e2238f99-e156-444b-9cdd-50464ee4b5e9,PW,2026-06-16,0001532619,selected,0001493152-26-024420,8-K,"7.01,8.01,9.01",2026-05-19,form8-k.htm,8k_items:8.01
4cb0f25e-2669-4d54-9223-ba0279a1294d,CODX,2026-06-16,0001692415,selected,0001493152-26-025630,S-3,,2026-05-28,forms-3.htm,shelf
4cb0f25e-2669-4d54-9223-ba0279a1294d,CODX,2026-06-16,0001692415,selected,0001493152-26-024738,8-K,"1.01,3.02,8.01,9.01",2026-05-21,form8-k.htm,8k_items:1.01+3.02+8.01
4cb0f25e-2669-4d54-9223-ba0279a1294d,CODX,2026-06-16,0001692415,selected,0001493152-26-022504,S-3,,2026-05-12,forms-3.htm,shelf
4cb0f25e-2669-4d54-9223-ba0279a1294d,CODX,2026-06-16,0001692415,selected,0001493152-25-028570,424B5,,2025-12-19,form424b5.htm,offering
886ec147-bcf6-443c-b562-5c88fd269b64,RKDA,2026-06-16,0001469443,selected,0001193125-26-270560,8-K,"1.01,3.02,7.01,9.01",2026-06-15,rkda-20260611.htm,8k_items:1.01+3.02
886ec147-bcf6-443c-b562-5c88fd269b64,RKDA,2026-06-16,0001469443,selected,0001193125-26-045063,424B3,,2026-02-11,rkda-424b3-2026.htm,offering
886ec147-bcf6-443c-b562-5c88fd269b64,RKDA,2026-06-16,0001469443,selected,0001193125-26-025262,S-3,,2026-01-28,rkda-20260128.htm,shelf
6b1811d1-457e-4ec7-bddb-b8f964041e81,JAGX,2026-06-16,0001585608,selected,0001193125-26-266770,8-K,"1.01,3.02,5.03,9.01",2026-06-11,d570985d8k.htm,8k_items:1.01+3.02+5.03
6b1811d1-457e-4ec7-bddb-b8f964041e81,JAGX,2026-06-16,0001585608,selected,0001193125-26-253506,8-K,"1.01,3.02,8.01,9.01",2026-06-02,d95782d8k.htm,8k_items:1.01+3.02+8.01
6b1811d1-457e-4ec7-bddb-b8f964041e81,JAGX,2026-06-16,0001585608,selected,0001193125-26-240645,8-K,"7.01,8.01,9.01",2026-05-27,d129501d8k.htm,8k_items:8.01
6b1811d1-457e-4ec7-bddb-b8f964041e81,JAGX,2026-06-16,0001585608,selected,0001193125-26-237195,8-K,"1.01,8.01,9.01",2026-05-22,d138181d8k.htm,8k_items:1.01+8.01
6b1811d1-457e-4ec7-bddb-b8f964041e81,JAGX,2026-06-16,0001585608,selected,0001193125-26-231083,8-K,"1.01,2.03,3.02,5.03,9.01",2026-05-19,d227929d8k.htm,8k_items:1.01+3.02+5.03
21f6d03e-cc49-4d69-a551-938d13b078de,SUGP,2026-06-16,0001969863,selected,0001753926-26-001005,F-1,,2026-06-12,g085763_f1.htm,shelf
21f6d03e-cc49-4d69-a551-938d13b078de,SUGP,2026-06-16,0001969863,selected,0001753926-26-000819,424B3,,2026-05-12,g085728_424b3.htm,offering
21f6d03e-cc49-4d69-a551-938d13b078de,SUGP,2026-06-16,0001969863,selected,0001753926-25-001941,F-1/A,,2025-12-22,g085046_f1a.htm,shelf
d9a077bc-600d-4b54-8553-89d190f34f6d,GCDT,2026-06-16,0001926293,selected,0001493152-26-002089,424B3,,2026-01-13,form424b3.htm,offering
d9a077bc-600d-4b54-8553-89d190f34f6d,GCDT,2026-06-16,0001926293,selected,0001493152-26-002087,424B4,,2026-01-13,form424b4.htm,offering
2d43b3ee-0556-4ac2-a2c9-07237e7781d7,NCT,2026-06-16,0002018529,selected,0001213900-26-066161,F-1,,2026-06-08,ea0291199-03.htm,shelf
2d43b3ee-0556-4ac2-a2c9-07237e7781d7,NCT,2026-06-16,0002018529,selected,0001213900-26-040544,424B3,,2026-04-06,ea028468402-424b3_intercont.htm,offering
2e7581a4-fc88-4a01-94b7-abc810e1dc50,BJDX,2026-06-16,0001704287,selected,0001213900-26-066364,8-K,"1.01,3.02,8.01,9.01",2026-06-08,ea0293390-8k_bluejay.htm,8k_items:1.01+3.02+8.01
2e7581a4-fc88-4a01-94b7-abc810e1dc50,BJDX,2026-06-16,0001704287,selected,0001213900-26-063767,8-K,"1.01,7.01,9.01",2026-06-02,ea0293118-8k_bluejay.htm,8k_items:1.01
a5417381-5ac1-4f29-aa7f-7f21a50518d4,MASK,2026-06-16,0001993097,selected,0001185185-26-002325,F-1,,2026-06-03,maskf1060126.htm,shelf
a5417381-5ac1-4f29-aa7f-7f21a50518d4,MASK,2026-06-16,0001993097,selected,0001185185-25-002198,F-1,,2025-12-30,maskf1122925.htm,shelf
d06d61ef-989f-4a8c-98a4-2451c6b01288,IOTR,2026-06-16,0001997637,no_filings,,,,,,
d06bcf37-cebc-490f-9389-1acadcb0be78,ATPC,2026-06-16,0001713210,selected,0001493152-26-027669,S-1,,2026-06-08,forms-1.htm,shelf
d06bcf37-cebc-490f-9389-1acadcb0be78,ATPC,2026-06-16,0001713210,selected,0001493152-26-005495,S-3,,2026-02-06,forms-3.htm,shelf
16061fe0-b814-44b2-9fdf-93e82c3d08fe,SUGP,2026-06-17,0001969863,selected,0001753926-26-001005,F-1,,2026-06-12,g085763_f1.htm,shelf
16061fe0-b814-44b2-9fdf-93e82c3d08fe,SUGP,2026-06-17,0001969863,selected,0001753926-26-000819,424B3,,2026-05-12,g085728_424b3.htm,offering
16061fe0-b814-44b2-9fdf-93e82c3d08fe,SUGP,2026-06-17,0001969863,selected,0001753926-25-001941,F-1/A,,2025-12-22,g085046_f1a.htm,shelf
47768490-3220-401f-9cec-c1e176f92cef,CUPR,2026-06-17,0001995704,no_filings,,,,,,
80defcbd-cc85-4e8b-b9c8-a68f7559093f,BNZI,2026-06-17,,no_cik,,,,,,
3d1efda8-7d30-41c9-b1c7-dc4b83e1ab96,JAGX,2026-06-17,0001585608,selected,0001193125-26-266770,8-K,"1.01,3.02,5.03,9.01",2026-06-11,d570985d8k.htm,8k_items:1.01+3.02+5.03
3d1efda8-7d30-41c9-b1c7-dc4b83e1ab96,JAGX,2026-06-17,0001585608,selected,0001193125-26-253506,8-K,"1.01,3.02,8.01,9.01",2026-06-02,d95782d8k.htm,8k_items:1.01+3.02+8.01
3d1efda8-7d30-41c9-b1c7-dc4b83e1ab96,JAGX,2026-06-17,0001585608,selected,0001193125-26-240645,8-K,"7.01,8.01,9.01",2026-05-27,d129501d8k.htm,8k_items:8.01
3d1efda8-7d30-41c9-b1c7-dc4b83e1ab96,JAGX,2026-06-17,0001585608,selected,0001193125-26-237195,8-K,"1.01,8.01,9.01",2026-05-22,d138181d8k.htm,8k_items:1.01+8.01
3d1efda8-7d30-41c9-b1c7-dc4b83e1ab96,JAGX,2026-06-17,0001585608,selected,0001193125-26-231083,8-K,"1.01,2.03,3.02,5.03,9.01",2026-05-19,d227929d8k.htm,8k_items:1.01+3.02+5.03
1ca4e9b9-2e5e-4d31-abde-2c96bdf32981,IOTR,2026-06-17,0001997637,no_filings,,,,,,
fdad630e-e279-4fdd-978b-74b05c85f59b,RKDA,2026-06-17,0001469443,selected,0001193125-26-270560,8-K,"1.01,3.02,7.01,9.01",2026-06-15,rkda-20260611.htm,8k_items:1.01+3.02
fdad630e-e279-4fdd-978b-74b05c85f59b,RKDA,2026-06-17,0001469443,selected,0001193125-26-045063,424B3,,2026-02-11,rkda-424b3-2026.htm,offering
fdad630e-e279-4fdd-978b-74b05c85f59b,RKDA,2026-06-17,0001469443,selected,0001193125-26-025262,S-3,,2026-01-28,rkda-20260128.htm,shelf
e2dff0e8-57c4-4f24-8e82-63cd25c3e0a2,BJDX,2026-06-17,0001704287,selected,0001213900-26-066364,8-K,"1.01,3.02,8.01,9.01",2026-06-08,ea0293390-8k_bluejay.htm,8k_items:1.01+3.02+8.01
e2dff0e8-57c4-4f24-8e82-63cd25c3e0a2,BJDX,2026-06-17,0001704287,selected,0001213900-26-063767,8-K,"1.01,7.01,9.01",2026-06-02,ea0293118-8k_bluejay.htm,8k_items:1.01
35b5dca1-a1be-4165-baf9-32b5354a91b8,PW,2026-06-17,0001532619,selected,0001493152-26-024420,8-K,"7.01,8.01,9.01",2026-05-19,form8-k.htm,8k_items:8.01
6e7f1ee2-9b0d-46cd-9e72-dfc3ec9e0886,GCDT,2026-06-17,0001926293,selected,0001493152-26-002089,424B3,,2026-01-13,form424b3.htm,offering
6e7f1ee2-9b0d-46cd-9e72-dfc3ec9e0886,GCDT,2026-06-17,0001926293,selected,0001493152-26-002087,424B4,,2026-01-13,form424b4.htm,offering
204d296e-297b-4380-9a16-59c107893ce6,ATPC,2026-06-17,0001713210,selected,0001493152-26-027669,S-1,,2026-06-08,forms-1.htm,shelf
204d296e-297b-4380-9a16-59c107893ce6,ATPC,2026-06-17,0001713210,selected,0001493152-26-005495,S-3,,2026-02-06,forms-3.htm,shelf
be9e946d-a97b-4fa0-9c21-8922cf1c1b91,CODX,2026-06-17,0001692415,selected,0001493152-26-025630,S-3,,2026-05-28,forms-3.htm,shelf
be9e946d-a97b-4fa0-9c21-8922cf1c1b91,CODX,2026-06-17,0001692415,selected,0001493152-26-024738,8-K,"1.01,3.02,8.01,9.01",2026-05-21,form8-k.htm,8k_items:1.01+3.02+8.01
be9e946d-a97b-4fa0-9c21-8922cf1c1b91,CODX,2026-06-17,0001692415,selected,0001493152-26-022504,S-3,,2026-05-12,forms-3.htm,shelf
be9e946d-a97b-4fa0-9c21-8922cf1c1b91,CODX,2026-06-17,0001692415,selected,0001493152-25-028570,424B5,,2025-12-19,form424b5.htm,offering
55f44703-3731-42cc-a231-7aaaa029ba8f,MASK,2026-06-17,0001993097,selected,0001185185-26-002325,F-1,,2026-06-03,maskf1060126.htm,shelf
55f44703-3731-42cc-a231-7aaaa029ba8f,MASK,2026-06-17,0001993097,selected,0001185185-25-002198,F-1,,2025-12-30,maskf1122925.htm,shelf
ea8dc9f5-9a9e-44ad-a2c7-e39e26cb5a62,NCT,2026-06-17,0002018529,selected,0001213900-26-066161,F-1,,2026-06-08,ea0291199-03.htm,shelf
ea8dc9f5-9a9e-44ad-a2c7-e39e26cb5a62,NCT,2026-06-17,0002018529,selected,0001213900-26-040544,424B3,,2026-04-06,ea028468402-424b3_intercont.htm,offering
3634e8d2-ab57-405a-9dc6-0922fd3aac8e,VMAR,2026-06-18,0001813783,selected,0001104659-26-006277,424B5,,2026-01-23,tm263907d1_424b5.htm,offering
178c04f3-1b9d-4e1c-945c-56b4448c8196,NCT,2026-06-18,0002018529,selected,0001213900-26-066161,F-1,,2026-06-08,ea0291199-03.htm,shelf
178c04f3-1b9d-4e1c-945c-56b4448c8196,NCT,2026-06-18,0002018529,selected,0001213900-26-040544,424B3,,2026-04-06,ea028468402-424b3_intercont.htm,offering
79233d51-5e64-4558-a8ff-464aa8ec5e48,CODX,2026-06-18,0001692415,selected,0001493152-26-025630,S-3,,2026-05-28,forms-3.htm,shelf
79233d51-5e64-4558-a8ff-464aa8ec5e48,CODX,2026-06-18,0001692415,selected,0001493152-26-024738,8-K,"1.01,3.02,8.01,9.01",2026-05-21,form8-k.htm,8k_items:1.01+3.02+8.01
79233d51-5e64-4558-a8ff-464aa8ec5e48,CODX,2026-06-18,0001692415,selected,0001493152-26-022504,S-3,,2026-05-12,forms-3.htm,shelf
e8ec4b02-4875-49c5-a254-b713eeeac593,BNZI,2026-06-18,,no_cik,,,,,,
7fe4b5b3-98c0-4830-bb97-9914d07d7aae,SUGP,2026-06-18,0001969863,selected,0001753926-26-001005,F-1,,2026-06-12,g085763_f1.htm,shelf
7fe4b5b3-98c0-4830-bb97-9914d07d7aae,SUGP,2026-06-18,0001969863,selected,0001753926-26-000819,424B3,,2026-05-12,g085728_424b3.htm,offering
7fe4b5b3-98c0-4830-bb97-9914d07d7aae,SUGP,2026-06-18,0001969863,selected,0001753926-25-001941,F-1/A,,2025-12-22,g085046_f1a.htm,shelf
273063f7-9ab9-4470-a62a-5cd540da11f1,ATPC,2026-06-18,0001713210,selected,0001493152-26-027669,S-1,,2026-06-08,forms-1.htm,shelf
273063f7-9ab9-4470-a62a-5cd540da11f1,ATPC,2026-06-18,0001713210,selected,0001493152-26-005495,S-3,,2026-02-06,forms-3.htm,shelf
c67d532e-4acc-4304-aa6c-4a91ecc48325,IOTR,2026-06-18,0001997637,no_filings,,,,,,
f844f3ff-4c05-4d07-bbf6-f6b7ff0dce63,JAGX,2026-06-18,0001585608,selected,0001193125-26-266770,8-K,"1.01,3.02,5.03,9.01",2026-06-11,d570985d8k.htm,8k_items:1.01+3.02+5.03
f844f3ff-4c05-4d07-bbf6-f6b7ff0dce63,JAGX,2026-06-18,0001585608,selected,0001193125-26-253506,8-K,"1.01,3.02,8.01,9.01",2026-06-02,d95782d8k.htm,8k_items:1.01+3.02+8.01
f844f3ff-4c05-4d07-bbf6-f6b7ff0dce63,JAGX,2026-06-18,0001585608,selected,0001193125-26-240645,8-K,"7.01,8.01,9.01",2026-05-27,d129501d8k.htm,8k_items:8.01
f844f3ff-4c05-4d07-bbf6-f6b7ff0dce63,JAGX,2026-06-18,0001585608,selected,0001193125-26-237195,8-K,"1.01,8.01,9.01",2026-05-22,d138181d8k.htm,8k_items:1.01+8.01
f844f3ff-4c05-4d07-bbf6-f6b7ff0dce63,JAGX,2026-06-18,0001585608,selected,0001193125-26-231083,8-K,"1.01,2.03,3.02,5.03,9.01",2026-05-19,d227929d8k.htm,8k_items:1.01+3.02+5.03
3d3c970d-afbe-4f38-9da9-81fb2c8df634,PW,2026-06-18,0001532619,selected,0001493152-26-024420,8-K,"7.01,8.01,9.01",2026-05-19,form8-k.htm,8k_items:8.01
a668e5db-6cd0-41df-8bc8-9245c69d250f,SVRN,2026-06-18,0001869467,no_filings,,,,,,
fe9ddcec-5d91-40e1-ae89-757342e5ca67,GCDT,2026-06-18,0001926293,selected,0001493152-26-002089,424B3,,2026-01-13,form424b3.htm,offering
fe9ddcec-5d91-40e1-ae89-757342e5ca67,GCDT,2026-06-18,0001926293,selected,0001493152-26-002087,424B4,,2026-01-13,form424b4.htm,offering
7bcba67a-a77c-40b0-9cb6-6100665eb9c9,BJDX,2026-06-18,0001704287,selected,0001213900-26-069727,S-3,,2026-06-17,ea0294889-s3_bluejay.htm,shelf
7bcba67a-a77c-40b0-9cb6-6100665eb9c9,BJDX,2026-06-18,0001704287,selected,0001213900-26-066364,8-K,"1.01,3.02,8.01,9.01",2026-06-08,ea0293390-8k_bluejay.htm,8k_items:1.01+3.02+8.01
7bcba67a-a77c-40b0-9cb6-6100665eb9c9,BJDX,2026-06-18,0001704287,selected,0001213900-26-063767,8-K,"1.01,7.01,9.01",2026-06-02,ea0293118-8k_bluejay.htm,8k_items:1.01
fbd2e071-42cb-432b-9482-d84f22ca3ff1,MASK,2026-06-18,0001993097,selected,0001185185-26-002325,F-1,,2026-06-03,maskf1060126.htm,shelf
fbd2e071-42cb-432b-9482-d84f22ca3ff1,MASK,2026-06-18,0001993097,selected,0001185185-25-002198,F-1,,2025-12-30,maskf1122925.htm,shelf
6cba8fcb-7b3a-473b-bd1b-4419802f6557,RKDA,2026-06-18,0001469443,selected,0001193125-26-270560,8-K,"1.01,3.02,7.01,9.01",2026-06-15,rkda-20260611.htm,8k_items:1.01+3.02
6cba8fcb-7b3a-473b-bd1b-4419802f6557,RKDA,2026-06-18,0001469443,selected,0001193125-26-045063,424B3,,2026-02-11,rkda-424b3-2026.htm,offering
6cba8fcb-7b3a-473b-bd1b-4419802f6557,RKDA,2026-06-18,0001469443,selected,0001193125-26-025262,S-3,,2026-01-28,rkda-20260128.htm,shelf
2678d239-f13e-4968-85ab-1832b75a6961,CUPR,2026-06-18,0001995704,no_filings,,,,,,
f26c197e-1610-475e-bf5f-00c068efe99b,ATPC,2026-06-19,0001713210,selected,0001493152-26-027669,S-1,,2026-06-08,forms-1.htm,shelf
f26c197e-1610-475e-bf5f-00c068efe99b,ATPC,2026-06-19,0001713210,selected,0001493152-26-005495,S-3,,2026-02-06,forms-3.htm,shelf
9bc76c7b-11f7-4623-a4af-0e72ad8eb653,VMAR,2026-06-19,0001813783,selected,0001104659-26-006277,424B5,,2026-01-23,tm263907d1_424b5.htm,offering
c6104475-6aaf-4b3a-b704-4dde20ec5d14,CUPR,2026-06-19,0001995704,no_filings,,,,,,
35760fb3-6ab1-4a54-ad5d-21f4074cf710,JAGX,2026-06-19,0001585608,selected,0001193125-26-276103,8-K,"1.01,2.03,3.02,9.01",2026-06-18,d111863d8k.htm,8k_items:1.01+3.02
35760fb3-6ab1-4a54-ad5d-21f4074cf710,JAGX,2026-06-19,0001585608,selected,0001193125-26-266770,8-K,"1.01,3.02,5.03,9.01",2026-06-11,d570985d8k.htm,8k_items:1.01+3.02+5.03
35760fb3-6ab1-4a54-ad5d-21f4074cf710,JAGX,2026-06-19,0001585608,selected,0001193125-26-253506,8-K,"1.01,3.02,8.01,9.01",2026-06-02,d95782d8k.htm,8k_items:1.01+3.02+8.01
35760fb3-6ab1-4a54-ad5d-21f4074cf710,JAGX,2026-06-19,0001585608,selected,0001193125-26-240645,8-K,"7.01,8.01,9.01",2026-05-27,d129501d8k.htm,8k_items:8.01
35760fb3-6ab1-4a54-ad5d-21f4074cf710,JAGX,2026-06-19,0001585608,selected,0001193125-26-237195,8-K,"1.01,8.01,9.01",2026-05-22,d138181d8k.htm,8k_items:1.01+8.01
ec362f8c-9799-4f14-9a40-0fd14f3fe277,BNZI,2026-06-19,,no_cik,,,,,,
503bf060-bfa0-4f19-b179-c727ba9846c2,NCT,2026-06-19,0002018529,selected,0001213900-26-069967,F-1/A,,2026-06-18,ea0291199-04.htm,shelf
503bf060-bfa0-4f19-b179-c727ba9846c2,NCT,2026-06-19,0002018529,selected,0001213900-26-066161,F-1,,2026-06-08,ea0291199-03.htm,shelf
503bf060-bfa0-4f19-b179-c727ba9846c2,NCT,2026-06-19,0002018529,selected,0001213900-26-040544,424B3,,2026-04-06,ea028468402-424b3_intercont.htm,offering
0db7637f-9f8b-43fe-81ae-1adb0ad2a810,RKDA,2026-06-19,0001469443,selected,0001193125-26-270560,8-K,"1.01,3.02,7.01,9.01",2026-06-15,rkda-20260611.htm,8k_items:1.01+3.02
0db7637f-9f8b-43fe-81ae-1adb0ad2a810,RKDA,2026-06-19,0001469443,selected,0001193125-26-045063,424B3,,2026-02-11,rkda-424b3-2026.htm,offering
0db7637f-9f8b-43fe-81ae-1adb0ad2a810,RKDA,2026-06-19,0001469443,selected,0001193125-26-025262,S-3,,2026-01-28,rkda-20260128.htm,shelf
e473f4b4-17c5-4671-86fe-4abeb101c52d,GCDT,2026-06-19,0001926293,selected,0001493152-26-002089,424B3,,2026-01-13,form424b3.htm,offering
e473f4b4-17c5-4671-86fe-4abeb101c52d,GCDT,2026-06-19,0001926293,selected,0001493152-26-002087,424B4,,2026-01-13,form424b4.htm,offering
2d544029-3795-4044-bd55-02c0c4f25c83,MASK,2026-06-19,0001993097,selected,0001185185-26-002325,F-1,,2026-06-03,maskf1060126.htm,shelf
2d544029-3795-4044-bd55-02c0c4f25c83,MASK,2026-06-19,0001993097,selected,0001185185-25-002198,F-1,,2025-12-30,maskf1122925.htm,shelf
ea094066-9b6a-40a5-bae0-647058adfb4c,PW,2026-06-19,0001532619,no_filings,,,,,,
7c908c2a-94ca-4e7a-8756-86ca8536ead4,SUGP,2026-06-19,0001969863,selected,0001753926-26-001005,F-1,,2026-06-12,g085763_f1.htm,shelf
7c908c2a-94ca-4e7a-8756-86ca8536ead4,SUGP,2026-06-19,0001969863,selected,0001753926-26-000819,424B3,,2026-05-12,g085728_424b3.htm,offering
7c908c2a-94ca-4e7a-8756-86ca8536ead4,SUGP,2026-06-19,0001969863,selected,0001753926-25-001941,F-1/A,,2025-12-22,g085046_f1a.htm,shelf
df8b0b5c-103e-4f71-a2db-3c3b72a374cd,IOTR,2026-06-19,0001997637,no_filings,,,,,,
3e6bf86d-5ebb-4712-8b87-fafdfaef362f,CODX,2026-06-19,0001692415,selected,0001493152-26-025630,S-3,,2026-05-28,forms-3.htm,shelf
3e6bf86d-5ebb-4712-8b87-fafdfaef362f,CODX,2026-06-19,0001692415,selected,0001493152-26-024738,8-K,"1.01,3.02,8.01,9.01",2026-05-21,form8-k.htm,8k_items:1.01+3.02+8.01
3e6bf86d-5ebb-4712-8b87-fafdfaef362f,CODX,2026-06-19,0001692415,selected,0001493152-26-022504,S-3,,2026-05-12,forms-3.htm,shelf
e50ecaa6-4937-4b01-a779-db0112c92fae,BJDX,2026-06-19,0001704287,selected,0001213900-26-069727,S-3,,2026-06-17,ea0294889-s3_bluejay.htm,shelf
e50ecaa6-4937-4b01-a779-db0112c92fae,BJDX,2026-06-19,0001704287,selected,0001213900-26-066364,8-K,"1.01,3.02,8.01,9.01",2026-06-08,ea0293390-8k_bluejay.htm,8k_items:1.01+3.02+8.01
e50ecaa6-4937-4b01-a779-db0112c92fae,BJDX,2026-06-19,0001704287,selected,0001213900-26-063767,8-K,"1.01,7.01,9.01",2026-06-02,ea0293118-8k_bluejay.htm,8k_items:1.01
da424d77-55cb-4b0d-973c-0fc8722cb079,ATPC,2026-06-22,0001713210,selected,0001493152-26-027669,S-1,,2026-06-08,forms-1.htm,shelf
da424d77-55cb-4b0d-973c-0fc8722cb079,ATPC,2026-06-22,0001713210,selected,0001493152-26-005495,S-3,,2026-02-06,forms-3.htm,shelf
cd0fa419-39fc-4b94-a36e-fb2cfc591d5e,VMAR,2026-06-22,0001813783,selected,0001104659-26-006277,424B5,,2026-01-23,tm263907d1_424b5.htm,offering
cc67915c-d926-4b15-af5f-374eb8ecaff7,CUPR,2026-06-22,0001995704,no_filings,,,,,,
8dce3b43-5d62-4fcf-831b-fd9f3ef9bfb0,JAGX,2026-06-22,0001585608,selected,0001193125-26-276103,8-K,"1.01,2.03,3.02,9.01",2026-06-18,d111863d8k.htm,8k_items:1.01+3.02
8dce3b43-5d62-4fcf-831b-fd9f3ef9bfb0,JAGX,2026-06-22,0001585608,selected,0001193125-26-266770,8-K,"1.01,3.02,5.03,9.01",2026-06-11,d570985d8k.htm,8k_items:1.01+3.02+5.03
8dce3b43-5d62-4fcf-831b-fd9f3ef9bfb0,JAGX,2026-06-22,0001585608,selected,0001193125-26-253506,8-K,"1.01,3.02,8.01,9.01",2026-06-02,d95782d8k.htm,8k_items:1.01+3.02+8.01
8dce3b43-5d62-4fcf-831b-fd9f3ef9bfb0,JAGX,2026-06-22,0001585608,selected,0001193125-26-240645,8-K,"7.01,8.01,9.01",2026-05-27,d129501d8k.htm,8k_items:8.01
842ae6a0-e307-4cf8-8ec9-698e776a42d9,BNZI,2026-06-22,,no_cik,,,,,,
dcbea135-f878-45b4-bcfe-1dc0c81c9355,NCT,2026-06-22,0002018529,selected,0001213900-26-069967,F-1/A,,2026-06-18,ea0291199-04.htm,shelf
dcbea135-f878-45b4-bcfe-1dc0c81c9355,NCT,2026-06-22,0002018529,selected,0001213900-26-066161,F-1,,2026-06-08,ea0291199-03.htm,shelf
dcbea135-f878-45b4-bcfe-1dc0c81c9355,NCT,2026-06-22,0002018529,selected,0001213900-26-040544,424B3,,2026-04-06,ea028468402-424b3_intercont.htm,offering
6445c9b9-81f2-49c8-a9a0-65ebc3512c19,RKDA,2026-06-22,0001469443,selected,0001193125-26-270560,8-K,"1.01,3.02,7.01,9.01",2026-06-15,rkda-20260611.htm,8k_items:1.01+3.02
6445c9b9-81f2-49c8-a9a0-65ebc3512c19,RKDA,2026-06-22,0001469443,selected,0001193125-26-045063,424B3,,2026-02-11,rkda-424b3-2026.htm,offering
6445c9b9-81f2-49c8-a9a0-65ebc3512c19,RKDA,2026-06-22,0001469443,selected,0001193125-26-025262,S-3,,2026-01-28,rkda-20260128.htm,shelf
4a02d7e2-94aa-4407-8cd4-690c0199d3da,GCDT,2026-06-22,0001926293,selected,0001493152-26-002089,424B3,,2026-01-13,form424b3.htm,offering
4a02d7e2-94aa-4407-8cd4-690c0199d3da,GCDT,2026-06-22,0001926293,selected,0001493152-26-002087,424B4,,2026-01-13,form424b4.htm,offering
97e092a8-0e7e-4a8f-b348-4560f1c2a5b6,MASK,2026-06-22,0001993097,selected,0001185185-26-002325,F-1,,2026-06-03,maskf1060126.htm,shelf
97e092a8-0e7e-4a8f-b348-4560f1c2a5b6,MASK,2026-06-22,0001993097,selected,0001185185-25-002198,F-1,,2025-12-30,maskf1122925.htm,shelf
036afdd7-697a-4eb3-807e-29b21f2b0d28,PW,2026-06-22,0001532619,no_filings,,,,,,
059ea9c5-3643-48f7-ac1f-7cfca364609d,SUGP,2026-06-22,0001969863,selected,0001753926-26-001031,424B3,,2026-06-22,g085773_424.htm,offering
059ea9c5-3643-48f7-ac1f-7cfca364609d,SUGP,2026-06-22,0001969863,selected,0001753926-26-001005,F-1,,2026-06-12,g085763_f1.htm,shelf
059ea9c5-3643-48f7-ac1f-7cfca364609d,SUGP,2026-06-22,0001969863,selected,0001753926-26-000819,424B3,,2026-05-12,g085728_424b3.htm,offering
898116aa-638a-4c07-bce4-b1b6aca21de7,IOTR,2026-06-22,0001997637,no_filings,,,,,,
e66538d1-274a-4445-8ada-3a70f8b1861b,CODX,2026-06-22,0001692415,selected,0001493152-26-025630,S-3,,2026-05-28,forms-3.htm,shelf
e66538d1-274a-4445-8ada-3a70f8b1861b,CODX,2026-06-22,0001692415,selected,0001493152-26-022504,S-3,,2026-05-12,forms-3.htm,shelf
3582488a-427e-4315-ba5f-35063c009b34,BJDX,2026-06-22,0001704287,selected,0001213900-26-069727,S-3,,2026-06-17,ea0294889-s3_bluejay.htm,shelf
3582488a-427e-4315-ba5f-35063c009b34,BJDX,2026-06-22,0001704287,selected,0001213900-26-066364,8-K,"1.01,3.02,8.01,9.01",2026-06-08,ea0293390-8k_bluejay.htm,8k_items:1.01+3.02+8.01
3582488a-427e-4315-ba5f-35063c009b34,BJDX,2026-06-22,0001704287,selected,0001213900-26-063767,8-K,"1.01,7.01,9.01",2026-06-02,ea0293118-8k_bluejay.htm,8k_items:1.01
c5ceb533-8ddf-4e95-9aa1-38805ab16ab4,JAGX,2026-06-23,0001585608,selected,0001193125-26-276103,8-K,"1.01,2.03,3.02,9.01",2026-06-18,d111863d8k.htm,8k_items:1.01+3.02
c5ceb533-8ddf-4e95-9aa1-38805ab16ab4,JAGX,2026-06-23,0001585608,selected,0001193125-26-266770,8-K,"1.01,3.02,5.03,9.01",2026-06-11,d570985d8k.htm,8k_items:1.01+3.02+5.03
c5ceb533-8ddf-4e95-9aa1-38805ab16ab4,JAGX,2026-06-23,0001585608,selected,0001193125-26-253506,8-K,"1.01,3.02,8.01,9.01",2026-06-02,d95782d8k.htm,8k_items:1.01+3.02+8.01
c5ceb533-8ddf-4e95-9aa1-38805ab16ab4,JAGX,2026-06-23,0001585608,selected,0001193125-26-240645,8-K,"7.01,8.01,9.01",2026-05-27,d129501d8k.htm,8k_items:8.01
61cfba79-e200-4c55-a7a4-f86f3d0d9b31,SUGP,2026-06-23,0001969863,selected,0001753926-26-001031,424B3,,2026-06-22,g085773_424.htm,offering
61cfba79-e200-4c55-a7a4-f86f3d0d9b31,SUGP,2026-06-23,0001969863,selected,0001753926-26-001005,F-1,,2026-06-12,g085763_f1.htm,shelf
61cfba79-e200-4c55-a7a4-f86f3d0d9b31,SUGP,2026-06-23,0001969863,selected,0001753926-26-000819,424B3,,2026-05-12,g085728_424b3.htm,offering
4cd02779-42ee-4fc0-b0b8-3461a7dc8ed1,BJDX,2026-06-23,0001704287,selected,0001213900-26-069727,S-3,,2026-06-17,ea0294889-s3_bluejay.htm,shelf
4cd02779-42ee-4fc0-b0b8-3461a7dc8ed1,BJDX,2026-06-23,0001704287,selected,0001213900-26-066364,8-K,"1.01,3.02,8.01,9.01",2026-06-08,ea0293390-8k_bluejay.htm,8k_items:1.01+3.02+8.01
4cd02779-42ee-4fc0-b0b8-3461a7dc8ed1,BJDX,2026-06-23,0001704287,selected,0001213900-26-063767,8-K,"1.01,7.01,9.01",2026-06-02,ea0293118-8k_bluejay.htm,8k_items:1.01
6ad4b4d6-486a-4da2-bf42-31ca9079bcdd,VMAR,2026-06-23,0001813783,selected,0001104659-26-006277,424B5,,2026-01-23,tm263907d1_424b5.htm,offering
232e3553-0168-4f10-890c-997ff2e66c6b,CUPR,2026-06-23,0001995704,no_filings,,,,,,
edcf82a0-7943-4e15-8dee-a0ebed8ed469,SVRN,2026-06-23,0001869467,no_filings,,,,,,
e490eb14-ea8a-407c-9911-8cb9d4bd7589,BNZI,2026-06-23,,no_cik,,,,,,
821009bb-394c-437b-a527-ab73305048a5,CODX,2026-06-23,0001692415,selected,0001493152-26-025630,S-3,,2026-05-28,forms-3.htm,shelf
821009bb-394c-437b-a527-ab73305048a5,CODX,2026-06-23,0001692415,selected,0001493152-26-022504,S-3,,2026-05-12,forms-3.htm,shelf
0eb5a331-e63d-4545-a0e5-ea8c3f096d6e,IOTR,2026-06-23,0001997637,no_filings,,,,,,
fc6713df-0b26-4904-864c-e332e3170607,MASK,2026-06-23,0001993097,selected,0001185185-26-002325,F-1,,2026-06-03,maskf1060126.htm,shelf
fc6713df-0b26-4904-864c-e332e3170607,MASK,2026-06-23,0001993097,selected,0001185185-25-002198,F-1,,2025-12-30,maskf1122925.htm,shelf
43e20f6e-fbfa-4750-a769-d672cdb8b120,ATPC,2026-06-23,0001713210,selected,0001493152-26-027669,S-1,,2026-06-08,forms-1.htm,shelf
43e20f6e-fbfa-4750-a769-d672cdb8b120,ATPC,2026-06-23,0001713210,selected,0001493152-26-005495,S-3,,2026-02-06,forms-3.htm,shelf
9db6f5cf-bdee-4e1e-88c1-88338002cd50,NCT,2026-06-23,0002018529,selected,0001213900-26-069967,F-1/A,,2026-06-18,ea0291199-04.htm,shelf
9db6f5cf-bdee-4e1e-88c1-88338002cd50,NCT,2026-06-23,0002018529,selected,0001213900-26-066161,F-1,,2026-06-08,ea0291199-03.htm,shelf
9db6f5cf-bdee-4e1e-88c1-88338002cd50,NCT,2026-06-23,0002018529,selected,0001213900-26-040544,424B3,,2026-04-06,ea028468402-424b3_intercont.htm,offering
cb5dbce5-3844-4f67-a791-2cbfab5fc155,PW,2026-06-23,0001532619,no_filings,,,,,,
4d1094f3-7bce-4276-bee6-bc03fa4c0727,GCDT,2026-06-23,0001926293,selected,0001493152-26-002089,424B3,,2026-01-13,form424b3.htm,offering
4d1094f3-7bce-4276-bee6-bc03fa4c0727,GCDT,2026-06-23,0001926293,selected,0001493152-26-002087,424B4,,2026-01-13,form424b4.htm,offering
f8709ec8-3873-4522-a506-4f7a2db171db,RKDA,2026-06-23,0001469443,selected,0001193125-26-270560,8-K,"1.01,3.02,7.01,9.01",2026-06-15,rkda-20260611.htm,8k_items:1.01+3.02
f8709ec8-3873-4522-a506-4f7a2db171db,RKDA,2026-06-23,0001469443,selected,0001193125-26-045063,424B3,,2026-02-11,rkda-424b3-2026.htm,offering
f8709ec8-3873-4522-a506-4f7a2db171db,RKDA,2026-06-23,0001469443,selected,0001193125-26-025262,S-3,,2026-01-28,rkda-20260128.htm,shelf
104c05e3-10d9-4958-8865-f2aeea2ab288,ATPC,2026-06-24,0001713210,selected,0001493152-26-027669,S-1,,2026-06-08,forms-1.htm,shelf
104c05e3-10d9-4958-8865-f2aeea2ab288,ATPC,2026-06-24,0001713210,selected,0001493152-26-005495,S-3,,2026-02-06,forms-3.htm,shelf
cf82ba16-eadc-4f8d-949d-f46db0a127e1,SUGP,2026-06-24,0001969863,selected,0001753926-26-001031,424B3,,2026-06-22,g085773_424.htm,offering
cf82ba16-eadc-4f8d-949d-f46db0a127e1,SUGP,2026-06-24,0001969863,selected,0001753926-26-001005,F-1,,2026-06-12,g085763_f1.htm,shelf
cf82ba16-eadc-4f8d-949d-f46db0a127e1,SUGP,2026-06-24,0001969863,selected,0001753926-26-000819,424B3,,2026-05-12,g085728_424b3.htm,offering
41b7c103-68c4-4422-9eb2-af2c737728fb,RKDA,2026-06-24,0001469443,selected,0001193125-26-270560,8-K,"1.01,3.02,7.01,9.01",2026-06-15,rkda-20260611.htm,8k_items:1.01+3.02
41b7c103-68c4-4422-9eb2-af2c737728fb,RKDA,2026-06-24,0001469443,selected,0001193125-26-045063,424B3,,2026-02-11,rkda-424b3-2026.htm,offering
41b7c103-68c4-4422-9eb2-af2c737728fb,RKDA,2026-06-24,0001469443,selected,0001193125-26-025262,S-3,,2026-01-28,rkda-20260128.htm,shelf
86eb2b18-1d63-4bca-8f4d-cc05747fdcad,JAGX,2026-06-24,0001585608,selected,0001193125-26-276103,8-K,"1.01,2.03,3.02,9.01",2026-06-18,d111863d8k.htm,8k_items:1.01+3.02
86eb2b18-1d63-4bca-8f4d-cc05747fdcad,JAGX,2026-06-24,0001585608,selected,0001193125-26-266770,8-K,"1.01,3.02,5.03,9.01",2026-06-11,d570985d8k.htm,8k_items:1.01+3.02+5.03
86eb2b18-1d63-4bca-8f4d-cc05747fdcad,JAGX,2026-06-24,0001585608,selected,0001193125-26-253506,8-K,"1.01,3.02,8.01,9.01",2026-06-02,d95782d8k.htm,8k_items:1.01+3.02+8.01
86eb2b18-1d63-4bca-8f4d-cc05747fdcad,JAGX,2026-06-24,0001585608,selected,0001193125-26-240645,8-K,"7.01,8.01,9.01",2026-05-27,d129501d8k.htm,8k_items:8.01
c3244c43-0387-42da-8222-83c56938d37d,VMAR,2026-06-24,0001813783,selected,0001104659-26-006277,424B5,,2026-01-23,tm263907d1_424b5.htm,offering
1704e6f1-fbe4-406e-877b-c99a40cefa52,CODX,2026-06-24,0001692415,selected,0001493152-26-025630,S-3,,2026-05-28,forms-3.htm,shelf
1704e6f1-fbe4-406e-877b-c99a40cefa52,CODX,2026-06-24,0001692415,selected,0001493152-26-022504,S-3,,2026-05-12,forms-3.htm,shelf
f53b068a-cb11-4be4-a444-a7a884253a8a,IOTR,2026-06-24,0001997637,no_filings,,,,,,
eb7e19bb-ae75-4d89-83f9-1d54adbe2cbc,GCDT,2026-06-24,0001926293,selected,0001493152-26-002089,424B3,,2026-01-13,form424b3.htm,offering
eb7e19bb-ae75-4d89-83f9-1d54adbe2cbc,GCDT,2026-06-24,0001926293,selected,0001493152-26-002087,424B4,,2026-01-13,form424b4.htm,offering
1ac17276-0ba3-4dc1-b6a3-4bbf096140a9,SVRN,2026-06-24,0001869467,no_filings,,,,,,
9f3fa1ff-a583-4e16-829f-2b89c1a8d2a6,MASK,2026-06-24,0001993097,selected,0001185185-26-002325,F-1,,2026-06-03,maskf1060126.htm,shelf
9f3fa1ff-a583-4e16-829f-2b89c1a8d2a6,MASK,2026-06-24,0001993097,selected,0001185185-25-002198,F-1,,2025-12-30,maskf1122925.htm,shelf
abaae149-13a6-487d-a4e0-fe2cce035fb5,PW,2026-06-24,0001532619,no_filings,,,,,,
99f66bb5-7e28-498a-8c8a-88661e8986ac,BNZI,2026-06-24,,no_cik,,,,,,
d08678c4-e1ff-44e2-99a5-93fee27461a2,NCT,2026-06-24,0002018529,selected,0001213900-26-069967,F-1/A,,2026-06-18,ea0291199-04.htm,shelf
d08678c4-e1ff-44e2-99a5-93fee27461a2,NCT,2026-06-24,0002018529,selected,0001213900-26-066161,F-1,,2026-06-08,ea0291199-03.htm,shelf
d08678c4-e1ff-44e2-99a5-93fee27461a2,NCT,2026-06-24,0002018529,selected,0001213900-26-040544,424B3,,2026-04-06,ea028468402-424b3_intercont.htm,offering
40c7d6d6-8d3d-4375-a47f-6727112409a1,BJDX,2026-06-24,0001704287,selected,0001213900-26-069727,S-3,,2026-06-17,ea0294889-s3_bluejay.htm,shelf
40c7d6d6-8d3d-4375-a47f-6727112409a1,BJDX,2026-06-24,0001704287,selected,0001213900-26-066364,8-K,"1.01,3.02,8.01,9.01",2026-06-08,ea0293390-8k_bluejay.htm,8k_items:1.01+3.02+8.01
40c7d6d6-8d3d-4375-a47f-6727112409a1,BJDX,2026-06-24,0001704287,selected,0001213900-26-063767,8-K,"1.01,7.01,9.01",2026-06-02,ea0293118-8k_bluejay.htm,8k_items:1.01
6daf2b0e-5b39-4249-b76f-b29d32db5720,CUPR,2026-06-24,0001995704,no_filings,,,,,,
8f22c24e-a902-4d14-b960-13e36d90c31d,VMAR,2026-06-25,0001813783,selected,0001104659-26-006277,424B5,,2026-01-23,tm263907d1_424b5.htm,offering
0912c8d1-22f2-4197-9814-3aa52ae68b43,CUPR,2026-06-25,0001995704,no_filings,,,,,,
81a88a24-86e9-40d2-853f-40875f329654,BJDX,2026-06-25,0001704287,selected,0001213900-26-069727,S-3,,2026-06-17,ea0294889-s3_bluejay.htm,shelf
81a88a24-86e9-40d2-853f-40875f329654,BJDX,2026-06-25,0001704287,selected,0001213900-26-066364,8-K,"1.01,3.02,8.01,9.01",2026-06-08,ea0293390-8k_bluejay.htm,8k_items:1.01+3.02+8.01
81a88a24-86e9-40d2-853f-40875f329654,BJDX,2026-06-25,0001704287,selected,0001213900-26-063767,8-K,"1.01,7.01,9.01",2026-06-02,ea0293118-8k_bluejay.htm,8k_items:1.01
a45e8080-b4eb-4b92-aa65-259161cad8cb,GCDT,2026-06-25,0001926293,selected,0001493152-26-002089,424B3,,2026-01-13,form424b3.htm,offering
a45e8080-b4eb-4b92-aa65-259161cad8cb,GCDT,2026-06-25,0001926293,selected,0001493152-26-002087,424B4,,2026-01-13,form424b4.htm,offering
28d8be1c-b9f4-4e33-860e-021251c5fdf1,CODX,2026-06-25,0001692415,selected,0001493152-26-025630,S-3,,2026-05-28,forms-3.htm,shelf
28d8be1c-b9f4-4e33-860e-021251c5fdf1,CODX,2026-06-25,0001692415,selected,0001493152-26-022504,S-3,,2026-05-12,forms-3.htm,shelf
6ee865c7-3f71-4cea-ac7a-e9d9281ff5e9,BNZI,2026-06-25,,no_cik,,,,,,
6655905d-a0a5-47c3-bb0f-687696067479,SVRN,2026-06-25,0001869467,no_filings,,,,,,
7cca81b4-f4e7-4ffd-97be-111aec2067b9,JAGX,2026-06-25,0001585608,selected,0001193125-26-281969,8-K,"1.01,8.01,9.01",2026-06-25,d110630d8k.htm,8k_items:1.01+8.01
7cca81b4-f4e7-4ffd-97be-111aec2067b9,JAGX,2026-06-25,0001585608,selected,0001193125-26-276103,8-K,"1.01,2.03,3.02,9.01",2026-06-18,d111863d8k.htm,8k_items:1.01+3.02
7cca81b4-f4e7-4ffd-97be-111aec2067b9,JAGX,2026-06-25,0001585608,selected,0001193125-26-266770,8-K,"1.01,3.02,5.03,9.01",2026-06-11,d570985d8k.htm,8k_items:1.01+3.02+5.03
7cca81b4-f4e7-4ffd-97be-111aec2067b9,JAGX,2026-06-25,0001585608,selected,0001193125-26-253506,8-K,"1.01,3.02,8.01,9.01",2026-06-02,d95782d8k.htm,8k_items:1.01+3.02+8.01
7cca81b4-f4e7-4ffd-97be-111aec2067b9,JAGX,2026-06-25,0001585608,selected,0001193125-26-240645,8-K,"7.01,8.01,9.01",2026-05-27,d129501d8k.htm,8k_items:8.01
1e278ec0-f6a3-4cca-979f-ad5b33fdf778,RKDA,2026-06-25,0001469443,selected,0001193125-26-270560,8-K,"1.01,3.02,7.01,9.01",2026-06-15,rkda-20260611.htm,8k_items:1.01+3.02
1e278ec0-f6a3-4cca-979f-ad5b33fdf778,RKDA,2026-06-25,0001469443,selected,0001193125-26-045063,424B3,,2026-02-11,rkda-424b3-2026.htm,offering
1e278ec0-f6a3-4cca-979f-ad5b33fdf778,RKDA,2026-06-25,0001469443,selected,0001193125-26-025262,S-3,,2026-01-28,rkda-20260128.htm,shelf
a68a684a-64ba-49ff-80d1-dc4129eec4f2,IOTR,2026-06-25,0001997637,no_filings,,,,,,
e64923f3-9079-49f7-83fa-e565722a935f,MASK,2026-06-25,0001993097,selected,0001185185-26-002628,F-1/A,,2026-06-24,maskf1a1062426.htm,shelf
e64923f3-9079-49f7-83fa-e565722a935f,MASK,2026-06-25,0001993097,selected,0001185185-26-002325,F-1,,2026-06-03,maskf1060126.htm,shelf
e64923f3-9079-49f7-83fa-e565722a935f,MASK,2026-06-25,0001993097,selected,0001185185-25-002198,F-1,,2025-12-30,maskf1122925.htm,shelf
01d550eb-3ad4-471e-ac3b-da7ee12817e0,SUGP,2026-06-25,0001969863,selected,0001753926-26-001031,424B3,,2026-06-22,g085773_424.htm,offering
01d550eb-3ad4-471e-ac3b-da7ee12817e0,SUGP,2026-06-25,0001969863,selected,0001753926-26-001005,F-1,,2026-06-12,g085763_f1.htm,shelf
01d550eb-3ad4-471e-ac3b-da7ee12817e0,SUGP,2026-06-25,0001969863,selected,0001753926-26-000819,424B3,,2026-05-12,g085728_424b3.htm,offering
055393f5-705c-4c84-9918-26ec0b073d30,PW,2026-06-25,0001532619,no_filings,,,,,,
79111467-ca90-44cd-8c5d-ef2787280971,ATPC,2026-06-25,0001713210,selected,0001493152-26-027669,S-1,,2026-06-08,forms-1.htm,shelf
79111467-ca90-44cd-8c5d-ef2787280971,ATPC,2026-06-25,0001713210,selected,0001493152-26-005495,S-3,,2026-02-06,forms-3.htm,shelf
35de4512-2a09-4edb-aee8-5643a2b1f0b1,NCT,2026-06-25,0002018529,selected,0001213900-26-069967,F-1/A,,2026-06-18,ea0291199-04.htm,shelf
35de4512-2a09-4edb-aee8-5643a2b1f0b1,NCT,2026-06-25,0002018529,selected,0001213900-26-066161,F-1,,2026-06-08,ea0291199-03.htm,shelf
35de4512-2a09-4edb-aee8-5643a2b1f0b1,NCT,2026-06-25,0002018529,selected,0001213900-26-040544,424B3,,2026-04-06,ea028468402-424b3_intercont.htm,offering
1568d555-dfbc-455a-8b83-e900affa5661,PW,2026-06-26,0001532619,no_filings,,,,,,
9c24550d-8645-4a1c-babd-f90d85d442f0,CODX,2026-06-26,0001692415,selected,0001493152-26-025630,S-3,,2026-05-28,forms-3.htm,shelf
9c24550d-8645-4a1c-babd-f90d85d442f0,CODX,2026-06-26,0001692415,selected,0001493152-26-022504,S-3,,2026-05-12,forms-3.htm,shelf
4ed277c7-f854-4608-a83f-9e0eee57ed1b,BJDX,2026-06-26,0001704287,selected,0001213900-26-069727,S-3,,2026-06-17,ea0294889-s3_bluejay.htm,shelf
4ed277c7-f854-4608-a83f-9e0eee57ed1b,BJDX,2026-06-26,0001704287,selected,0001213900-26-066364,8-K,"1.01,3.02,8.01,9.01",2026-06-08,ea0293390-8k_bluejay.htm,8k_items:1.01+3.02+8.01
4ed277c7-f854-4608-a83f-9e0eee57ed1b,BJDX,2026-06-26,0001704287,selected,0001213900-26-063767,8-K,"1.01,7.01,9.01",2026-06-02,ea0293118-8k_bluejay.htm,8k_items:1.01
ad9d7e9d-6683-4de8-bc4b-232396c92882,SVRN,2026-06-26,0001869467,no_filings,,,,,,
f478da88-ee6e-475b-8094-33f83249047a,IOTR,2026-06-26,0001997637,no_filings,,,,,,
e771089b-01fd-470d-91ed-0897136c92b6,MASK,2026-06-26,0001993097,selected,0001185185-26-002646,F-1,,2026-06-25,maskf1062326.htm,shelf
e771089b-01fd-470d-91ed-0897136c92b6,MASK,2026-06-26,0001993097,selected,0001185185-26-002628,F-1/A,,2026-06-24,maskf1a1062426.htm,shelf
e771089b-01fd-470d-91ed-0897136c92b6,MASK,2026-06-26,0001993097,selected,0001185185-26-002325,F-1,,2026-06-03,maskf1060126.htm,shelf
e771089b-01fd-470d-91ed-0897136c92b6,MASK,2026-06-26,0001993097,selected,0001185185-25-002198,F-1,,2025-12-30,maskf1122925.htm,shelf
75fa049b-db64-45ba-ae44-59a356d6e427,VMAR,2026-06-26,0001813783,selected,0001104659-26-006277,424B5,,2026-01-23,tm263907d1_424b5.htm,offering
bf575bba-5d73-4876-98bc-60eb58cbed8d,ATPC,2026-06-26,0001713210,selected,0001493152-26-027669,S-1,,2026-06-08,forms-1.htm,shelf
bf575bba-5d73-4876-98bc-60eb58cbed8d,ATPC,2026-06-26,0001713210,selected,0001493152-26-005495,S-3,,2026-02-06,forms-3.htm,shelf
911d5905-2c29-426c-8095-7620140b778e,SUGP,2026-06-26,0001969863,selected,0001753926-26-001031,424B3,,2026-06-22,g085773_424.htm,offering
911d5905-2c29-426c-8095-7620140b778e,SUGP,2026-06-26,0001969863,selected,0001753926-26-001005,F-1,,2026-06-12,g085763_f1.htm,shelf
911d5905-2c29-426c-8095-7620140b778e,SUGP,2026-06-26,0001969863,selected,0001753926-26-000819,424B3,,2026-05-12,g085728_424b3.htm,offering
cccb5376-70ff-4b97-81c4-8ab97bcde363,JAGX,2026-06-26,0001585608,selected,0001193125-26-281969,8-K,"1.01,8.01,9.01",2026-06-25,d110630d8k.htm,8k_items:1.01+8.01
cccb5376-70ff-4b97-81c4-8ab97bcde363,JAGX,2026-06-26,0001585608,selected,0001193125-26-276103,8-K,"1.01,2.03,3.02,9.01",2026-06-18,d111863d8k.htm,8k_items:1.01+3.02
cccb5376-70ff-4b97-81c4-8ab97bcde363,JAGX,2026-06-26,0001585608,selected,0001193125-26-266770,8-K,"1.01,3.02,5.03,9.01",2026-06-11,d570985d8k.htm,8k_items:1.01+3.02+5.03
cccb5376-70ff-4b97-81c4-8ab97bcde363,JAGX,2026-06-26,0001585608,selected,0001193125-26-253506,8-K,"1.01,3.02,8.01,9.01",2026-06-02,d95782d8k.htm,8k_items:1.01+3.02+8.01
cccb5376-70ff-4b97-81c4-8ab97bcde363,JAGX,2026-06-26,0001585608,selected,0001193125-26-240645,8-K,"7.01,8.01,9.01",2026-05-27,d129501d8k.htm,8k_items:8.01
3c1c528d-1dbc-4584-96d7-bd92a7e6d2bf,BNZI,2026-06-26,,no_cik,,,,,,
bfe98509-a0f6-4b28-88f4-f188448eaa3a,CUPR,2026-06-26,0001995704,no_filings,,,,,,
fdd710b7-26ff-42be-8fa3-ed268d7c0539,NCT,2026-06-26,0002018529,selected,0001213900-26-069967,F-1/A,,2026-06-18,ea0291199-04.htm,shelf
fdd710b7-26ff-42be-8fa3-ed268d7c0539,NCT,2026-06-26,0002018529,selected,0001213900-26-066161,F-1,,2026-06-08,ea0291199-03.htm,shelf
fdd710b7-26ff-42be-8fa3-ed268d7c0539,NCT,2026-06-26,0002018529,selected,0001213900-26-040544,424B3,,2026-04-06,ea028468402-424b3_intercont.htm,offering
b88b793f-6aac-466f-b4c9-245787e382b6,GCDT,2026-06-26,0001926293,selected,0001493152-26-002089,424B3,,2026-01-13,form424b3.htm,offering
b88b793f-6aac-466f-b4c9-245787e382b6,GCDT,2026-06-26,0001926293,selected,0001493152-26-002087,424B4,,2026-01-13,form424b4.htm,offering
740ea7d6-aabb-4ed8-864e-d5d55e935022,RKDA,2026-06-26,0001469443,selected,0001193125-26-270560,8-K,"1.01,3.02,7.01,9.01",2026-06-15,rkda-20260611.htm,8k_items:1.01+3.02
740ea7d6-aabb-4ed8-864e-d5d55e935022,RKDA,2026-06-26,0001469443,selected,0001193125-26-045063,424B3,,2026-02-11,rkda-424b3-2026.htm,offering
740ea7d6-aabb-4ed8-864e-d5d55e935022,RKDA,2026-06-26,0001469443,selected,0001193125-26-025262,S-3,,2026-01-28,rkda-20260128.htm,shelf
fd1ad596-935a-4cb0-b77d-549ead319383,JAGX,2026-06-29,0001585608,selected,0001193125-26-281969,8-K,"1.01,8.01,9.01",2026-06-25,d110630d8k.htm,8k_items:1.01+8.01
fd1ad596-935a-4cb0-b77d-549ead319383,JAGX,2026-06-29,0001585608,selected,0001193125-26-276103,8-K,"1.01,2.03,3.02,9.01",2026-06-18,d111863d8k.htm,8k_items:1.01+3.02
fd1ad596-935a-4cb0-b77d-549ead319383,JAGX,2026-06-29,0001585608,selected,0001193125-26-266770,8-K,"1.01,3.02,5.03,9.01",2026-06-11,d570985d8k.htm,8k_items:1.01+3.02+5.03
fd1ad596-935a-4cb0-b77d-549ead319383,JAGX,2026-06-29,0001585608,selected,0001193125-26-253506,8-K,"1.01,3.02,8.01,9.01",2026-06-02,d95782d8k.htm,8k_items:1.01+3.02+8.01
88cc0b42-82e5-418a-a5ea-5f7ca94dd913,BJDX,2026-06-29,0001704287,selected,0001213900-26-072672,424B3,,2026-06-26,ea0296012-424b3_bluejay.htm,offering
88cc0b42-82e5-418a-a5ea-5f7ca94dd913,BJDX,2026-06-29,0001704287,selected,0001213900-26-069727,S-3,,2026-06-17,ea0294889-s3_bluejay.htm,shelf
88cc0b42-82e5-418a-a5ea-5f7ca94dd913,BJDX,2026-06-29,0001704287,selected,0001213900-26-066364,8-K,"1.01,3.02,8.01,9.01",2026-06-08,ea0293390-8k_bluejay.htm,8k_items:1.01+3.02+8.01
88cc0b42-82e5-418a-a5ea-5f7ca94dd913,BJDX,2026-06-29,0001704287,selected,0001213900-26-063767,8-K,"1.01,7.01,9.01",2026-06-02,ea0293118-8k_bluejay.htm,8k_items:1.01
dde76207-ff7f-408b-b789-bb7f725cc725,SVRN,2026-06-29,0001869467,no_filings,,,,,,
8735e7c6-4e8b-467c-9c25-366f3c125186,MASK,2026-06-29,0001993097,selected,0001185185-26-002646,F-1,,2026-06-25,maskf1062326.htm,shelf
8735e7c6-4e8b-467c-9c25-366f3c125186,MASK,2026-06-29,0001993097,selected,0001185185-26-002628,F-1/A,,2026-06-24,maskf1a1062426.htm,shelf
8735e7c6-4e8b-467c-9c25-366f3c125186,MASK,2026-06-29,0001993097,selected,0001185185-26-002325,F-1,,2026-06-03,maskf1060126.htm,shelf
6b1e34da-8c35-4e7a-b68f-b4ff5c6f8637,GCDT,2026-06-29,0001926293,selected,0001493152-26-002089,424B3,,2026-01-13,form424b3.htm,offering
6b1e34da-8c35-4e7a-b68f-b4ff5c6f8637,GCDT,2026-06-29,0001926293,selected,0001493152-26-002087,424B4,,2026-01-13,form424b4.htm,offering
1b469e63-6b4d-4d2d-8826-4612bae5e9ee,CUPR,2026-06-29,0001995704,no_filings,,,,,,
e2ddfa11-1def-465a-9955-7052897228cf,SUGP,2026-06-29,0001969863,selected,0001753926-26-001031,424B3,,2026-06-22,g085773_424.htm,offering
e2ddfa11-1def-465a-9955-7052897228cf,SUGP,2026-06-29,0001969863,selected,0001753926-26-001005,F-1,,2026-06-12,g085763_f1.htm,shelf
e2ddfa11-1def-465a-9955-7052897228cf,SUGP,2026-06-29,0001969863,selected,0001753926-26-000819,424B3,,2026-05-12,g085728_424b3.htm,offering
b17d1e06-aae6-493d-be69-7392c3bc5664,VMAR,2026-06-29,0001813783,selected,0001104659-26-006277,424B5,,2026-01-23,tm263907d1_424b5.htm,offering
d9d1ee1f-e932-4224-8ed9-d9f7d590ee2f,IOTR,2026-06-29,0001997637,no_filings,,,,,,
2ba82bc5-147b-4359-bb51-be8447872724,ATPC,2026-06-29,0001713210,selected,0001493152-26-027669,S-1,,2026-06-08,forms-1.htm,shelf
2ba82bc5-147b-4359-bb51-be8447872724,ATPC,2026-06-29,0001713210,selected,0001493152-26-005495,S-3,,2026-02-06,forms-3.htm,shelf
31a3ac37-15e8-4116-aa39-9459378b805d,BNZI,2026-06-29,,no_cik,,,,,,
761e0211-97bb-4aec-9404-b72d781c44ba,RKDA,2026-06-29,0001469443,selected,0001193125-26-285578,S-3,,2026-06-26,rkda-20260626.htm,shelf
761e0211-97bb-4aec-9404-b72d781c44ba,RKDA,2026-06-29,0001469443,selected,0001193125-26-270560,8-K,"1.01,3.02,7.01,9.01",2026-06-15,rkda-20260611.htm,8k_items:1.01+3.02
761e0211-97bb-4aec-9404-b72d781c44ba,RKDA,2026-06-29,0001469443,selected,0001193125-26-045063,424B3,,2026-02-11,rkda-424b3-2026.htm,offering
761e0211-97bb-4aec-9404-b72d781c44ba,RKDA,2026-06-29,0001469443,selected,0001193125-26-025262,S-3,,2026-01-28,rkda-20260128.htm,shelf
22684c6e-567d-4dac-abe9-a5541a88fd0a,NCT,2026-06-29,0002018529,selected,0001213900-26-069967,F-1/A,,2026-06-18,ea0291199-04.htm,shelf
22684c6e-567d-4dac-abe9-a5541a88fd0a,NCT,2026-06-29,0002018529,selected,0001213900-26-066161,F-1,,2026-06-08,ea0291199-03.htm,shelf
22684c6e-567d-4dac-abe9-a5541a88fd0a,NCT,2026-06-29,0002018529,selected,0001213900-26-040544,424B3,,2026-04-06,ea028468402-424b3_intercont.htm,offering
f20bfbdc-0760-4167-996e-426379a12c97,CODX,2026-06-29,0001692415,selected,0001493152-26-025630,S-3,,2026-05-28,forms-3.htm,shelf
f20bfbdc-0760-4167-996e-426379a12c97,CODX,2026-06-29,0001692415,selected,0001493152-26-022504,S-3,,2026-05-12,forms-3.htm,shelf
83666478-8dc0-4b55-9304-6b37623940a2,BJDX,2026-06-30,0001704287,selected,0001213900-26-072672,424B3,,2026-06-26,ea0296012-424b3_bluejay.htm,offering
83666478-8dc0-4b55-9304-6b37623940a2,BJDX,2026-06-30,0001704287,selected,0001213900-26-069727,S-3,,2026-06-17,ea0294889-s3_bluejay.htm,shelf
83666478-8dc0-4b55-9304-6b37623940a2,BJDX,2026-06-30,0001704287,selected,0001213900-26-066364,8-K,"1.01,3.02,8.01,9.01",2026-06-08,ea0293390-8k_bluejay.htm,8k_items:1.01+3.02+8.01
83666478-8dc0-4b55-9304-6b37623940a2,BJDX,2026-06-30,0001704287,selected,0001213900-26-063767,8-K,"1.01,7.01,9.01",2026-06-02,ea0293118-8k_bluejay.htm,8k_items:1.01
d6af673d-f881-4bd7-b1de-a789db878032,CUPR,2026-06-30,0001995704,no_filings,,,,,,
c690b2db-a96a-4345-ad2a-86937e9dee05,NCT,2026-06-30,0002018529,selected,0001213900-26-069967,F-1/A,,2026-06-18,ea0291199-04.htm,shelf
c690b2db-a96a-4345-ad2a-86937e9dee05,NCT,2026-06-30,0002018529,selected,0001213900-26-066161,F-1,,2026-06-08,ea0291199-03.htm,shelf
c690b2db-a96a-4345-ad2a-86937e9dee05,NCT,2026-06-30,0002018529,selected,0001213900-26-040544,424B3,,2026-04-06,ea028468402-424b3_intercont.htm,offering
81f76cfb-4efe-46ea-81ad-ebf65e5bbcae,SVRN,2026-06-30,0001869467,no_filings,,,,,,
1b304b70-c096-4f57-878e-e7db400a428f,ATPC,2026-06-30,0001713210,selected,0001493152-26-027669,S-1,,2026-06-08,forms-1.htm,shelf
1b304b70-c096-4f57-878e-e7db400a428f,ATPC,2026-06-30,0001713210,selected,0001493152-26-005495,S-3,,2026-02-06,forms-3.htm,shelf
838ae75b-8504-45a9-9c16-8ab8ee8f51c9,IOTR,2026-06-30,0001997637,no_filings,,,,,,
544c762d-2520-40e2-8bf0-5efd4ddb0575,RKDA,2026-06-30,0001469443,selected,0001193125-26-285578,S-3,,2026-06-26,rkda-20260626.htm,shelf
544c762d-2520-40e2-8bf0-5efd4ddb0575,RKDA,2026-06-30,0001469443,selected,0001193125-26-270560,8-K,"1.01,3.02,7.01,9.01",2026-06-15,rkda-20260611.htm,8k_items:1.01+3.02
544c762d-2520-40e2-8bf0-5efd4ddb0575,RKDA,2026-06-30,0001469443,selected,0001193125-26-045063,424B3,,2026-02-11,rkda-424b3-2026.htm,offering
544c762d-2520-40e2-8bf0-5efd4ddb0575,RKDA,2026-06-30,0001469443,selected,0001193125-26-025262,S-3,,2026-01-28,rkda-20260128.htm,shelf
ea80128b-a881-40c4-9705-c8ea232445a8,SUGP,2026-06-30,0001969863,selected,0001753926-26-001031,424B3,,2026-06-22,g085773_424.htm,offering
ea80128b-a881-40c4-9705-c8ea232445a8,SUGP,2026-06-30,0001969863,selected,0001753926-26-001005,F-1,,2026-06-12,g085763_f1.htm,shelf
ea80128b-a881-40c4-9705-c8ea232445a8,SUGP,2026-06-30,0001969863,selected,0001753926-26-000819,424B3,,2026-05-12,g085728_424b3.htm,offering
d3c0ddde-ede6-41b2-953a-e9193f9d5c07,PW,2026-06-30,0001532619,no_filings,,,,,,
7add6ba5-52aa-4f26-a3e5-ee302f56f7a3,JAGX,2026-06-30,0001585608,selected,0001193125-26-281969,8-K,"1.01,8.01,9.01",2026-06-25,d110630d8k.htm,8k_items:1.01+8.01
7add6ba5-52aa-4f26-a3e5-ee302f56f7a3,JAGX,2026-06-30,0001585608,selected,0001193125-26-276103,8-K,"1.01,2.03,3.02,9.01",2026-06-18,d111863d8k.htm,8k_items:1.01+3.02
7add6ba5-52aa-4f26-a3e5-ee302f56f7a3,JAGX,2026-06-30,0001585608,selected,0001193125-26-266770,8-K,"1.01,3.02,5.03,9.01",2026-06-11,d570985d8k.htm,8k_items:1.01+3.02+5.03
7add6ba5-52aa-4f26-a3e5-ee302f56f7a3,JAGX,2026-06-30,0001585608,selected,0001193125-26-253506,8-K,"1.01,3.02,8.01,9.01",2026-06-02,d95782d8k.htm,8k_items:1.01+3.02+8.01
7e211327-9018-4aa7-b8f5-9e51e434bbbe,BNZI,2026-06-30,,no_cik,,,,,,
e7f624ce-a420-46ac-8a19-a67c4abde094,CODX,2026-06-30,0001692415,selected,0001493152-26-025630,S-3,,2026-05-28,forms-3.htm,shelf
e7f624ce-a420-46ac-8a19-a67c4abde094,CODX,2026-06-30,0001692415,selected,0001493152-26-022504,S-3,,2026-05-12,forms-3.htm,shelf
6c277719-b98b-4424-9832-2befc8cd0ad0,VMAR,2026-06-30,0001813783,selected,0001104659-26-006277,424B5,,2026-01-23,tm263907d1_424b5.htm,offering
8d2fd42e-9c8c-4515-90ae-4dd52d5db69b,GCDT,2026-06-30,0001926293,selected,0001493152-26-002089,424B3,,2026-01-13,form424b3.htm,offering
8d2fd42e-9c8c-4515-90ae-4dd52d5db69b,GCDT,2026-06-30,0001926293,selected,0001493152-26-002087,424B4,,2026-01-13,form424b4.htm,offering
d15181c6-c4be-4d7a-983f-40813cf21e4c,MASK,2026-06-30,0001993097,selected,0001185185-26-002646,F-1,,2026-06-25,maskf1062326.htm,shelf
d15181c6-c4be-4d7a-983f-40813cf21e4c,MASK,2026-06-30,0001993097,selected,0001185185-26-002628,F-1/A,,2026-06-24,maskf1a1062426.htm,shelf
d15181c6-c4be-4d7a-983f-40813cf21e4c,MASK,2026-06-30,0001993097,selected,0001185185-26-002325,F-1,,2026-06-03,maskf1060126.htm,shelf
af0c6fbb-a76b-40ff-9d26-4082aa8d28c5,CUPR,2026-07-01,0001995704,no_filings,,,,,,
0a6ded76-a4e3-48d2-8c8b-d7e4698830ea,BJDX,2026-07-01,0001704287,selected,0001213900-26-072672,424B3,,2026-06-26,ea0296012-424b3_bluejay.htm,offering
0a6ded76-a4e3-48d2-8c8b-d7e4698830ea,BJDX,2026-07-01,0001704287,selected,0001213900-26-069727,S-3,,2026-06-17,ea0294889-s3_bluejay.htm,shelf
0a6ded76-a4e3-48d2-8c8b-d7e4698830ea,BJDX,2026-07-01,0001704287,selected,0001213900-26-066364,8-K,"1.01,3.02,8.01,9.01",2026-06-08,ea0293390-8k_bluejay.htm,8k_items:1.01+3.02+8.01
0a6ded76-a4e3-48d2-8c8b-d7e4698830ea,BJDX,2026-07-01,0001704287,selected,0001213900-26-063767,8-K,"1.01,7.01,9.01",2026-06-02,ea0293118-8k_bluejay.htm,8k_items:1.01
c4837e76-9f66-4433-877e-cd3081f22694,GCDT,2026-07-01,0001926293,selected,0001493152-26-002089,424B3,,2026-01-13,form424b3.htm,offering
c4837e76-9f66-4433-877e-cd3081f22694,GCDT,2026-07-01,0001926293,selected,0001493152-26-002087,424B4,,2026-01-13,form424b4.htm,offering
5d7a7998-c30b-488d-bec8-d14898298db7,IOTR,2026-07-01,0001997637,no_filings,,,,,,
2517e6c6-fd29-4841-9064-b8fb4df701c7,SVRN,2026-07-01,0001869467,no_filings,,,,,,
194d9689-afb7-4e9e-8ba4-cb7b76eaf2ca,RKDA,2026-07-01,0001469443,selected,0001193125-26-285578,S-3,,2026-06-26,rkda-20260626.htm,shelf
194d9689-afb7-4e9e-8ba4-cb7b76eaf2ca,RKDA,2026-07-01,0001469443,selected,0001193125-26-270560,8-K,"1.01,3.02,7.01,9.01",2026-06-15,rkda-20260611.htm,8k_items:1.01+3.02
194d9689-afb7-4e9e-8ba4-cb7b76eaf2ca,RKDA,2026-07-01,0001469443,selected,0001193125-26-045063,424B3,,2026-02-11,rkda-424b3-2026.htm,offering
194d9689-afb7-4e9e-8ba4-cb7b76eaf2ca,RKDA,2026-07-01,0001469443,selected,0001193125-26-025262,S-3,,2026-01-28,rkda-20260128.htm,shelf
b5089235-5b3e-415c-a503-a516fb94737a,VMAR,2026-07-01,0001813783,selected,0001104659-26-006277,424B5,,2026-01-23,tm263907d1_424b5.htm,offering
0e752509-e285-49f8-b839-62af72908d78,NCT,2026-07-01,0002018529,selected,0001213900-26-069967,F-1/A,,2026-06-18,ea0291199-04.htm,shelf
0e752509-e285-49f8-b839-62af72908d78,NCT,2026-07-01,0002018529,selected,0001213900-26-066161,F-1,,2026-06-08,ea0291199-03.htm,shelf
0e752509-e285-49f8-b839-62af72908d78,NCT,2026-07-01,0002018529,selected,0001213900-26-040544,424B3,,2026-04-06,ea028468402-424b3_intercont.htm,offering
a5f51073-d748-4d2d-bc53-08f29965fbbe,CODX,2026-07-01,0001692415,selected,0001493152-26-025630,S-3,,2026-05-28,forms-3.htm,shelf
a5f51073-d748-4d2d-bc53-08f29965fbbe,CODX,2026-07-01,0001692415,selected,0001493152-26-022504,S-3,,2026-05-12,forms-3.htm,shelf
ef98daa4-d37b-4632-815b-d985043b1c64,PW,2026-07-01,0001532619,no_filings,,,,,,
da8e63cf-b7a2-4f89-aabb-41bbe0155275,SUGP,2026-07-01,0001969863,selected,0001753926-26-001031,424B3,,2026-06-22,g085773_424.htm,offering
da8e63cf-b7a2-4f89-aabb-41bbe0155275,SUGP,2026-07-01,0001969863,selected,0001753926-26-001005,F-1,,2026-06-12,g085763_f1.htm,shelf
da8e63cf-b7a2-4f89-aabb-41bbe0155275,SUGP,2026-07-01,0001969863,selected,0001753926-26-000819,424B3,,2026-05-12,g085728_424b3.htm,offering
caabab27-ad7e-403e-bb82-f84f34162c95,JAGX,2026-07-01,0001585608,selected,0001193125-26-281969,8-K,"1.01,8.01,9.01",2026-06-25,d110630d8k.htm,8k_items:1.01+8.01
caabab27-ad7e-403e-bb82-f84f34162c95,JAGX,2026-07-01,0001585608,selected,0001193125-26-276103,8-K,"1.01,2.03,3.02,9.01",2026-06-18,d111863d8k.htm,8k_items:1.01+3.02
caabab27-ad7e-403e-bb82-f84f34162c95,JAGX,2026-07-01,0001585608,selected,0001193125-26-266770,8-K,"1.01,3.02,5.03,9.01",2026-06-11,d570985d8k.htm,8k_items:1.01+3.02+5.03
caabab27-ad7e-403e-bb82-f84f34162c95,JAGX,2026-07-01,0001585608,selected,0001193125-26-253506,8-K,"1.01,3.02,8.01,9.01",2026-06-02,d95782d8k.htm,8k_items:1.01+3.02+8.01
b327a924-874b-4df4-b8a8-577ca5692c34,BNZI,2026-07-01,,no_cik,,,,,,
d41074f8-9c75-45ba-b8a9-dd143c3e2fbe,MASK,2026-07-01,0001993097,selected,0001185185-26-002646,F-1,,2026-06-25,maskf1062326.htm,shelf
d41074f8-9c75-45ba-b8a9-dd143c3e2fbe,MASK,2026-07-01,0001993097,selected,0001185185-26-002628,F-1/A,,2026-06-24,maskf1a1062426.htm,shelf
d41074f8-9c75-45ba-b8a9-dd143c3e2fbe,MASK,2026-07-01,0001993097,selected,0001185185-26-002325,F-1,,2026-06-03,maskf1060126.htm,shelf
ff36c94e-cd97-463a-b668-528efc6fd1ca,ATPC,2026-07-01,0001713210,selected,0001493152-26-027669,S-1,,2026-06-08,forms-1.htm,shelf
ff36c94e-cd97-463a-b668-528efc6fd1ca,ATPC,2026-07-01,0001713210,selected,0001493152-26-005495,S-3,,2026-02-06,forms-3.htm,shelf
9795f326-1d3d-45ac-ba54-5390fb2556a2,VMAR,2026-07-02,0001813783,selected,0001104659-26-006277,424B5,,2026-01-23,tm263907d1_424b5.htm,offering
e72f5e29-b171-4f08-bab3-13221af75008,RKDA,2026-07-02,0001469443,selected,0001193125-26-285578,S-3,,2026-06-26,rkda-20260626.htm,shelf
e72f5e29-b171-4f08-bab3-13221af75008,RKDA,2026-07-02,0001469443,selected,0001193125-26-270560,8-K,"1.01,3.02,7.01,9.01",2026-06-15,rkda-20260611.htm,8k_items:1.01+3.02
e72f5e29-b171-4f08-bab3-13221af75008,RKDA,2026-07-02,0001469443,selected,0001193125-26-045063,424B3,,2026-02-11,rkda-424b3-2026.htm,offering
e72f5e29-b171-4f08-bab3-13221af75008,RKDA,2026-07-02,0001469443,selected,0001193125-26-025262,S-3,,2026-01-28,rkda-20260128.htm,shelf
95eccdd4-11ec-4d2c-8099-ecab762346fd,CUPR,2026-07-02,0001995704,no_filings,,,,,,
6058c96f-cc47-40b6-af8d-c925becff06b,NCT,2026-07-02,0002018529,selected,0001213900-26-069967,F-1/A,,2026-06-18,ea0291199-04.htm,shelf
6058c96f-cc47-40b6-af8d-c925becff06b,NCT,2026-07-02,0002018529,selected,0001213900-26-066161,F-1,,2026-06-08,ea0291199-03.htm,shelf
6058c96f-cc47-40b6-af8d-c925becff06b,NCT,2026-07-02,0002018529,selected,0001213900-26-040544,424B3,,2026-04-06,ea028468402-424b3_intercont.htm,offering
52593213-f8e1-454e-bf41-3434b3351879,IOTR,2026-07-02,0001997637,no_filings,,,,,,
1a3b6ef0-466b-480c-b645-bbcd5562e645,CODX,2026-07-02,0001692415,selected,0001493152-26-025630,S-3,,2026-05-28,forms-3.htm,shelf
1a3b6ef0-466b-480c-b645-bbcd5562e645,CODX,2026-07-02,0001692415,selected,0001493152-26-022504,S-3,,2026-05-12,forms-3.htm,shelf
0c364787-e697-4079-a758-c174558d4514,GCDT,2026-07-02,0001926293,selected,0001493152-26-002089,424B3,,2026-01-13,form424b3.htm,offering
0c364787-e697-4079-a758-c174558d4514,GCDT,2026-07-02,0001926293,selected,0001493152-26-002087,424B4,,2026-01-13,form424b4.htm,offering
bb5a64ff-9ae5-4480-a7ae-c8aebcad0205,JAGX,2026-07-02,0001585608,selected,0001193125-26-292677,8-K,8.01,2026-07-01,d145900d8k.htm,8k_items:8.01
bb5a64ff-9ae5-4480-a7ae-c8aebcad0205,JAGX,2026-07-02,0001585608,selected,0001193125-26-281969,8-K,"1.01,8.01,9.01",2026-06-25,d110630d8k.htm,8k_items:1.01+8.01
bb5a64ff-9ae5-4480-a7ae-c8aebcad0205,JAGX,2026-07-02,0001585608,selected,0001193125-26-276103,8-K,"1.01,2.03,3.02,9.01",2026-06-18,d111863d8k.htm,8k_items:1.01+3.02
bb5a64ff-9ae5-4480-a7ae-c8aebcad0205,JAGX,2026-07-02,0001585608,selected,0001193125-26-266770,8-K,"1.01,3.02,5.03,9.01",2026-06-11,d570985d8k.htm,8k_items:1.01+3.02+5.03
bb5a64ff-9ae5-4480-a7ae-c8aebcad0205,JAGX,2026-07-02,0001585608,selected,0001193125-26-253506,8-K,"1.01,3.02,8.01,9.01",2026-06-02,d95782d8k.htm,8k_items:1.01+3.02+8.01
f5f5fc8c-471f-4d63-a8a9-6756f6d8ba1c,BNZI,2026-07-02,,no_cik,,,,,,
84ea8a2e-a5e1-41d0-8354-dc4ee050aa46,SVRN,2026-07-02,0001869467,no_filings,,,,,,
39f73755-bb11-4ea2-aca1-7896630b088f,SUGP,2026-07-02,0001969863,selected,0001753926-26-001031,424B3,,2026-06-22,g085773_424.htm,offering
39f73755-bb11-4ea2-aca1-7896630b088f,SUGP,2026-07-02,0001969863,selected,0001753926-26-001005,F-1,,2026-06-12,g085763_f1.htm,shelf
39f73755-bb11-4ea2-aca1-7896630b088f,SUGP,2026-07-02,0001969863,selected,0001753926-26-000819,424B3,,2026-05-12,g085728_424b3.htm,offering
6fbcd344-6d9f-428a-b91f-951cae9e9077,ATPC,2026-07-02,0001713210,selected,0001493152-26-027669,S-1,,2026-06-08,forms-1.htm,shelf
6fbcd344-6d9f-428a-b91f-951cae9e9077,ATPC,2026-07-02,0001713210,selected,0001493152-26-005495,S-3,,2026-02-06,forms-3.htm,shelf
65452b30-8752-472f-85a0-e1b68e490665,BJDX,2026-07-02,0001704287,selected,0001213900-26-072672,424B3,,2026-06-26,ea0296012-424b3_bluejay.htm,offering
65452b30-8752-472f-85a0-e1b68e490665,BJDX,2026-07-02,0001704287,selected,0001213900-26-069727,S-3,,2026-06-17,ea0294889-s3_bluejay.htm,shelf
65452b30-8752-472f-85a0-e1b68e490665,BJDX,2026-07-02,0001704287,selected,0001213900-26-066364,8-K,"1.01,3.02,8.01,9.01",2026-06-08,ea0293390-8k_bluejay.htm,8k_items:1.01+3.02+8.01
65452b30-8752-472f-85a0-e1b68e490665,BJDX,2026-07-02,0001704287,selected,0001213900-26-063767,8-K,"1.01,7.01,9.01",2026-06-02,ea0293118-8k_bluejay.htm,8k_items:1.01
14be7edc-e903-4cc3-995f-c7d49144f19f,PW,2026-07-02,0001532619,no_filings,,,,,,
06432d79-6d9a-4f2f-b177-3fc76c716836,MASK,2026-07-02,0001993097,selected,0001185185-26-002646,F-1,,2026-06-25,maskf1062326.htm,shelf
06432d79-6d9a-4f2f-b177-3fc76c716836,MASK,2026-07-02,0001993097,selected,0001185185-26-002628,F-1/A,,2026-06-24,maskf1a1062426.htm,shelf
06432d79-6d9a-4f2f-b177-3fc76c716836,MASK,2026-07-02,0001993097,selected,0001185185-26-002325,F-1,,2026-06-03,maskf1060126.htm,shelf
da0a354d-a57b-4665-9907-06fe9d89da15,BJDX,2026-07-06,0001704287,selected,0001213900-26-072672,424B3,,2026-06-26,ea0296012-424b3_bluejay.htm,offering
da0a354d-a57b-4665-9907-06fe9d89da15,BJDX,2026-07-06,0001704287,selected,0001213900-26-069727,S-3,,2026-06-17,ea0294889-s3_bluejay.htm,shelf
da0a354d-a57b-4665-9907-06fe9d89da15,BJDX,2026-07-06,0001704287,selected,0001213900-26-066364,8-K,"1.01,3.02,8.01,9.01",2026-06-08,ea0293390-8k_bluejay.htm,8k_items:1.01+3.02+8.01
757466b8-baf1-4376-97d8-7c28607615dc,BNZI,2026-07-06,,no_cik,,,,,,
daf2ea8a-0b62-408e-b7d1-9c47061f4587,VMAR,2026-07-06,0001813783,selected,0001104659-26-006277,424B5,,2026-01-23,tm263907d1_424b5.htm,offering
a7359993-2b12-4ded-ab17-06fa7ebbb25e,HKIT,2026-07-06,0001742341,selected,0001213900-26-064589,424B5,,2026-06-03,ea0293322-424b5_hitek.htm,offering
a7359993-2b12-4ded-ab17-06fa7ebbb25e,HKIT,2026-07-06,0001742341,selected,0001213900-26-036372,424B5,,2026-03-30,ea0283951-424b5_hitek.htm,offering
a7359993-2b12-4ded-ab17-06fa7ebbb25e,HKIT,2026-07-06,0001742341,selected,0001213900-26-027662,424B5,,2026-03-13,ea0281563-424b5_hitek.htm,offering
c15657dd-213e-4281-9a94-38efc5d3db74,CODX,2026-07-06,0001692415,selected,0001493152-26-025630,S-3,,2026-05-28,forms-3.htm,shelf
c15657dd-213e-4281-9a94-38efc5d3db74,CODX,2026-07-06,0001692415,selected,0001493152-26-022504,S-3,,2026-05-12,forms-3.htm,shelf
5a95c59c-82f5-4cce-a95b-49df4c5deeb1,CUPR,2026-07-06,0001995704,no_filings,,,,,,
8637ae23-83bf-4e9c-a75b-dd4756aa9fc4,SUGP,2026-07-06,0001969863,selected,0001753926-26-001031,424B3,,2026-06-22,g085773_424.htm,offering
8637ae23-83bf-4e9c-a75b-dd4756aa9fc4,SUGP,2026-07-06,0001969863,selected,0001753926-26-001005,F-1,,2026-06-12,g085763_f1.htm,shelf
8637ae23-83bf-4e9c-a75b-dd4756aa9fc4,SUGP,2026-07-06,0001969863,selected,0001753926-26-000819,424B3,,2026-05-12,g085728_424b3.htm,offering
c1194427-ce81-4408-aa87-935ebc7290c2,GCDT,2026-07-06,0001926293,selected,0001493152-26-002089,424B3,,2026-01-13,form424b3.htm,offering
c1194427-ce81-4408-aa87-935ebc7290c2,GCDT,2026-07-06,0001926293,selected,0001493152-26-002087,424B4,,2026-01-13,form424b4.htm,offering
e287232c-0749-445d-aa87-c64c7db7bc9f,NCT,2026-07-06,0002018529,selected,0001213900-26-069967,F-1/A,,2026-06-18,ea0291199-04.htm,shelf
e287232c-0749-445d-aa87-c64c7db7bc9f,NCT,2026-07-06,0002018529,selected,0001213900-26-066161,F-1,,2026-06-08,ea0291199-03.htm,shelf
e287232c-0749-445d-aa87-c64c7db7bc9f,NCT,2026-07-06,0002018529,selected,0001213900-26-040544,424B3,,2026-04-06,ea028468402-424b3_intercont.htm,offering
ab057276-79cd-46dc-a50d-edb04df11825,JAGX,2026-07-06,0001585608,selected,0001193125-26-292677,8-K,8.01,2026-07-01,d145900d8k.htm,8k_items:8.01
ab057276-79cd-46dc-a50d-edb04df11825,JAGX,2026-07-06,0001585608,selected,0001193125-26-281969,8-K,"1.01,8.01,9.01",2026-06-25,d110630d8k.htm,8k_items:1.01+8.01
ab057276-79cd-46dc-a50d-edb04df11825,JAGX,2026-07-06,0001585608,selected,0001193125-26-276103,8-K,"1.01,2.03,3.02,9.01",2026-06-18,d111863d8k.htm,8k_items:1.01+3.02
ab057276-79cd-46dc-a50d-edb04df11825,JAGX,2026-07-06,0001585608,selected,0001193125-26-266770,8-K,"1.01,3.02,5.03,9.01",2026-06-11,d570985d8k.htm,8k_items:1.01+3.02+5.03
7165c3f5-4109-4bff-9ea9-e3880323700a,PW,2026-07-06,0001532619,no_filings,,,,,,
18763333-51fd-4fdd-83ed-34abb2726962,MASK,2026-07-06,0001993097,selected,0001185185-26-002646,F-1,,2026-06-25,maskf1062326.htm,shelf
18763333-51fd-4fdd-83ed-34abb2726962,MASK,2026-07-06,0001993097,selected,0001185185-26-002628,F-1/A,,2026-06-24,maskf1a1062426.htm,shelf
18763333-51fd-4fdd-83ed-34abb2726962,MASK,2026-07-06,0001993097,selected,0001185185-26-002325,F-1,,2026-06-03,maskf1060126.htm,shelf
037a573d-9df5-40b2-8d24-96b2d54b4d23,RKDA,2026-07-06,0001469443,selected,0001193125-26-294619,8-K,"5.02,5.08,8.01",2026-07-02,rkda-20260701.htm,8k_items:8.01
037a573d-9df5-40b2-8d24-96b2d54b4d23,RKDA,2026-07-06,0001469443,selected,0001193125-26-285578,S-3,,2026-06-26,rkda-20260626.htm,shelf
037a573d-9df5-40b2-8d24-96b2d54b4d23,RKDA,2026-07-06,0001469443,selected,0001193125-26-270560,8-K,"1.01,3.02,7.01,9.01",2026-06-15,rkda-20260611.htm,8k_items:1.01+3.02
037a573d-9df5-40b2-8d24-96b2d54b4d23,RKDA,2026-07-06,0001469443,selected,0001193125-26-045063,424B3,,2026-02-11,rkda-424b3-2026.htm,offering
037a573d-9df5-40b2-8d24-96b2d54b4d23,RKDA,2026-07-06,0001469443,selected,0001193125-26-025262,S-3,,2026-01-28,rkda-20260128.htm,shelf
b3db8261-7382-45a6-a22c-7c73e3a46706,ATPC,2026-07-06,0001713210,selected,0001493152-26-027669,S-1,,2026-06-08,forms-1.htm,shelf
b3db8261-7382-45a6-a22c-7c73e3a46706,ATPC,2026-07-06,0001713210,selected,0001493152-26-005495,S-3,,2026-02-06,forms-3.htm,shelf
5721e10f-8de5-430a-aa9d-f491355f25b1,SVRN,2026-07-06,0001869467,no_filings,,,,,,
0ce657e8-81a8-41fa-83c1-e7b4d16d321c,IOTR,2026-07-06,0001997637,no_filings,,,,,,
8526182c-66b0-47a6-91e5-02296a6d71b0,BJDX,2026-07-07,0001704287,selected,0001213900-26-072672,424B3,,2026-06-26,ea0296012-424b3_bluejay.htm,offering
8526182c-66b0-47a6-91e5-02296a6d71b0,BJDX,2026-07-07,0001704287,selected,0001213900-26-069727,S-3,,2026-06-17,ea0294889-s3_bluejay.htm,shelf
8526182c-66b0-47a6-91e5-02296a6d71b0,BJDX,2026-07-07,0001704287,selected,0001213900-26-066364,8-K,"1.01,3.02,8.01,9.01",2026-06-08,ea0293390-8k_bluejay.htm,8k_items:1.01+3.02+8.01
d51106f6-f1f4-4206-b7c7-af3760439fb4,SUGP,2026-07-07,0001969863,selected,0001753926-26-001031,424B3,,2026-06-22,g085773_424.htm,offering
d51106f6-f1f4-4206-b7c7-af3760439fb4,SUGP,2026-07-07,0001969863,selected,0001753926-26-001005,F-1,,2026-06-12,g085763_f1.htm,shelf
d51106f6-f1f4-4206-b7c7-af3760439fb4,SUGP,2026-07-07,0001969863,selected,0001753926-26-000819,424B3,,2026-05-12,g085728_424b3.htm,offering
0d1ecfba-e3c4-4ce5-8792-754ba83c87f4,HKIT,2026-07-07,0001742341,selected,0001213900-26-064589,424B5,,2026-06-03,ea0293322-424b5_hitek.htm,offering
0d1ecfba-e3c4-4ce5-8792-754ba83c87f4,HKIT,2026-07-07,0001742341,selected,0001213900-26-036372,424B5,,2026-03-30,ea0283951-424b5_hitek.htm,offering
0d1ecfba-e3c4-4ce5-8792-754ba83c87f4,HKIT,2026-07-07,0001742341,selected,0001213900-26-027662,424B5,,2026-03-13,ea0281563-424b5_hitek.htm,offering
75059910-5719-400c-85d5-3ccd8e6003ed,NCT,2026-07-07,0002018529,selected,0001213900-26-069967,F-1/A,,2026-06-18,ea0291199-04.htm,shelf
75059910-5719-400c-85d5-3ccd8e6003ed,NCT,2026-07-07,0002018529,selected,0001213900-26-066161,F-1,,2026-06-08,ea0291199-03.htm,shelf
75059910-5719-400c-85d5-3ccd8e6003ed,NCT,2026-07-07,0002018529,selected,0001213900-26-040544,424B3,,2026-04-06,ea028468402-424b3_intercont.htm,offering
740267ef-ff71-46cc-9a71-d5006524a808,VMAR,2026-07-07,0001813783,selected,0001104659-26-006277,424B5,,2026-01-23,tm263907d1_424b5.htm,offering
472b136a-19f1-41c2-b889-a2235f440452,CUPR,2026-07-07,0001995704,no_filings,,,,,,
68ad057d-d444-473b-9334-ed835f4230ef,IOTR,2026-07-07,0001997637,no_filings,,,,,,
76128874-1d37-45fe-b5bb-de8b9e640eb6,ATPC,2026-07-07,0001713210,selected,0001493152-26-027669,S-1,,2026-06-08,forms-1.htm,shelf
76128874-1d37-45fe-b5bb-de8b9e640eb6,ATPC,2026-07-07,0001713210,selected,0001493152-26-005495,S-3,,2026-02-06,forms-3.htm,shelf
4f5d0398-cb64-42e3-88c4-dddbcc3c2341,GCDT,2026-07-07,0001926293,selected,0001493152-26-002089,424B3,,2026-01-13,form424b3.htm,offering
4f5d0398-cb64-42e3-88c4-dddbcc3c2341,GCDT,2026-07-07,0001926293,selected,0001493152-26-002087,424B4,,2026-01-13,form424b4.htm,offering
a3b7293e-33d9-4495-a37b-1ce0f727f9e6,JAGX,2026-07-07,0001585608,selected,0001193125-26-292677,8-K,8.01,2026-07-01,d145900d8k.htm,8k_items:8.01
a3b7293e-33d9-4495-a37b-1ce0f727f9e6,JAGX,2026-07-07,0001585608,selected,0001193125-26-281969,8-K,"1.01,8.01,9.01",2026-06-25,d110630d8k.htm,8k_items:1.01+8.01
a3b7293e-33d9-4495-a37b-1ce0f727f9e6,JAGX,2026-07-07,0001585608,selected,0001193125-26-276103,8-K,"1.01,2.03,3.02,9.01",2026-06-18,d111863d8k.htm,8k_items:1.01+3.02
a3b7293e-33d9-4495-a37b-1ce0f727f9e6,JAGX,2026-07-07,0001585608,selected,0001193125-26-266770,8-K,"1.01,3.02,5.03,9.01",2026-06-11,d570985d8k.htm,8k_items:1.01+3.02+5.03
23960272-d34a-42af-9204-a2b8512a92f0,PW,2026-07-07,0001532619,no_filings,,,,,,
6c95b316-a040-41ba-b9c0-ffe4345d719a,MASK,2026-07-07,0001993097,selected,0001185185-26-002646,F-1,,2026-06-25,maskf1062326.htm,shelf
6c95b316-a040-41ba-b9c0-ffe4345d719a,MASK,2026-07-07,0001993097,selected,0001185185-26-002628,F-1/A,,2026-06-24,maskf1a1062426.htm,shelf
6c95b316-a040-41ba-b9c0-ffe4345d719a,MASK,2026-07-07,0001993097,selected,0001185185-26-002325,F-1,,2026-06-03,maskf1060126.htm,shelf
a65b3686-314c-4286-b31e-bb40b6c8bf6e,BNZI,2026-07-07,,no_cik,,,,,,
81dbe6c4-87ef-4acd-bd7c-00d5db66de41,SVRN,2026-07-07,0001869467,no_filings,,,,,,
0d13524d-84cc-479b-bf32-315e1c0f4e31,RKDA,2026-07-07,0001469443,selected,0001193125-26-294619,8-K,"5.02,5.08,8.01",2026-07-02,rkda-20260701.htm,8k_items:8.01
0d13524d-84cc-479b-bf32-315e1c0f4e31,RKDA,2026-07-07,0001469443,selected,0001193125-26-285578,S-3,,2026-06-26,rkda-20260626.htm,shelf
0d13524d-84cc-479b-bf32-315e1c0f4e31,RKDA,2026-07-07,0001469443,selected,0001193125-26-270560,8-K,"1.01,3.02,7.01,9.01",2026-06-15,rkda-20260611.htm,8k_items:1.01+3.02
0d13524d-84cc-479b-bf32-315e1c0f4e31,RKDA,2026-07-07,0001469443,selected,0001193125-26-045063,424B3,,2026-02-11,rkda-424b3-2026.htm,offering
0d13524d-84cc-479b-bf32-315e1c0f4e31,RKDA,2026-07-07,0001469443,selected,0001193125-26-025262,S-3,,2026-01-28,rkda-20260128.htm,shelf
782157c1-eef2-42c9-aff0-ea5e5bb43fd4,CODX,2026-07-07,0001692415,selected,0001493152-26-025630,S-3,,2026-05-28,forms-3.htm,shelf
782157c1-eef2-42c9-aff0-ea5e5bb43fd4,CODX,2026-07-07,0001692415,selected,0001493152-26-022504,S-3,,2026-05-12,forms-3.htm,shelf
403964b1-5bc3-48f2-b3c1-61720789f9ff,BJDX,2026-07-08,0001704287,selected,0001213900-26-072672,424B3,,2026-06-26,ea0296012-424b3_bluejay.htm,offering
403964b1-5bc3-48f2-b3c1-61720789f9ff,BJDX,2026-07-08,0001704287,selected,0001213900-26-069727,S-3,,2026-06-17,ea0294889-s3_bluejay.htm,shelf
403964b1-5bc3-48f2-b3c1-61720789f9ff,BJDX,2026-07-08,0001704287,selected,0001213900-26-066364,8-K,"1.01,3.02,8.01,9.01",2026-06-08,ea0293390-8k_bluejay.htm,8k_items:1.01+3.02+8.01
69730c99-5f7f-4fc8-9c38-afdece282f29,SUGP,2026-07-08,0001969863,selected,0001753926-26-001031,424B3,,2026-06-22,g085773_424.htm,offering
69730c99-5f7f-4fc8-9c38-afdece282f29,SUGP,2026-07-08,0001969863,selected,0001753926-26-001005,F-1,,2026-06-12,g085763_f1.htm,shelf
69730c99-5f7f-4fc8-9c38-afdece282f29,SUGP,2026-07-08,0001969863,selected,0001753926-26-000819,424B3,,2026-05-12,g085728_424b3.htm,offering
64a6f8a3-0048-4b8e-8ea8-8b0371da204b,JAGX,2026-07-08,0001585608,selected,0001193125-26-292677,8-K,8.01,2026-07-01,d145900d8k.htm,8k_items:8.01
64a6f8a3-0048-4b8e-8ea8-8b0371da204b,JAGX,2026-07-08,0001585608,selected,0001193125-26-281969,8-K,"1.01,8.01,9.01",2026-06-25,d110630d8k.htm,8k_items:1.01+8.01
64a6f8a3-0048-4b8e-8ea8-8b0371da204b,JAGX,2026-07-08,0001585608,selected,0001193125-26-276103,8-K,"1.01,2.03,3.02,9.01",2026-06-18,d111863d8k.htm,8k_items:1.01+3.02
64a6f8a3-0048-4b8e-8ea8-8b0371da204b,JAGX,2026-07-08,0001585608,selected,0001193125-26-266770,8-K,"1.01,3.02,5.03,9.01",2026-06-11,d570985d8k.htm,8k_items:1.01+3.02+5.03
7933abf8-e31f-41c2-bb7e-1fd5f9abb709,BNZI,2026-07-08,,no_cik,,,,,,
b9a3b638-9dd9-4e56-9c04-64e63a35c119,IOTR,2026-07-08,0001997637,no_filings,,,,,,
7796eafc-b8e0-44cf-85c7-6567d1d475bf,HKIT,2026-07-08,0001742341,selected,0001213900-26-064589,424B5,,2026-06-03,ea0293322-424b5_hitek.htm,offering
7796eafc-b8e0-44cf-85c7-6567d1d475bf,HKIT,2026-07-08,0001742341,selected,0001213900-26-036372,424B5,,2026-03-30,ea0283951-424b5_hitek.htm,offering
7796eafc-b8e0-44cf-85c7-6567d1d475bf,HKIT,2026-07-08,0001742341,selected,0001213900-26-027662,424B5,,2026-03-13,ea0281563-424b5_hitek.htm,offering
435e482c-df8d-4211-b29a-3aa366efafdb,VMAR,2026-07-08,0001813783,selected,0001104659-26-006277,424B5,,2026-01-23,tm263907d1_424b5.htm,offering
edeb0c39-aa04-48fb-8a04-0c6f5ad7d139,SVRN,2026-07-08,0001869467,no_filings,,,,,,
74ddc1c7-441d-4855-b95f-c58e9f557fb1,MASK,2026-07-08,0001993097,selected,0001185185-26-002646,F-1,,2026-06-25,maskf1062326.htm,shelf
74ddc1c7-441d-4855-b95f-c58e9f557fb1,MASK,2026-07-08,0001993097,selected,0001185185-26-002628,F-1/A,,2026-06-24,maskf1a1062426.htm,shelf
74ddc1c7-441d-4855-b95f-c58e9f557fb1,MASK,2026-07-08,0001993097,selected,0001185185-26-002325,F-1,,2026-06-03,maskf1060126.htm,shelf
9064c9fe-bb46-4a8b-b8e8-094eb0eedb2c,NCT,2026-07-08,0002018529,selected,0001213900-26-075881,424B4,,2026-07-07,ea0291199-05.htm,offering
9064c9fe-bb46-4a8b-b8e8-094eb0eedb2c,NCT,2026-07-08,0002018529,selected,0001213900-26-069967,F-1/A,,2026-06-18,ea0291199-04.htm,shelf
9064c9fe-bb46-4a8b-b8e8-094eb0eedb2c,NCT,2026-07-08,0002018529,selected,0001213900-26-066161,F-1,,2026-06-08,ea0291199-03.htm,shelf
9064c9fe-bb46-4a8b-b8e8-094eb0eedb2c,NCT,2026-07-08,0002018529,selected,0001213900-26-040544,424B3,,2026-04-06,ea028468402-424b3_intercont.htm,offering
3f276480-f7b2-4f71-a6db-85e756a56a2e,RKDA,2026-07-08,0001469443,selected,0001193125-26-294619,8-K,"5.02,5.08,8.01",2026-07-02,rkda-20260701.htm,8k_items:8.01
3f276480-f7b2-4f71-a6db-85e756a56a2e,RKDA,2026-07-08,0001469443,selected,0001193125-26-285578,S-3,,2026-06-26,rkda-20260626.htm,shelf
3f276480-f7b2-4f71-a6db-85e756a56a2e,RKDA,2026-07-08,0001469443,selected,0001193125-26-270560,8-K,"1.01,3.02,7.01,9.01",2026-06-15,rkda-20260611.htm,8k_items:1.01+3.02
3f276480-f7b2-4f71-a6db-85e756a56a2e,RKDA,2026-07-08,0001469443,selected,0001193125-26-045063,424B3,,2026-02-11,rkda-424b3-2026.htm,offering
3f276480-f7b2-4f71-a6db-85e756a56a2e,RKDA,2026-07-08,0001469443,selected,0001193125-26-025262,S-3,,2026-01-28,rkda-20260128.htm,shelf
b5607ba9-c79b-4263-85ab-836685d19bf1,GCDT,2026-07-08,0001926293,selected,0001493152-26-002089,424B3,,2026-01-13,form424b3.htm,offering
b5607ba9-c79b-4263-85ab-836685d19bf1,GCDT,2026-07-08,0001926293,selected,0001493152-26-002087,424B4,,2026-01-13,form424b4.htm,offering
00b6295c-19dc-4c0f-a792-9072fe568f2d,CUPR,2026-07-08,0001995704,selected,0001493152-26-032280,F-1,,2026-07-07,formf-1.htm,shelf
8a1824d4-22e8-4992-a8eb-8de705bc5874,CODX,2026-07-08,0001692415,selected,0001493152-26-025630,S-3,,2026-05-28,forms-3.htm,shelf
8a1824d4-22e8-4992-a8eb-8de705bc5874,CODX,2026-07-08,0001692415,selected,0001493152-26-022504,S-3,,2026-05-12,forms-3.htm,shelf
525d6815-9bf7-4b04-b1f4-1004309a9a6c,PW,2026-07-08,0001532619,no_filings,,,,,,
79f7da1c-a95d-43a7-8ff8-126311b1e2cf,ATPC,2026-07-08,0001713210,selected,0001493152-26-027669,S-1,,2026-06-08,forms-1.htm,shelf
79f7da1c-a95d-43a7-8ff8-126311b1e2cf,ATPC,2026-07-08,0001713210,selected,0001493152-26-005495,S-3,,2026-02-06,forms-3.htm,shelf
a702955c-48b1-40c5-a980-e60ce3ba9b8e,VMAR,2026-07-09,0001813783,selected,0001104659-26-006277,424B5,,2026-01-23,tm263907d1_424b5.htm,offering
f4c20bf7-91d5-4bb6-a107-2d6526d93a74,BJDX,2026-07-09,0001704287,selected,0001213900-26-072672,424B3,,2026-06-26,ea0296012-424b3_bluejay.htm,offering
f4c20bf7-91d5-4bb6-a107-2d6526d93a74,BJDX,2026-07-09,0001704287,selected,0001213900-26-069727,S-3,,2026-06-17,ea0294889-s3_bluejay.htm,shelf
0042a0d9-332b-49ed-b272-83bd1809c44f,IOTR,2026-07-09,0001997637,no_filings,,,,,,
8aae2b86-88fc-4a42-93ff-d0870cafd360,SVRN,2026-07-09,0001869467,no_filings,,,,,,
c7ce269a-1ddd-4772-a438-bcafcc08510e,SUGP,2026-07-09,0001969863,selected,0001753926-26-001031,424B3,,2026-06-22,g085773_424.htm,offering
c7ce269a-1ddd-4772-a438-bcafcc08510e,SUGP,2026-07-09,0001969863,selected,0001753926-26-001005,F-1,,2026-06-12,g085763_f1.htm,shelf
c7ce269a-1ddd-4772-a438-bcafcc08510e,SUGP,2026-07-09,0001969863,selected,0001753926-26-000819,424B3,,2026-05-12,g085728_424b3.htm,offering
a722f0dc-82ba-4398-9950-82bf4ddc5183,CUPR,2026-07-09,0001995704,selected,0001493152-26-032280,F-1,,2026-07-07,formf-1.htm,shelf
ba4de4ca-c836-4f1d-83df-6a3c58d9118a,HKIT,2026-07-09,0001742341,selected,0001213900-26-064589,424B5,,2026-06-03,ea0293322-424b5_hitek.htm,offering
ba4de4ca-c836-4f1d-83df-6a3c58d9118a,HKIT,2026-07-09,0001742341,selected,0001213900-26-036372,424B5,,2026-03-30,ea0283951-424b5_hitek.htm,offering
ba4de4ca-c836-4f1d-83df-6a3c58d9118a,HKIT,2026-07-09,0001742341,selected,0001213900-26-027662,424B5,,2026-03-13,ea0281563-424b5_hitek.htm,offering
8228864d-0b62-40c0-bd3a-b0597df6d79e,JAGX,2026-07-09,0001585608,selected,0001193125-26-292677,8-K,8.01,2026-07-01,d145900d8k.htm,8k_items:8.01
8228864d-0b62-40c0-bd3a-b0597df6d79e,JAGX,2026-07-09,0001585608,selected,0001193125-26-281969,8-K,"1.01,8.01,9.01",2026-06-25,d110630d8k.htm,8k_items:1.01+8.01
8228864d-0b62-40c0-bd3a-b0597df6d79e,JAGX,2026-07-09,0001585608,selected,0001193125-26-276103,8-K,"1.01,2.03,3.02,9.01",2026-06-18,d111863d8k.htm,8k_items:1.01+3.02
8228864d-0b62-40c0-bd3a-b0597df6d79e,JAGX,2026-07-09,0001585608,selected,0001193125-26-266770,8-K,"1.01,3.02,5.03,9.01",2026-06-11,d570985d8k.htm,8k_items:1.01+3.02+5.03
a45acce4-f5cb-4a55-9946-148214342462,GCDT,2026-07-09,0001926293,selected,0001493152-26-002089,424B3,,2026-01-13,form424b3.htm,offering
a45acce4-f5cb-4a55-9946-148214342462,GCDT,2026-07-09,0001926293,selected,0001493152-26-002087,424B4,,2026-01-13,form424b4.htm,offering
d112602f-f0ff-4745-a17e-9bf3387d3cdd,CODX,2026-07-09,0001692415,selected,0001493152-26-025630,S-3,,2026-05-28,forms-3.htm,shelf
d112602f-f0ff-4745-a17e-9bf3387d3cdd,CODX,2026-07-09,0001692415,selected,0001493152-26-022504,S-3,,2026-05-12,forms-3.htm,shelf
380b24da-45e9-445a-8bab-dae68b13d954,BNZI,2026-07-09,,no_cik,,,,,,
b89b1648-ea52-4a18-814e-504b97dff22f,RKDA,2026-07-09,0001469443,selected,0001193125-26-298841,424B3,,2026-07-09,rkda-424b3-2026-june.htm,offering
b89b1648-ea52-4a18-814e-504b97dff22f,RKDA,2026-07-09,0001469443,selected,0001193125-26-294619,8-K,"5.02,5.08,8.01",2026-07-02,rkda-20260701.htm,8k_items:8.01
b89b1648-ea52-4a18-814e-504b97dff22f,RKDA,2026-07-09,0001469443,selected,0001193125-26-285578,S-3,,2026-06-26,rkda-20260626.htm,shelf
b89b1648-ea52-4a18-814e-504b97dff22f,RKDA,2026-07-09,0001469443,selected,0001193125-26-270560,8-K,"1.01,3.02,7.01,9.01",2026-06-15,rkda-20260611.htm,8k_items:1.01+3.02
b89b1648-ea52-4a18-814e-504b97dff22f,RKDA,2026-07-09,0001469443,selected,0001193125-26-045063,424B3,,2026-02-11,rkda-424b3-2026.htm,offering
b89b1648-ea52-4a18-814e-504b97dff22f,RKDA,2026-07-09,0001469443,selected,0001193125-26-025262,S-3,,2026-01-28,rkda-20260128.htm,shelf
7bb462ff-c9d1-4056-afd0-4b12ec5fd2dc,MASK,2026-07-09,0001993097,selected,0001185185-26-002646,F-1,,2026-06-25,maskf1062326.htm,shelf
7bb462ff-c9d1-4056-afd0-4b12ec5fd2dc,MASK,2026-07-09,0001993097,selected,0001185185-26-002628,F-1/A,,2026-06-24,maskf1a1062426.htm,shelf
7bb462ff-c9d1-4056-afd0-4b12ec5fd2dc,MASK,2026-07-09,0001993097,selected,0001185185-26-002325,F-1,,2026-06-03,maskf1060126.htm,shelf
c05595ba-154f-4298-a667-f985febb3c4b,NCT,2026-07-09,0002018529,selected,0001213900-26-075881,424B4,,2026-07-07,ea0291199-05.htm,offering
c05595ba-154f-4298-a667-f985febb3c4b,NCT,2026-07-09,0002018529,selected,0001213900-26-069967,F-1/A,,2026-06-18,ea0291199-04.htm,shelf
c05595ba-154f-4298-a667-f985febb3c4b,NCT,2026-07-09,0002018529,selected,0001213900-26-066161,F-1,,2026-06-08,ea0291199-03.htm,shelf
c05595ba-154f-4298-a667-f985febb3c4b,NCT,2026-07-09,0002018529,selected,0001213900-26-040544,424B3,,2026-04-06,ea028468402-424b3_intercont.htm,offering
3a793bf2-709d-47d3-9c65-edc420153ca5,PW,2026-07-09,0001532619,no_filings,,,,,,
ea57742a-a34d-4206-8c2e-fc9889dc6747,ATPC,2026-07-09,0001713210,selected,0001493152-26-027669,S-1,,2026-06-08,forms-1.htm,shelf
ea57742a-a34d-4206-8c2e-fc9889dc6747,ATPC,2026-07-09,0001713210,selected,0001493152-26-005495,S-3,,2026-02-06,forms-3.htm,shelf
5d7fc758-9f17-4c0b-9bed-57963f8a2946,JLHL,2026-07-09,0002007846,no_filings,,,,,,
ed7a88ce-4ba9-4c97-a374-c24200d02f84,RPGL,2026-07-09,0001912884,selected,0001213900-26-039917,424B4,,2026-04-03,ea0282024-04.htm,offering
ed7a88ce-4ba9-4c97-a374-c24200d02f84,RPGL,2026-07-09,0001912884,selected,0001213900-26-035446,F-1/A,,2026-03-27,ea0282024-02.htm,shelf
ed7a88ce-4ba9-4c97-a374-c24200d02f84,RPGL,2026-07-09,0001912884,selected,0001213900-26-030971,F-1,,2026-03-18,ea0282024-01.htm,shelf
ed7a88ce-4ba9-4c97-a374-c24200d02f84,RPGL,2026-07-09,0001912884,selected,0001213900-26-009439,424B4,,2026-01-29,ea0270193-03.htm,offering
ed7a88ce-4ba9-4c97-a374-c24200d02f84,RPGL,2026-07-09,0001912884,selected,0001213900-26-006446,F-1,,2026-01-22,ea0270193-02.htm,shelf
b1e17cf4-bb18-4106-926d-d35faf0c760c,RKTO,2026-07-09,0001711786,selected,0001213900-26-072137,8-K,"8.01,9.01",2026-06-25,ea0295947-8k_rocket.htm,8k_items:8.01
b1e17cf4-bb18-4106-926d-d35faf0c760c,RKTO,2026-07-09,0001711786,selected,0001213900-26-064456,424B5,,2026-06-03,ea0293383-424b5_rocketone.htm,offering
b1e17cf4-bb18-4106-926d-d35faf0c760c,RKTO,2026-07-09,0001711786,selected,0001213900-26-061613,424B5,,2026-05-27,ea0292424-424b5_rocketone.htm,offering
b1e17cf4-bb18-4106-926d-d35faf0c760c,RKTO,2026-07-09,0001711786,selected,0001213900-26-044740,424B5,,2026-04-16,ea0286589-424b5_hoth.htm,offering
b1e17cf4-bb18-4106-926d-d35faf0c760c,RKTO,2026-07-09,0001711786,selected,0001213900-26-039103,424B5,,2026-04-02,ea0284778-424b5_hoth.htm,offering
7d550f6a-d710-4d8d-85c8-338c6efc10db,WRAP,2026-07-09,0001702924,selected,0001493152-26-006793,424B3,,2026-02-13,form424b3.htm,offering
7d550f6a-d710-4d8d-85c8-338c6efc10db,WRAP,2026-07-09,0001702924,selected,0001493152-26-005822,S-3,,2026-02-09,forms-3.htm,shelf
96761d7b-be12-4ba5-9582-9e3721bd0615,BJDX,2026-07-09,0001704287,selected,0001213900-26-072672,424B3,,2026-06-26,ea0296012-424b3_bluejay.htm,offering
96761d7b-be12-4ba5-9582-9e3721bd0615,BJDX,2026-07-09,0001704287,selected,0001213900-26-069727,S-3,,2026-06-17,ea0294889-s3_bluejay.htm,shelf
62a144aa-4774-40d1-a9cb-96cef4cd199e,VMAR,2026-07-10,0001813783,selected,0001104659-26-006277,424B5,,2026-01-23,tm263907d1_424b5.htm,offering
9ebd153b-a29c-4fd4-b646-502809fae560,BJDX,2026-07-10,0001704287,selected,0001213900-26-072672,424B3,,2026-06-26,ea0296012-424b3_bluejay.htm,offering
9ebd153b-a29c-4fd4-b646-502809fae560,BJDX,2026-07-10,0001704287,selected,0001213900-26-069727,S-3,,2026-06-17,ea0294889-s3_bluejay.htm,shelf
4c6c1cf7-2a53-4e6f-bf31-f70ed1ea90a3,GCDT,2026-07-10,0001926293,selected,0001493152-26-002089,424B3,,2026-01-13,form424b3.htm,offering
4c6c1cf7-2a53-4e6f-bf31-f70ed1ea90a3,GCDT,2026-07-10,0001926293,selected,0001493152-26-002087,424B4,,2026-01-13,form424b4.htm,offering
47b0c675-cb6a-47d5-9388-eb648193284a,IOTR,2026-07-10,0001997637,no_filings,,,,,,
1e60f221-a1c9-4de9-a1a8-4d7b49a06dca,SUGP,2026-07-10,0001969863,selected,0001753926-26-001031,424B3,,2026-06-22,g085773_424.htm,offering
1e60f221-a1c9-4de9-a1a8-4d7b49a06dca,SUGP,2026-07-10,0001969863,selected,0001753926-26-001005,F-1,,2026-06-12,g085763_f1.htm,shelf
1e60f221-a1c9-4de9-a1a8-4d7b49a06dca,SUGP,2026-07-10,0001969863,selected,0001753926-26-000819,424B3,,2026-05-12,g085728_424b3.htm,offering
e2545bf4-e39f-4e78-a8e5-38bc290e7113,SVRN,2026-07-10,0001869467,no_filings,,,,,,
58a9ccb3-0226-4ead-8b95-99da28bc76fb,CUPR,2026-07-10,0001995704,selected,0001493152-26-032280,F-1,,2026-07-07,formf-1.htm,shelf
7c30d74c-55a9-4f3c-b35c-671a96ee3fc7,PW,2026-07-10,0001532619,no_filings,,,,,,
613f668b-fc7e-48e3-b919-ac7926f7c507,JAGX,2026-07-10,0001585608,selected,0001193125-26-292677,8-K,8.01,2026-07-01,d145900d8k.htm,8k_items:8.01
613f668b-fc7e-48e3-b919-ac7926f7c507,JAGX,2026-07-10,0001585608,selected,0001193125-26-281969,8-K,"1.01,8.01,9.01",2026-06-25,d110630d8k.htm,8k_items:1.01+8.01
613f668b-fc7e-48e3-b919-ac7926f7c507,JAGX,2026-07-10,0001585608,selected,0001193125-26-276103,8-K,"1.01,2.03,3.02,9.01",2026-06-18,d111863d8k.htm,8k_items:1.01+3.02
613f668b-fc7e-48e3-b919-ac7926f7c507,JAGX,2026-07-10,0001585608,selected,0001193125-26-266770,8-K,"1.01,3.02,5.03,9.01",2026-06-11,d570985d8k.htm,8k_items:1.01+3.02+5.03
994aafe8-34d1-4dd9-9aec-e616c4c8401d,NCT,2026-07-10,0002018529,selected,0001213900-26-075881,424B4,,2026-07-07,ea0291199-05.htm,offering
994aafe8-34d1-4dd9-9aec-e616c4c8401d,NCT,2026-07-10,0002018529,selected,0001213900-26-069967,F-1/A,,2026-06-18,ea0291199-04.htm,shelf
994aafe8-34d1-4dd9-9aec-e616c4c8401d,NCT,2026-07-10,0002018529,selected,0001213900-26-066161,F-1,,2026-06-08,ea0291199-03.htm,shelf
994aafe8-34d1-4dd9-9aec-e616c4c8401d,NCT,2026-07-10,0002018529,selected,0001213900-26-040544,424B3,,2026-04-06,ea028468402-424b3_intercont.htm,offering
8b818464-28c4-4e3f-8964-fd4a643eaaf5,MASK,2026-07-10,0001993097,selected,0001185185-26-002646,F-1,,2026-06-25,maskf1062326.htm,shelf
8b818464-28c4-4e3f-8964-fd4a643eaaf5,MASK,2026-07-10,0001993097,selected,0001185185-26-002628,F-1/A,,2026-06-24,maskf1a1062426.htm,shelf
8b818464-28c4-4e3f-8964-fd4a643eaaf5,MASK,2026-07-10,0001993097,selected,0001185185-26-002325,F-1,,2026-06-03,maskf1060126.htm,shelf
241dbfc6-cebf-477c-87fa-822d9b336187,RKDA,2026-07-10,0001469443,selected,0001193125-26-298841,424B3,,2026-07-09,rkda-424b3-2026-june.htm,offering
241dbfc6-cebf-477c-87fa-822d9b336187,RKDA,2026-07-10,0001469443,selected,0001193125-26-294619,8-K,"5.02,5.08,8.01",2026-07-02,rkda-20260701.htm,8k_items:8.01
241dbfc6-cebf-477c-87fa-822d9b336187,RKDA,2026-07-10,0001469443,selected,0001193125-26-285578,S-3,,2026-06-26,rkda-20260626.htm,shelf
241dbfc6-cebf-477c-87fa-822d9b336187,RKDA,2026-07-10,0001469443,selected,0001193125-26-270560,8-K,"1.01,3.02,7.01,9.01",2026-06-15,rkda-20260611.htm,8k_items:1.01+3.02
241dbfc6-cebf-477c-87fa-822d9b336187,RKDA,2026-07-10,0001469443,selected,0001193125-26-045063,424B3,,2026-02-11,rkda-424b3-2026.htm,offering
241dbfc6-cebf-477c-87fa-822d9b336187,RKDA,2026-07-10,0001469443,selected,0001193125-26-025262,S-3,,2026-01-28,rkda-20260128.htm,shelf
6f6fc3a1-d0f2-4f30-bb79-990063154f3c,BNZI,2026-07-10,,no_cik,,,,,,
501a1d18-bdad-426b-ab28-3f5485718899,HKIT,2026-07-10,0001742341,selected,0001213900-26-064589,424B5,,2026-06-03,ea0293322-424b5_hitek.htm,offering
501a1d18-bdad-426b-ab28-3f5485718899,HKIT,2026-07-10,0001742341,selected,0001213900-26-036372,424B5,,2026-03-30,ea0283951-424b5_hitek.htm,offering
501a1d18-bdad-426b-ab28-3f5485718899,HKIT,2026-07-10,0001742341,selected,0001213900-26-027662,424B5,,2026-03-13,ea0281563-424b5_hitek.htm,offering
86527580-ac7a-4cac-ae36-5a55083de5e4,ATPC,2026-07-10,0001713210,selected,0001493152-26-027669,S-1,,2026-06-08,forms-1.htm,shelf
86527580-ac7a-4cac-ae36-5a55083de5e4,ATPC,2026-07-10,0001713210,selected,0001493152-26-005495,S-3,,2026-02-06,forms-3.htm,shelf
79275e3d-41d7-4ca2-91fe-1e81a0714b87,CODX,2026-07-10,0001692415,selected,0001493152-26-025630,S-3,,2026-05-28,forms-3.htm,shelf
79275e3d-41d7-4ca2-91fe-1e81a0714b87,CODX,2026-07-10,0001692415,selected,0001493152-26-022504,S-3,,2026-05-12,forms-3.htm,shelf
08aae4da-545e-4cee-a972-d792d2374b66,VRAX,2026-07-10,0001885827,no_filings,,,,,,
ae9c5f84-a449-43c0-b07a-c51f69bd9987,RPGL,2026-07-10,0001912884,selected,0001213900-26-039917,424B4,,2026-04-03,ea0282024-04.htm,offering
ae9c5f84-a449-43c0-b07a-c51f69bd9987,RPGL,2026-07-10,0001912884,selected,0001213900-26-035446,F-1/A,,2026-03-27,ea0282024-02.htm,shelf
ae9c5f84-a449-43c0-b07a-c51f69bd9987,RPGL,2026-07-10,0001912884,selected,0001213900-26-030971,F-1,,2026-03-18,ea0282024-01.htm,shelf
ae9c5f84-a449-43c0-b07a-c51f69bd9987,RPGL,2026-07-10,0001912884,selected,0001213900-26-009439,424B4,,2026-01-29,ea0270193-03.htm,offering
ae9c5f84-a449-43c0-b07a-c51f69bd9987,RPGL,2026-07-10,0001912884,selected,0001213900-26-006446,F-1,,2026-01-22,ea0270193-02.htm,shelf
9c64870b-aafc-4506-bf6f-4ef65457bb79,TDTH,2026-07-10,0001983550,no_filings,,,,,,
f3bad714-d074-4145-8e29-4960435ee398,SRXH,2026-07-10,0001471727,selected,0001493152-26-029963,8-K,"3.01,5.07,9.01",2026-06-24,form8-k.htm,8k_items:3.01
f3bad714-d074-4145-8e29-4960435ee398,SRXH,2026-07-10,0001471727,selected,0001493152-26-027557,424B3,,2026-06-08,form424b3.htm,offering
f3bad714-d074-4145-8e29-4960435ee398,SRXH,2026-07-10,0001471727,selected,0001493152-26-027556,424B3,,2026-06-08,form424b3.htm,offering
f3bad714-d074-4145-8e29-4960435ee398,SRXH,2026-07-10,0001471727,selected,0001493152-26-021743,424B3,,2026-05-07,form424b3.htm,offering
f3bad714-d074-4145-8e29-4960435ee398,SRXH,2026-07-10,0001471727,selected,0001493152-26-009200,424B3,,2026-03-06,form424b3.htm,offering
f3bad714-d074-4145-8e29-4960435ee398,SRXH,2026-07-10,0001471727,selected,0001493152-26-009192,424B3,,2026-03-06,form424b3.htm,offering
d404e0cd-e7ac-4099-83e0-234b5503680f,CNTB,2026-07-10,0001835268,selected,0001193125-26-225436,F-3,,2026-05-15,d85019df3.htm,shelf
316388ec-9489-43cb-b624-8ffef82248ae,CIRC,2026-07-10,0001605888,selected,0001213900-26-075040,424B3,,2026-07-02,ea0296098-424b3_atlantic.htm,offering
316388ec-9489-43cb-b624-8ffef82248ae,CIRC,2026-07-10,0001605888,selected,0001605888-26-000037,8-K,"1.01,5.02,5.03,7.01,9.01",2026-07-01,altn-20260629.htm,8k_items:1.01+5.03
316388ec-9489-43cb-b624-8ffef82248ae,CIRC,2026-07-10,0001605888,selected,0001605888-26-000028,8-K,"2.02,7.01,8.01,9.01",2026-06-25,altn-20260622.htm,8k_items:8.01
316388ec-9489-43cb-b624-8ffef82248ae,CIRC,2026-07-10,0001605888,selected,0001213900-26-071365,424B3,,2026-06-24,ea0295710-424b3_atlantic.htm,offering
316388ec-9489-43cb-b624-8ffef82248ae,CIRC,2026-07-10,0001605888,selected,0001213900-26-061540,424B3,,2026-05-27,ea0291626-424b3_atlantic.htm,offering
316388ec-9489-43cb-b624-8ffef82248ae,CIRC,2026-07-10,0001605888,selected,0001213900-26-041282,424B3,,2026-04-08,ea0285516-424b3_atlantic.htm,offering
e71f2089-ba8d-46a5-9873-1aa6aea8172c,SUNE,2026-07-10,0000022701,selected,0001213900-26-041767,424B5,,2026-04-09,ea0285361-424b5_sunation.htm,offering
076ea60e-a228-4bdd-b460-4f6050abd3d0,WRAP,2026-07-10,0001702924,selected,0001493152-26-006793,424B3,,2026-02-13,form424b3.htm,offering
076ea60e-a228-4bdd-b460-4f6050abd3d0,WRAP,2026-07-10,0001702924,selected,0001493152-26-005822,S-3,,2026-02-09,forms-3.htm,shelf
6f22c285-d4d0-40f4-a713-58e534d79e84,PTLE,2026-07-10,0002016337,selected,0001213900-26-012624,424B5,,2026-02-05,ea0275537-424b5_ptl.htm,offering
7334f429-3a8e-4dbd-a474-6ec68871919d,BNZI,2026-07-13,,no_cik,,,,,,
0586d4e6-c3a9-4319-b6e1-8ea9ac3f5f32,BJDX,2026-07-13,0001704287,selected,0001213900-26-072672,424B3,,2026-06-26,ea0296012-424b3_bluejay.htm,offering
0586d4e6-c3a9-4319-b6e1-8ea9ac3f5f32,BJDX,2026-07-13,0001704287,selected,0001213900-26-069727,S-3,,2026-06-17,ea0294889-s3_bluejay.htm,shelf
9420bd3d-6033-4e41-bc4f-cc1d3838f426,SUGP,2026-07-13,0001969863,selected,0001753926-26-001031,424B3,,2026-06-22,g085773_424.htm,offering
9420bd3d-6033-4e41-bc4f-cc1d3838f426,SUGP,2026-07-13,0001969863,selected,0001753926-26-001005,F-1,,2026-06-12,g085763_f1.htm,shelf
9420bd3d-6033-4e41-bc4f-cc1d3838f426,SUGP,2026-07-13,0001969863,selected,0001753926-26-000819,424B3,,2026-05-12,g085728_424b3.htm,offering
f9ef0a9c-9844-478a-94b9-b1425eeaada9,VMAR,2026-07-13,0001813783,selected,0001104659-26-006277,424B5,,2026-01-23,tm263907d1_424b5.htm,offering
3ef10750-cafb-43e5-a6cd-b93fa60d119e,IOTR,2026-07-13,0001997637,no_filings,,,,,,
8eeed4c3-2b93-4d62-a516-b1b4212cf8c8,GCDT,2026-07-13,0001926293,no_filings,,,,,,
06b5cb94-5713-4074-be5f-aec9b52d129a,JAGX,2026-07-13,0001585608,selected,0001193125-26-292677,8-K,8.01,2026-07-01,d145900d8k.htm,8k_items:8.01
06b5cb94-5713-4074-be5f-aec9b52d129a,JAGX,2026-07-13,0001585608,selected,0001193125-26-281969,8-K,"1.01,8.01,9.01",2026-06-25,d110630d8k.htm,8k_items:1.01+8.01
06b5cb94-5713-4074-be5f-aec9b52d129a,JAGX,2026-07-13,0001585608,selected,0001193125-26-276103,8-K,"1.01,2.03,3.02,9.01",2026-06-18,d111863d8k.htm,8k_items:1.01+3.02
7b7f609c-574f-4382-b45f-5ec71c6ed22e,ATPC,2026-07-13,0001713210,selected,0001493152-26-027669,S-1,,2026-06-08,forms-1.htm,shelf
7b7f609c-574f-4382-b45f-5ec71c6ed22e,ATPC,2026-07-13,0001713210,selected,0001493152-26-005495,S-3,,2026-02-06,forms-3.htm,shelf
e5c5830f-5e40-4184-92e5-8a7162a4ba6f,MASK,2026-07-13,0001993097,selected,0001185185-26-002646,F-1,,2026-06-25,maskf1062326.htm,shelf
e5c5830f-5e40-4184-92e5-8a7162a4ba6f,MASK,2026-07-13,0001993097,selected,0001185185-26-002628,F-1/A,,2026-06-24,maskf1a1062426.htm,shelf
e5c5830f-5e40-4184-92e5-8a7162a4ba6f,MASK,2026-07-13,0001993097,selected,0001185185-26-002325,F-1,,2026-06-03,maskf1060126.htm,shelf
c6785d44-b458-4025-90b1-bcbb24a9857e,HKIT,2026-07-13,0001742341,selected,0001213900-26-064589,424B5,,2026-06-03,ea0293322-424b5_hitek.htm,offering
c6785d44-b458-4025-90b1-bcbb24a9857e,HKIT,2026-07-13,0001742341,selected,0001213900-26-036372,424B5,,2026-03-30,ea0283951-424b5_hitek.htm,offering
c6785d44-b458-4025-90b1-bcbb24a9857e,HKIT,2026-07-13,0001742341,selected,0001213900-26-027662,424B5,,2026-03-13,ea0281563-424b5_hitek.htm,offering
5ff03444-b93b-4869-8c9e-d577ac648267,RKDA,2026-07-13,0001469443,selected,0001193125-26-298841,424B3,,2026-07-09,rkda-424b3-2026-june.htm,offering
5ff03444-b93b-4869-8c9e-d577ac648267,RKDA,2026-07-13,0001469443,selected,0001193125-26-294619,8-K,"5.02,5.08,8.01",2026-07-02,rkda-20260701.htm,8k_items:8.01
5ff03444-b93b-4869-8c9e-d577ac648267,RKDA,2026-07-13,0001469443,selected,0001193125-26-285578,S-3,,2026-06-26,rkda-20260626.htm,shelf
5ff03444-b93b-4869-8c9e-d577ac648267,RKDA,2026-07-13,0001469443,selected,0001193125-26-270560,8-K,"1.01,3.02,7.01,9.01",2026-06-15,rkda-20260611.htm,8k_items:1.01+3.02
5ff03444-b93b-4869-8c9e-d577ac648267,RKDA,2026-07-13,0001469443,selected,0001193125-26-045063,424B3,,2026-02-11,rkda-424b3-2026.htm,offering
5ff03444-b93b-4869-8c9e-d577ac648267,RKDA,2026-07-13,0001469443,selected,0001193125-26-025262,S-3,,2026-01-28,rkda-20260128.htm,shelf
b957bb77-bde8-408f-bd90-1fc26bd6aae1,NCT,2026-07-13,0002018529,selected,0001213900-26-075881,424B4,,2026-07-07,ea0291199-05.htm,offering
b957bb77-bde8-408f-bd90-1fc26bd6aae1,NCT,2026-07-13,0002018529,selected,0001213900-26-069967,F-1/A,,2026-06-18,ea0291199-04.htm,shelf
b957bb77-bde8-408f-bd90-1fc26bd6aae1,NCT,2026-07-13,0002018529,selected,0001213900-26-066161,F-1,,2026-06-08,ea0291199-03.htm,shelf
b957bb77-bde8-408f-bd90-1fc26bd6aae1,NCT,2026-07-13,0002018529,selected,0001213900-26-040544,424B3,,2026-04-06,ea028468402-424b3_intercont.htm,offering
80b0c2e4-7e4b-4ad3-b310-209e4db35b57,PW,2026-07-13,0001532619,no_filings,,,,,,
f53624b3-0ee0-4777-9a03-7eb6567b9661,CODX,2026-07-13,0001692415,selected,0001493152-26-025630,S-3,,2026-05-28,forms-3.htm,shelf
f53624b3-0ee0-4777-9a03-7eb6567b9661,CODX,2026-07-13,0001692415,selected,0001493152-26-022504,S-3,,2026-05-12,forms-3.htm,shelf
87a275ac-2da6-4322-b028-89437fc91cc4,CUPR,2026-07-13,0001995704,selected,0001493152-26-032280,F-1,,2026-07-07,formf-1.htm,shelf
a33a361a-a112-4aef-a2fa-e50f0f8158f3,SVRN,2026-07-13,0001869467,no_filings,,,,,,
9519eb10-d860-4e86-9dbd-0bba371fa076,MIMI,2026-07-13,0001998560,selected,0001213900-26-059054,F-3,,2026-05-19,ea0290805-f3_mint.htm,shelf
128eace4-a3f6-4352-be8c-a292446f2bd1,PLSM,2026-07-13,0002064764,selected,0001493152-26-031872,F-1,,2026-07-02,formf-1.htm,shelf
83085d03-d189-4096-8e2a-76447b0e2344,LGPS,2026-07-13,0002040290,no_filings,,,,,,
22d294ec-724a-4531-9939-b9b2c4e3c271,AGEN,2026-07-13,0001098972,selected,0001193125-26-301414,8-K,"1.01,3.02,7.01,8.01,9.01",2026-07-13,d111026d8k.htm,8k_items:1.01+3.02+8.01
22d294ec-724a-4531-9939-b9b2c4e3c271,AGEN,2026-07-13,0001098972,selected,0001193125-26-296186,8-K,1.01,2026-07-06,agen-20260629.htm,8k_items:1.01
4876c033-3c11-4f24-b544-669444ff8cbc,EHGO,2026-07-13,0001879754,selected,0001185185-26-002766,424B5,,2026-07-01,ehgo424b5070126.htm,offering
4876c033-3c11-4f24-b544-669444ff8cbc,EHGO,2026-07-13,0001879754,selected,0001185185-26-002650,424B5,,2026-06-25,ehgo424b5062526.htm,offering
4876c033-3c11-4f24-b544-669444ff8cbc,EHGO,2026-07-13,0001879754,selected,0001185185-26-002541,F-1/A,,2026-06-17,ehgof1a1061426.htm,shelf
4876c033-3c11-4f24-b544-669444ff8cbc,EHGO,2026-07-13,0001879754,selected,0001185185-26-002413,F-1,,2026-06-08,ehgof1060526.htm,shelf
c1ca3ecd-6271-4d4d-9b8d-93fb8704b2d6,VMAR,2026-07-14,0001813783,selected,0001104659-26-006277,424B5,,2026-01-23,tm263907d1_424b5.htm,offering
d2e8de2c-2bd7-4bbe-9a0f-d6881613053e,BNZI,2026-07-14,,no_cik,,,,,,
4144d6b7-9413-45b9-b734-645de393a304,BJDX,2026-07-14,0001704287,selected,0001213900-26-072672,424B3,,2026-06-26,ea0296012-424b3_bluejay.htm,offering
4144d6b7-9413-45b9-b734-645de393a304,BJDX,2026-07-14,0001704287,selected,0001213900-26-069727,S-3,,2026-06-17,ea0294889-s3_bluejay.htm,shelf
51eaad3e-b04b-4b41-a19d-8946b641d6b3,SUGP,2026-07-14,0001969863,selected,0001753926-26-001031,424B3,,2026-06-22,g085773_424.htm,offering
51eaad3e-b04b-4b41-a19d-8946b641d6b3,SUGP,2026-07-14,0001969863,selected,0001753926-26-001005,F-1,,2026-06-12,g085763_f1.htm,shelf
51eaad3e-b04b-4b41-a19d-8946b641d6b3,SUGP,2026-07-14,0001969863,selected,0001753926-26-000819,424B3,,2026-05-12,g085728_424b3.htm,offering
02e3caa7-b81f-4230-a8e5-860c582d54f5,CUPR,2026-07-14,0001995704,selected,0001493152-26-032280,F-1,,2026-07-07,formf-1.htm,shelf
a7a68b45-f8de-45b6-a272-37f0d2d7ef26,RKDA,2026-07-14,0001469443,selected,0001193125-26-298841,424B3,,2026-07-09,rkda-424b3-2026-june.htm,offering
a7a68b45-f8de-45b6-a272-37f0d2d7ef26,RKDA,2026-07-14,0001469443,selected,0001193125-26-294619,8-K,"5.02,5.08,8.01",2026-07-02,rkda-20260701.htm,8k_items:8.01
a7a68b45-f8de-45b6-a272-37f0d2d7ef26,RKDA,2026-07-14,0001469443,selected,0001193125-26-285578,S-3,,2026-06-26,rkda-20260626.htm,shelf
a7a68b45-f8de-45b6-a272-37f0d2d7ef26,RKDA,2026-07-14,0001469443,selected,0001193125-26-270560,8-K,"1.01,3.02,7.01,9.01",2026-06-15,rkda-20260611.htm,8k_items:1.01+3.02
a7a68b45-f8de-45b6-a272-37f0d2d7ef26,RKDA,2026-07-14,0001469443,selected,0001193125-26-045063,424B3,,2026-02-11,rkda-424b3-2026.htm,offering
a7a68b45-f8de-45b6-a272-37f0d2d7ef26,RKDA,2026-07-14,0001469443,selected,0001193125-26-025262,S-3,,2026-01-28,rkda-20260128.htm,shelf
65055538-7ca2-4e02-b37d-6c19a19f6934,NCT,2026-07-14,0002018529,selected,0001213900-26-075881,424B4,,2026-07-07,ea0291199-05.htm,offering
65055538-7ca2-4e02-b37d-6c19a19f6934,NCT,2026-07-14,0002018529,selected,0001213900-26-069967,F-1/A,,2026-06-18,ea0291199-04.htm,shelf
65055538-7ca2-4e02-b37d-6c19a19f6934,NCT,2026-07-14,0002018529,selected,0001213900-26-066161,F-1,,2026-06-08,ea0291199-03.htm,shelf
65055538-7ca2-4e02-b37d-6c19a19f6934,NCT,2026-07-14,0002018529,selected,0001213900-26-040544,424B3,,2026-04-06,ea028468402-424b3_intercont.htm,offering
5beed92d-2575-4bb8-b3f4-a615f6f6d5ca,HKIT,2026-07-14,0001742341,selected,0001213900-26-064589,424B5,,2026-06-03,ea0293322-424b5_hitek.htm,offering
5beed92d-2575-4bb8-b3f4-a615f6f6d5ca,HKIT,2026-07-14,0001742341,selected,0001213900-26-036372,424B5,,2026-03-30,ea0283951-424b5_hitek.htm,offering
5beed92d-2575-4bb8-b3f4-a615f6f6d5ca,HKIT,2026-07-14,0001742341,selected,0001213900-26-027662,424B5,,2026-03-13,ea0281563-424b5_hitek.htm,offering
e4a5e5ad-9186-495e-be20-f9ad35596cd5,SVRN,2026-07-14,0001869467,no_filings,,,,,,
46c751f9-6d2f-4828-94d1-15ad7e26f790,ATPC,2026-07-14,0001713210,selected,0001493152-26-027669,S-1,,2026-06-08,forms-1.htm,shelf
46c751f9-6d2f-4828-94d1-15ad7e26f790,ATPC,2026-07-14,0001713210,selected,0001493152-26-005495,S-3,,2026-02-06,forms-3.htm,shelf
02246059-253d-473e-8a43-126156f14cb8,IOTR,2026-07-14,0001997637,no_filings,,,,,,
c4a55de7-da50-482c-ba4e-dafa3dd7199c,JAGX,2026-07-14,0001585608,selected,0001193125-26-292677,8-K,8.01,2026-07-01,d145900d8k.htm,8k_items:8.01
c4a55de7-da50-482c-ba4e-dafa3dd7199c,JAGX,2026-07-14,0001585608,selected,0001193125-26-281969,8-K,"1.01,8.01,9.01",2026-06-25,d110630d8k.htm,8k_items:1.01+8.01
c4a55de7-da50-482c-ba4e-dafa3dd7199c,JAGX,2026-07-14,0001585608,selected,0001193125-26-276103,8-K,"1.01,2.03,3.02,9.01",2026-06-18,d111863d8k.htm,8k_items:1.01+3.02
76a940b4-8990-4013-bee3-96878468576f,MASK,2026-07-14,0001993097,selected,0001185185-26-002646,F-1,,2026-06-25,maskf1062326.htm,shelf
76a940b4-8990-4013-bee3-96878468576f,MASK,2026-07-14,0001993097,selected,0001185185-26-002628,F-1/A,,2026-06-24,maskf1a1062426.htm,shelf
76a940b4-8990-4013-bee3-96878468576f,MASK,2026-07-14,0001993097,selected,0001185185-26-002325,F-1,,2026-06-03,maskf1060126.htm,shelf
c98585f7-8a5f-420d-9694-502c62057078,PW,2026-07-14,0001532619,no_filings,,,,,,
ee30e9f5-abc0-48ae-8b15-1702360bfcbf,GCDT,2026-07-14,0001926293,no_filings,,,,,,
42b463bc-7648-4edd-a1cb-749f69fe4360,CODX,2026-07-14,0001692415,selected,0001493152-26-025630,S-3,,2026-05-28,forms-3.htm,shelf
42b463bc-7648-4edd-a1cb-749f69fe4360,CODX,2026-07-14,0001692415,selected,0001493152-26-022504,S-3,,2026-05-12,forms-3.htm,shelf
060ffda6-ab56-497f-968c-6e30b1294636,SOBR,2026-07-14,0001425627,selected,0001477932-26-000335,424B3,,2026-01-22,sobr_424b3.htm,offering
d7b8fb94-099f-421f-9473-6dfb781f4118,MIMI,2026-07-14,0001998560,selected,0001213900-26-059054,F-3,,2026-05-19,ea0290805-f3_mint.htm,shelf
8742f7a7-cdd6-4357-8ab6-8bf5ec9585e4,VMAR,2026-07-14,0001813783,selected,0001104659-26-006277,424B5,,2026-01-23,tm263907d1_424b5.htm,offering
c85d81fe-8783-4152-80d9-243590a99824,ACTU,2026-07-14,0001652935,no_filings,,,,,,
2d7ac1ff-9661-457b-9730-3941bcf84eb3,LGPS,2026-07-14,0002040290,no_filings,,,,,,
890e89e4-ac04-46df-95b1-b032b8bb5ab6,AURE,2026-07-14,0001765850,no_filings,,,,,,
1f1e6fed-7b11-4ea1-883a-afc14f13f6e6,EHGO,2026-07-14,0001879754,selected,0001185185-26-002766,424B5,,2026-07-01,ehgo424b5070126.htm,offering
1f1e6fed-7b11-4ea1-883a-afc14f13f6e6,EHGO,2026-07-14,0001879754,selected,0001185185-26-002650,424B5,,2026-06-25,ehgo424b5062526.htm,offering
1f1e6fed-7b11-4ea1-883a-afc14f13f6e6,EHGO,2026-07-14,0001879754,selected,0001185185-26-002541,F-1/A,,2026-06-17,ehgof1a1061426.htm,shelf
1f1e6fed-7b11-4ea1-883a-afc14f13f6e6,EHGO,2026-07-14,0001879754,selected,0001185185-26-002413,F-1,,2026-06-08,ehgof1060526.htm,shelf
d5ae8ea1-06d6-4adb-9c8c-062fa3475f95,SLMT,2026-07-14,0001939965,selected,0001213900-26-072755,F-3,,2026-06-29,ea0291394-f3_brera.htm,shelf
d5ae8ea1-06d6-4adb-9c8c-062fa3475f95,SLMT,2026-07-14,0001939965,selected,0001213900-26-060158,424B5,,2026-05-21,ea0291646-424b5_brera.htm,offering
d5ae8ea1-06d6-4adb-9c8c-062fa3475f95,SLMT,2026-07-14,0001939965,selected,0001213900-26-060042,FWP,,2026-05-21,ea0291836-fwp_brera.htm,offering
37ca2fbe-6566-41e8-8a42-2b7ca88251fe,AGEN,2026-07-14,0001098972,selected,0001193125-26-301414,8-K,"1.01,3.02,7.01,8.01,9.01",2026-07-13,d111026d8k.htm,8k_items:1.01+3.02+8.01
37ca2fbe-6566-41e8-8a42-2b7ca88251fe,AGEN,2026-07-14,0001098972,selected,0001193125-26-296186,8-K,1.01,2026-07-06,agen-20260629.htm,8k_items:1.01
f791c816-de5d-42bb-95aa-300bea92abfe,NXTC,2026-07-14,0001661059,selected,0001104659-26-083326,8-K,"1.01,2.05,5.01,5.02,7.01,8.01,9.01",2026-07-14,tm2620428d1_8k.htm,8k_items:1.01+8.01
7e4ea299-6c23-4221-aae2-4804f977f2bb,VMAR,2026-07-15,0001813783,selected,0001104659-26-006277,424B5,,2026-01-23,tm263907d1_424b5.htm,offering
a4e9ce22-b4da-49c7-9b9d-969a0c307ff6,BNZI,2026-07-15,,no_cik,,,,,,
b3a1e5f6-89a3-4394-8098-a344bd7c955d,BJDX,2026-07-15,0001704287,selected,0001213900-26-072672,424B3,,2026-06-26,ea0296012-424b3_bluejay.htm,offering
b3a1e5f6-89a3-4394-8098-a344bd7c955d,BJDX,2026-07-15,0001704287,selected,0001213900-26-069727,S-3,,2026-06-17,ea0294889-s3_bluejay.htm,shelf
edaa259a-55b0-4dd7-9669-4ea9464b150f,GCDT,2026-07-15,0001926293,no_filings,,,,,,
40376ee5-67a9-4c2a-ab52-06ed16f4a62a,CUPR,2026-07-15,0001995704,selected,0001493152-26-032280,F-1,,2026-07-07,formf-1.htm,shelf
ef855eb9-8c96-43fb-87ae-112b6a998fa3,JAGX,2026-07-15,0001585608,selected,0001193125-26-303190,8-K,"1.01,9.01",2026-07-14,d144017d8k.htm,8k_items:1.01
ef855eb9-8c96-43fb-87ae-112b6a998fa3,JAGX,2026-07-15,0001585608,selected,0001193125-26-292677,8-K,8.01,2026-07-01,d145900d8k.htm,8k_items:8.01
ef855eb9-8c96-43fb-87ae-112b6a998fa3,JAGX,2026-07-15,0001585608,selected,0001193125-26-281969,8-K,"1.01,8.01,9.01",2026-06-25,d110630d8k.htm,8k_items:1.01+8.01
ef855eb9-8c96-43fb-87ae-112b6a998fa3,JAGX,2026-07-15,0001585608,selected,0001193125-26-276103,8-K,"1.01,2.03,3.02,9.01",2026-06-18,d111863d8k.htm,8k_items:1.01+3.02
840959db-0817-4f28-84f2-9f8fce9edf7e,SUGP,2026-07-15,0001969863,selected,0001753926-26-001031,424B3,,2026-06-22,g085773_424.htm,offering
840959db-0817-4f28-84f2-9f8fce9edf7e,SUGP,2026-07-15,0001969863,selected,0001753926-26-001005,F-1,,2026-06-12,g085763_f1.htm,shelf
840959db-0817-4f28-84f2-9f8fce9edf7e,SUGP,2026-07-15,0001969863,selected,0001753926-26-000819,424B3,,2026-05-12,g085728_424b3.htm,offering
a3dd09e5-0594-4623-bc12-01407c6bfc57,NCT,2026-07-15,0002018529,selected,0001213900-26-075881,424B4,,2026-07-07,ea0291199-05.htm,offering
a3dd09e5-0594-4623-bc12-01407c6bfc57,NCT,2026-07-15,0002018529,selected,0001213900-26-069967,F-1/A,,2026-06-18,ea0291199-04.htm,shelf
a3dd09e5-0594-4623-bc12-01407c6bfc57,NCT,2026-07-15,0002018529,selected,0001213900-26-066161,F-1,,2026-06-08,ea0291199-03.htm,shelf
a3dd09e5-0594-4623-bc12-01407c6bfc57,NCT,2026-07-15,0002018529,selected,0001213900-26-040544,424B3,,2026-04-06,ea028468402-424b3_intercont.htm,offering
07eef436-9030-41d3-99b7-aae006024e22,MASK,2026-07-15,0001993097,selected,0001185185-26-002956,F-1/A,,2026-07-14,maskf1a1071426.htm,shelf
07eef436-9030-41d3-99b7-aae006024e22,MASK,2026-07-15,0001993097,selected,0001185185-26-002646,F-1,,2026-06-25,maskf1062326.htm,shelf
07eef436-9030-41d3-99b7-aae006024e22,MASK,2026-07-15,0001993097,selected,0001185185-26-002628,F-1/A,,2026-06-24,maskf1a1062426.htm,shelf
07eef436-9030-41d3-99b7-aae006024e22,MASK,2026-07-15,0001993097,selected,0001185185-26-002325,F-1,,2026-06-03,maskf1060126.htm,shelf
5a4d5dbc-8f13-489c-b882-2f38258b6400,HKIT,2026-07-15,0001742341,selected,0001213900-26-064589,424B5,,2026-06-03,ea0293322-424b5_hitek.htm,offering
5a4d5dbc-8f13-489c-b882-2f38258b6400,HKIT,2026-07-15,0001742341,selected,0001213900-26-036372,424B5,,2026-03-30,ea0283951-424b5_hitek.htm,offering
5a4d5dbc-8f13-489c-b882-2f38258b6400,HKIT,2026-07-15,0001742341,selected,0001213900-26-027662,424B5,,2026-03-13,ea0281563-424b5_hitek.htm,offering
ecb3b816-7fb7-4a53-88ab-cce11f5b0fd2,PW,2026-07-15,0001532619,no_filings,,,,,,
69486e54-7a4d-4a41-8dc4-2b556dbada82,CODX,2026-07-15,0001692415,selected,0001493152-26-025630,S-3,,2026-05-28,forms-3.htm,shelf
69486e54-7a4d-4a41-8dc4-2b556dbada82,CODX,2026-07-15,0001692415,selected,0001493152-26-022504,S-3,,2026-05-12,forms-3.htm,shelf
a068001d-d613-40c9-b44c-f77bb7411980,ATPC,2026-07-15,0001713210,selected,0001493152-26-027669,S-1,,2026-06-08,forms-1.htm,shelf
a068001d-d613-40c9-b44c-f77bb7411980,ATPC,2026-07-15,0001713210,selected,0001493152-26-005495,S-3,,2026-02-06,forms-3.htm,shelf
7ae64c03-9bea-4a88-9b69-e852f8ec2387,SVRN,2026-07-15,0001869467,no_filings,,,,,,
2ccde7b0-2a9c-4e45-929f-a03494731fe6,RKDA,2026-07-15,0001469443,selected,0001193125-26-298841,424B3,,2026-07-09,rkda-424b3-2026-june.htm,offering
2ccde7b0-2a9c-4e45-929f-a03494731fe6,RKDA,2026-07-15,0001469443,selected,0001193125-26-294619,8-K,"5.02,5.08,8.01",2026-07-02,rkda-20260701.htm,8k_items:8.01
2ccde7b0-2a9c-4e45-929f-a03494731fe6,RKDA,2026-07-15,0001469443,selected,0001193125-26-285578,S-3,,2026-06-26,rkda-20260626.htm,shelf
2ccde7b0-2a9c-4e45-929f-a03494731fe6,RKDA,2026-07-15,0001469443,selected,0001193125-26-270560,8-K,"1.01,3.02,7.01,9.01",2026-06-15,rkda-20260611.htm,8k_items:1.01+3.02
2ccde7b0-2a9c-4e45-929f-a03494731fe6,RKDA,2026-07-15,0001469443,selected,0001193125-26-045063,424B3,,2026-02-11,rkda-424b3-2026.htm,offering
2ccde7b0-2a9c-4e45-929f-a03494731fe6,RKDA,2026-07-15,0001469443,selected,0001193125-26-025262,S-3,,2026-01-28,rkda-20260128.htm,shelf
f7502694-d74f-43bb-a807-1aee9e02aa6d,IOTR,2026-07-15,0001997637,no_filings,,,,,,
abbd30c0-3021-4225-80d8-a68a91e0e845,NXTC,2026-07-15,0001661059,selected,0001104659-26-083326,8-K,"1.01,2.05,5.01,5.02,7.01,8.01,9.01",2026-07-14,tm2620428d1_8k.htm,8k_items:1.01+8.01
3fc77c08-02d7-451d-a373-a7eb2f23e78f,SHPH,2026-07-15,0001757499,selected,0001493152-26-031375,8-K,"7.01,8.01,9.01",2026-07-01,form8-k.htm,8k_items:8.01
3fc77c08-02d7-451d-a373-a7eb2f23e78f,SHPH,2026-07-15,0001757499,selected,0001493152-26-009302,424B3,,2026-03-09,form424b3.htm,offering
3fc77c08-02d7-451d-a373-a7eb2f23e78f,SHPH,2026-07-15,0001757499,selected,0001493152-26-006220,S-1/A,,2026-02-11,forms-1a.htm,shelf
3fc77c08-02d7-451d-a373-a7eb2f23e78f,SHPH,2026-07-15,0001757499,selected,0001493152-26-006073,S-1,,2026-02-11,forms-1.htm,shelf
3fc77c08-02d7-451d-a373-a7eb2f23e78f,SHPH,2026-07-15,0001757499,selected,0001493152-26-004647,424B3,,2026-02-02,form424b3.htm,offering
12fbefa1-e7c4-4be8-b6c9-a11eeb598449,LEDS,2026-07-15,0001333822,selected,0001193125-26-303973,8-K,3.01,2026-07-15,leds-20260715.htm,8k_items:3.01
0040d66e-3b2e-4277-9dff-9a0254ba16c7,CNEY,2026-07-15,0001780785,selected,0001477932-26-001331,F-3/A,,2026-03-13,cney_f3a.htm,shelf
bf004552-9da3-43e7-8f2b-09ea405f4514,ACTU,2026-07-15,0001652935,no_filings,,,,,,
2eeaa63c-9ac7-47b8-afe9-96c55253e28e,GCTK,2026-07-15,0001506983,selected,0001493152-26-003822,424B3,,2026-01-27,form424b3.htm,offering
555009db-a777-4cee-82ef-164bc1317f22,LHAI,2026-07-15,0002017758,selected,0001213900-26-075071,8-K,"2.01,3.01,7.01,9.01",2026-07-02,ea0296675-8k_linkhome.htm,8k_items:3.01
b7e9149f-67fd-4430-8107-6819c67970f3,CRMT,2026-07-15,0000799850,selected,0001171843-26-004311,8-K,"1.01,5.02,8.01,9.01",2026-06-25,f8k_062226.htm,8k_items:1.01+8.01
b7e9149f-67fd-4430-8107-6819c67970f3,CRMT,2026-07-15,0000799850,selected,0001104659-26-071043,424B3,,2026-06-05,tm2617035d1_424b3.htm,offering
b7e9149f-67fd-4430-8107-6819c67970f3,CRMT,2026-07-15,0000799850,selected,0001104659-26-042024,424B3,,2026-04-10,tm2611533d1_424b3.htm,offering
b7e9149f-67fd-4430-8107-6819c67970f3,CRMT,2026-07-15,0000799850,selected,0001104659-26-027989,424B3,,2026-03-16,tm268838d1_424b3.htm,offering
b7e9149f-67fd-4430-8107-6819c67970f3,CRMT,2026-07-15,0000799850,selected,0001104659-26-004576,424B3,,2026-01-16,tm2534619d2_424b3.htm,offering
8dcd1256-6fd8-4366-9bb3-d58978f20fb3,PDC,2026-07-15,0001944399,no_filings,,,,,,
9b1bf75e-b78b-4008-8725-ed9d96543c03,JSPR,2026-07-15,0001788028,no_filings,,,,,,
65bd93df-0ce8-4e28-95f7-452912f3136c,JAGX,2026-07-16,0001585608,selected,0001193125-26-304988,S-1,,2026-07-16,d47881ds1.htm,shelf
65bd93df-0ce8-4e28-95f7-452912f3136c,JAGX,2026-07-16,0001585608,selected,0001193125-26-304985,S-1,,2026-07-16,d117884ds1.htm,shelf
65bd93df-0ce8-4e28-95f7-452912f3136c,JAGX,2026-07-16,0001585608,selected,0001193125-26-303190,8-K,"1.01,9.01",2026-07-14,d144017d8k.htm,8k_items:1.01
65bd93df-0ce8-4e28-95f7-452912f3136c,JAGX,2026-07-16,0001585608,selected,0001193125-26-292677,8-K,8.01,2026-07-01,d145900d8k.htm,8k_items:8.01
65bd93df-0ce8-4e28-95f7-452912f3136c,JAGX,2026-07-16,0001585608,selected,0001193125-26-281969,8-K,"1.01,8.01,9.01",2026-06-25,d110630d8k.htm,8k_items:1.01+8.01
65bd93df-0ce8-4e28-95f7-452912f3136c,JAGX,2026-07-16,0001585608,selected,0001193125-26-276103,8-K,"1.01,2.03,3.02,9.01",2026-06-18,d111863d8k.htm,8k_items:1.01+3.02
06d9fb53-1840-4b7c-98b1-2af6e93f97ed,BJDX,2026-07-16,0001704287,selected,0001213900-26-072672,424B3,,2026-06-26,ea0296012-424b3_bluejay.htm,offering
06d9fb53-1840-4b7c-98b1-2af6e93f97ed,BJDX,2026-07-16,0001704287,selected,0001213900-26-069727,S-3,,2026-06-17,ea0294889-s3_bluejay.htm,shelf
53350c73-32e8-4559-a292-2e0042661c88,HKIT,2026-07-16,0001742341,selected,0001213900-26-064589,424B5,,2026-06-03,ea0293322-424b5_hitek.htm,offering
53350c73-32e8-4559-a292-2e0042661c88,HKIT,2026-07-16,0001742341,selected,0001213900-26-036372,424B5,,2026-03-30,ea0283951-424b5_hitek.htm,offering
53350c73-32e8-4559-a292-2e0042661c88,HKIT,2026-07-16,0001742341,selected,0001213900-26-027662,424B5,,2026-03-13,ea0281563-424b5_hitek.htm,offering
34a1a458-7bc2-4361-b4de-0c58645c0c2d,MASK,2026-07-16,0001993097,selected,0001185185-26-002956,F-1/A,,2026-07-14,maskf1a1071426.htm,shelf
34a1a458-7bc2-4361-b4de-0c58645c0c2d,MASK,2026-07-16,0001993097,selected,0001185185-26-002646,F-1,,2026-06-25,maskf1062326.htm,shelf
34a1a458-7bc2-4361-b4de-0c58645c0c2d,MASK,2026-07-16,0001993097,selected,0001185185-26-002628,F-1/A,,2026-06-24,maskf1a1062426.htm,shelf
34a1a458-7bc2-4361-b4de-0c58645c0c2d,MASK,2026-07-16,0001993097,selected,0001185185-26-002325,F-1,,2026-06-03,maskf1060126.htm,shelf
88771911-6d62-403a-b877-e2ed7eb33157,VMAR,2026-07-16,0001813783,selected,0001104659-26-006277,424B5,,2026-01-23,tm263907d1_424b5.htm,offering
f4c53c90-754d-4a5f-8df1-5c52d781e4ea,RKDA,2026-07-16,0001469443,selected,0001193125-26-298841,424B3,,2026-07-09,rkda-424b3-2026-june.htm,offering
f4c53c90-754d-4a5f-8df1-5c52d781e4ea,RKDA,2026-07-16,0001469443,selected,0001193125-26-294619,8-K,"5.02,5.08,8.01",2026-07-02,rkda-20260701.htm,8k_items:8.01
f4c53c90-754d-4a5f-8df1-5c52d781e4ea,RKDA,2026-07-16,0001469443,selected,0001193125-26-285578,S-3,,2026-06-26,rkda-20260626.htm,shelf
f4c53c90-754d-4a5f-8df1-5c52d781e4ea,RKDA,2026-07-16,0001469443,selected,0001193125-26-045063,424B3,,2026-02-11,rkda-424b3-2026.htm,offering
f4c53c90-754d-4a5f-8df1-5c52d781e4ea,RKDA,2026-07-16,0001469443,selected,0001193125-26-025262,S-3,,2026-01-28,rkda-20260128.htm,shelf
207faf26-f129-4f50-b0be-dc372a086f8c,PW,2026-07-16,0001532619,no_filings,,,,,,
6fe94242-d004-4b33-8641-2336dceb791d,ATPC,2026-07-16,0001713210,selected,0001493152-26-027669,S-1,,2026-06-08,forms-1.htm,shelf
6fe94242-d004-4b33-8641-2336dceb791d,ATPC,2026-07-16,0001713210,selected,0001493152-26-005495,S-3,,2026-02-06,forms-3.htm,shelf
202d8ae7-011c-46d7-8228-c368e7119916,SUGP,2026-07-16,0001969863,selected,0001753926-26-001031,424B3,,2026-06-22,g085773_424.htm,offering
202d8ae7-011c-46d7-8228-c368e7119916,SUGP,2026-07-16,0001969863,selected,0001753926-26-001005,F-1,,2026-06-12,g085763_f1.htm,shelf
202d8ae7-011c-46d7-8228-c368e7119916,SUGP,2026-07-16,0001969863,selected,0001753926-26-000819,424B3,,2026-05-12,g085728_424b3.htm,offering
2a21344d-c62e-470b-99c9-ba29d85dbd9c,CODX,2026-07-16,0001692415,selected,0001493152-26-025630,S-3,,2026-05-28,forms-3.htm,shelf
2a21344d-c62e-470b-99c9-ba29d85dbd9c,CODX,2026-07-16,0001692415,selected,0001493152-26-022504,S-3,,2026-05-12,forms-3.htm,shelf
a3d20c28-c48f-4b9d-8f66-0bd6f5e9ccbb,CUPR,2026-07-16,0001995704,selected,0001493152-26-032280,F-1,,2026-07-07,formf-1.htm,shelf
fefb8b37-bdf1-4ed9-9826-8b0bd112784a,BNZI,2026-07-16,,no_cik,,,,,,
c92b5a84-e9d7-4310-afa4-a9e4e371d6eb,NCT,2026-07-16,0002018529,selected,0001213900-26-075881,424B4,,2026-07-07,ea0291199-05.htm,offering
c92b5a84-e9d7-4310-afa4-a9e4e371d6eb,NCT,2026-07-16,0002018529,selected,0001213900-26-069967,F-1/A,,2026-06-18,ea0291199-04.htm,shelf
c92b5a84-e9d7-4310-afa4-a9e4e371d6eb,NCT,2026-07-16,0002018529,selected,0001213900-26-066161,F-1,,2026-06-08,ea0291199-03.htm,shelf
c92b5a84-e9d7-4310-afa4-a9e4e371d6eb,NCT,2026-07-16,0002018529,selected,0001213900-26-040544,424B3,,2026-04-06,ea028468402-424b3_intercont.htm,offering
952cbaad-1f5a-4545-96b1-e6f0da06ec64,IOTR,2026-07-16,0001997637,no_filings,,,,,,
a4b39eb5-6680-43b7-b350-2bd67f93a5d9,SVRN,2026-07-16,0001869467,no_filings,,,,,,
8309757a-3c88-4138-b3cf-d310d62b942d,GCDT,2026-07-16,0001926293,no_filings,,,,,,
722c7c75-97cb-46ad-bb8e-e55a11546a3c,JTAI,2026-07-16,0001861622,selected,0001493152-26-032089,8-K,"5.07,8.01,9.01",2026-07-06,form8-k.htm,8k_items:8.01
722c7c75-97cb-46ad-bb8e-e55a11546a3c,JTAI,2026-07-16,0001861622,selected,0001493152-26-029873,8-K,"8.01,9.01",2026-06-24,form8-k.htm,8k_items:8.01
722c7c75-97cb-46ad-bb8e-e55a11546a3c,JTAI,2026-07-16,0001861622,selected,0001493152-26-004033,S-3,,2026-01-28,forms-3.htm,shelf
722c7c75-97cb-46ad-bb8e-e55a11546a3c,JTAI,2026-07-16,0001861622,selected,0001493152-26-002935,424B5,,2026-01-20,form424b5.htm,offering
722c7c75-97cb-46ad-bb8e-e55a11546a3c,JTAI,2026-07-16,0001861622,selected,0001493152-26-002926,S-3MEF,,2026-01-20,forms-3mef.htm,shelf
55c565fe-d899-45ed-b7f3-381ebaff6328,CPHI,2026-07-16,0001106644,no_filings,,,,,,
54fc3001-dce2-4cab-8002-a4e7099a2cd1,LBGJ,2026-07-16,0001896425,selected,0001493152-26-032344,424B5,,2026-07-07,form424b5.htm,offering
54fc3001-dce2-4cab-8002-a4e7099a2cd1,LBGJ,2026-07-16,0001896425,selected,0001493152-26-028389,424B5,,2026-06-12,form424b5.htm,offering
54fc3001-dce2-4cab-8002-a4e7099a2cd1,LBGJ,2026-07-16,0001896425,selected,0001493152-26-006939,424B5,,2026-02-17,form424b5.htm,offering
467b0b22-79b0-4f95-a493-cb6fd5e16e4a,KUST,2026-07-16,0001342958,selected,0001493152-26-030046,8-K,"1.01,8.01,9.01",2026-06-25,form8-k.htm,8k_items:1.01+8.01
804e339f-8d02-4976-adbb-a1c4c24e6b70,WAI,2026-07-16,,no_cik,,,,,,
31fc938f-ffeb-44b0-96ff-39aa188ffd22,ERNA,2026-07-16,0000748592,selected,0001493152-26-012387,S-3/A,,2026-03-24,forms-3a.htm,shelf
31fc938f-ffeb-44b0-96ff-39aa188ffd22,ERNA,2026-07-16,0000748592,selected,0001493152-26-010128,S-3,,2026-03-16,forms-3.htm,shelf
31fc938f-ffeb-44b0-96ff-39aa188ffd22,ERNA,2026-07-16,0000748592,selected,0001493152-26-005898,424B5,,2026-02-10,form424b5.htm,offering
31fc938f-ffeb-44b0-96ff-39aa188ffd22,ERNA,2026-07-16,0000748592,selected,0001493152-26-005215,S-1/A,,2026-02-05,forms-1a.htm,shelf
31fc938f-ffeb-44b0-96ff-39aa188ffd22,ERNA,2026-07-16,0000748592,selected,0001493152-26-004987,S-1/A,,2026-02-04,forms-1a.htm,shelf
31fc938f-ffeb-44b0-96ff-39aa188ffd22,ERNA,2026-07-16,0000748592,selected,0001493152-26-004809,S-1,,2026-02-03,forms-1.htm,shelf
b8df3816-d938-4ccf-b218-de518ee26d42,TGHL,2026-07-16,0002024114,no_filings,,,,,,
a60634f3-44cc-45a8-813e-e7ed23ff66ac,SLSN,2026-07-16,0000883107,selected,0001171843-26-004582,8-K,"1.01,9.01",2026-07-10,f8k_071026.htm,8k_items:1.01
09b2fd4d-7c93-4948-91ff-08e5145b7243,LEDS,2026-07-16,0001333822,selected,0001193125-26-303973,8-K,3.01,2026-07-15,leds-20260715.htm,8k_items:3.01
e18c6481-7d06-4a5c-be8a-7bab046242e8,GWH,2026-07-16,0001819438,selected,0001819438-26-000056,8-K,3.01,2026-07-01,wk-20260630.htm,8k_items:3.01
e18c6481-7d06-4a5c-be8a-7bab046242e8,GWH,2026-07-16,0001819438,selected,0001819438-26-000053,8-K,"2.02,7.01,8.01,9.01",2026-06-23,wk-20260623.htm,8k_items:8.01
e18c6481-7d06-4a5c-be8a-7bab046242e8,GWH,2026-07-16,0001819438,selected,0001628280-26-004261,424B5,,2026-01-30,prosupp-essincjanuary2026.htm,offering
74b92d1f-a20c-40d1-9ff4-4521791525ca,ATPC,2026-07-17,0001713210,selected,0001493152-26-027669,S-1,,2026-06-08,forms-1.htm,shelf
74b92d1f-a20c-40d1-9ff4-4521791525ca,ATPC,2026-07-17,0001713210,selected,0001493152-26-005495,S-3,,2026-02-06,forms-3.htm,shelf
3e70489b-a2cc-4689-a553-438b6948cb19,JAGX,2026-07-17,0001585608,selected,0001193125-26-304988,S-1,,2026-07-16,d47881ds1.htm,shelf
3e70489b-a2cc-4689-a553-438b6948cb19,JAGX,2026-07-17,0001585608,selected,0001193125-26-304985,S-1,,2026-07-16,d117884ds1.htm,shelf
3e70489b-a2cc-4689-a553-438b6948cb19,JAGX,2026-07-17,0001585608,selected,0001193125-26-303190,8-K,"1.01,9.01",2026-07-14,d144017d8k.htm,8k_items:1.01
3e70489b-a2cc-4689-a553-438b6948cb19,JAGX,2026-07-17,0001585608,selected,0001193125-26-292677,8-K,8.01,2026-07-01,d145900d8k.htm,8k_items:8.01
3e70489b-a2cc-4689-a553-438b6948cb19,JAGX,2026-07-17,0001585608,selected,0001193125-26-281969,8-K,"1.01,8.01,9.01",2026-06-25,d110630d8k.htm,8k_items:1.01+8.01
3e70489b-a2cc-4689-a553-438b6948cb19,JAGX,2026-07-17,0001585608,selected,0001193125-26-276103,8-K,"1.01,2.03,3.02,9.01",2026-06-18,d111863d8k.htm,8k_items:1.01+3.02
7ad21702-94d9-4568-a2f9-d581f03d2030,VMAR,2026-07-17,0001813783,selected,0001104659-26-006277,424B5,,2026-01-23,tm263907d1_424b5.htm,offering
2123b8a1-1efb-4d49-8d8d-cf3566fd0e65,BNZI,2026-07-17,,no_cik,,,,,,
0427f8d6-2bb3-473a-84e6-d82eba8cf579,HKIT,2026-07-17,0001742341,selected,0001213900-26-064589,424B5,,2026-06-03,ea0293322-424b5_hitek.htm,offering
0427f8d6-2bb3-473a-84e6-d82eba8cf579,HKIT,2026-07-17,0001742341,selected,0001213900-26-036372,424B5,,2026-03-30,ea0283951-424b5_hitek.htm,offering
0427f8d6-2bb3-473a-84e6-d82eba8cf579,HKIT,2026-07-17,0001742341,selected,0001213900-26-027662,424B5,,2026-03-13,ea0281563-424b5_hitek.htm,offering
0b833533-40fd-472c-884d-f1dd0902ba34,GCDT,2026-07-17,0001926293,no_filings,,,,,,
ac904eff-bf10-44a6-be9c-c4f5feb3a3c6,IOTR,2026-07-17,0001997637,no_filings,,,,,,
d5db86fd-258e-4b93-bdeb-83d3bcb65c65,SUGP,2026-07-17,0001969863,selected,0001753926-26-001031,424B3,,2026-06-22,g085773_424.htm,offering
d5db86fd-258e-4b93-bdeb-83d3bcb65c65,SUGP,2026-07-17,0001969863,selected,0001753926-26-001005,F-1,,2026-06-12,g085763_f1.htm,shelf
d5db86fd-258e-4b93-bdeb-83d3bcb65c65,SUGP,2026-07-17,0001969863,selected,0001753926-26-000819,424B3,,2026-05-12,g085728_424b3.htm,offering
d1146e99-7bed-4e9e-9a4f-205277cb22f3,MASK,2026-07-17,0001993097,selected,0001185185-26-002956,F-1/A,,2026-07-14,maskf1a1071426.htm,shelf
d1146e99-7bed-4e9e-9a4f-205277cb22f3,MASK,2026-07-17,0001993097,selected,0001185185-26-002646,F-1,,2026-06-25,maskf1062326.htm,shelf
d1146e99-7bed-4e9e-9a4f-205277cb22f3,MASK,2026-07-17,0001993097,selected,0001185185-26-002628,F-1/A,,2026-06-24,maskf1a1062426.htm,shelf
d1146e99-7bed-4e9e-9a4f-205277cb22f3,MASK,2026-07-17,0001993097,selected,0001185185-26-002325,F-1,,2026-06-03,maskf1060126.htm,shelf
68d8cade-64f3-424c-9480-14ef6eeb2422,BJDX,2026-07-17,0001704287,selected,0001213900-26-072672,424B3,,2026-06-26,ea0296012-424b3_bluejay.htm,offering
68d8cade-64f3-424c-9480-14ef6eeb2422,BJDX,2026-07-17,0001704287,selected,0001213900-26-069727,S-3,,2026-06-17,ea0294889-s3_bluejay.htm,shelf
4cc020ad-8e6b-45ba-9439-16cd10206f50,CUPR,2026-07-17,0001995704,selected,0001493152-26-032280,F-1,,2026-07-07,formf-1.htm,shelf
386d1bea-6f79-4c95-83df-117f398305ea,RKDA,2026-07-17,0001469443,selected,0001193125-26-298841,424B3,,2026-07-09,rkda-424b3-2026-june.htm,offering
386d1bea-6f79-4c95-83df-117f398305ea,RKDA,2026-07-17,0001469443,selected,0001193125-26-294619,8-K,"5.02,5.08,8.01",2026-07-02,rkda-20260701.htm,8k_items:8.01
386d1bea-6f79-4c95-83df-117f398305ea,RKDA,2026-07-17,0001469443,selected,0001193125-26-285578,S-3,,2026-06-26,rkda-20260626.htm,shelf
386d1bea-6f79-4c95-83df-117f398305ea,RKDA,2026-07-17,0001469443,selected,0001193125-26-045063,424B3,,2026-02-11,rkda-424b3-2026.htm,offering
386d1bea-6f79-4c95-83df-117f398305ea,RKDA,2026-07-17,0001469443,selected,0001193125-26-025262,S-3,,2026-01-28,rkda-20260128.htm,shelf
9204ddfb-f4a2-4b8e-b77a-5df4962af284,PW,2026-07-17,0001532619,no_filings,,,,,,
d3c6f889-2d65-42a3-b4de-168b994c8125,NCT,2026-07-17,0002018529,selected,0001213900-26-075881,424B4,,2026-07-07,ea0291199-05.htm,offering
d3c6f889-2d65-42a3-b4de-168b994c8125,NCT,2026-07-17,0002018529,selected,0001213900-26-069967,F-1/A,,2026-06-18,ea0291199-04.htm,shelf
d3c6f889-2d65-42a3-b4de-168b994c8125,NCT,2026-07-17,0002018529,selected,0001213900-26-066161,F-1,,2026-06-08,ea0291199-03.htm,shelf
d3c6f889-2d65-42a3-b4de-168b994c8125,NCT,2026-07-17,0002018529,selected,0001213900-26-040544,424B3,,2026-04-06,ea028468402-424b3_intercont.htm,offering
5638e30b-cd75-47c6-9392-b148904db779,SVRN,2026-07-17,0001869467,no_filings,,,,,,
29f72ed7-9d68-4248-889f-585d7e2a36c3,CODX,2026-07-17,0001692415,selected,0001493152-26-025630,S-3,,2026-05-28,forms-3.htm,shelf
29f72ed7-9d68-4248-889f-585d7e2a36c3,CODX,2026-07-17,0001692415,selected,0001493152-26-022504,S-3,,2026-05-12,forms-3.htm,shelf
f6e72031-f463-4894-a6d5-b63e16be76cb,DXST,2026-07-17,0001958133,selected,0001185185-26-001500,F-3,,2026-04-24,dxstf3042326.htm,shelf
1451491b-9ed8-4bff-8210-5daf355520b8,ATPC,2026-07-17,0001713210,selected,0001493152-26-027669,S-1,,2026-06-08,forms-1.htm,shelf
1451491b-9ed8-4bff-8210-5daf355520b8,ATPC,2026-07-17,0001713210,selected,0001493152-26-005495,S-3,,2026-02-06,forms-3.htm,shelf
57bd6f43-635d-4aac-93fc-c14b36e17c6d,IQST,2026-07-17,0001527702,selected,0001663577-26-000220,8-K,"2.02,8.01,9.01",2026-07-16,iqst8k071626.htm,8k_items:8.01
57bd6f43-635d-4aac-93fc-c14b36e17c6d,IQST,2026-07-17,0001527702,selected,0001663577-26-000210,8-K,1.01,2026-07-10,iqst8k070826.htm,8k_items:1.01
57bd6f43-635d-4aac-93fc-c14b36e17c6d,IQST,2026-07-17,0001527702,selected,0001663577-26-000196,8-K,"8.01,9.01",2026-06-25,iqst8k062526.htm,8k_items:8.01
57bd6f43-635d-4aac-93fc-c14b36e17c6d,IQST,2026-07-17,0001527702,selected,0001663577-26-000194,8-K,"3.03,5.03,9.01",2026-06-17,iqst8k061726.htm,8k_items:3.03+5.03
57bd6f43-635d-4aac-93fc-c14b36e17c6d,IQST,2026-07-17,0001527702,selected,0001663577-26-000163,S-1,,2026-05-22,iqst_s1a052126.htm,shelf
93ec6809-1dad-408c-b06f-8eb40ae9110d,STAK,2026-07-17,0002002453,no_filings,,,,,,
c0e7f2a5-167c-490d-9a8d-27d5b9bf5ef7,TGHL,2026-07-17,0002024114,no_filings,,,,,,
d01188b1-d0dc-4188-af9c-6905a2668337,TOP,2026-07-17,0001848275,selected,0001213900-26-077316,8-K,"3.02,7.01,9.01",2026-07-13,ea0297568-8k_top.htm,8k_items:3.02
d01188b1-d0dc-4188-af9c-6905a2668337,TOP,2026-07-17,0001848275,selected,0001213900-26-071103,424B5,,2026-06-23,ea0295426-424b5_topfinancial.htm,offering
7dc7da98-fa91-46ec-a2b4-26adcb19b3fb,SLAI,2026-07-17,,no_cik,,,,,,
6e356887-9889-414f-9f25-905241adb835,KXIN,2026-07-17,0001713539,selected,0001104659-26-075133,F-3/A,,2026-06-17,tm2618055d1_f3a.htm,shelf
d5743c70-1d1d-4d40-a1fb-5fc40ba0ac54,ATPC,2026-07-20,0001713210,selected,0001493152-26-027669,S-1,,2026-06-08,forms-1.htm,shelf
d5743c70-1d1d-4d40-a1fb-5fc40ba0ac54,ATPC,2026-07-20,0001713210,selected,0001493152-26-005495,S-3,,2026-02-06,forms-3.htm,shelf
fa88d556-a264-4146-810e-8546e668041c,VMAR,2026-07-20,0001813783,selected,0001104659-26-006277,424B5,,2026-01-23,tm263907d1_424b5.htm,offering
7d8e8793-9569-400d-b0b4-b0ad958c254d,BJDX,2026-07-20,0001704287,selected,0001213900-26-072672,424B3,,2026-06-26,ea0296012-424b3_bluejay.htm,offering
7d8e8793-9569-400d-b0b4-b0ad958c254d,BJDX,2026-07-20,0001704287,selected,0001213900-26-069727,S-3,,2026-06-17,ea0294889-s3_bluejay.htm,shelf
6876b6a4-6acc-48ac-b970-c861ba285dda,JAGX,2026-07-20,0001585608,selected,0001193125-26-304988,S-1,,2026-07-16,d47881ds1.htm,shelf
6876b6a4-6acc-48ac-b970-c861ba285dda,JAGX,2026-07-20,0001585608,selected,0001193125-26-304985,S-1,,2026-07-16,d117884ds1.htm,shelf
6876b6a4-6acc-48ac-b970-c861ba285dda,JAGX,2026-07-20,0001585608,selected,0001193125-26-303190,8-K,"1.01,9.01",2026-07-14,d144017d8k.htm,8k_items:1.01
6876b6a4-6acc-48ac-b970-c861ba285dda,JAGX,2026-07-20,0001585608,selected,0001193125-26-292677,8-K,8.01,2026-07-01,d145900d8k.htm,8k_items:8.01
6876b6a4-6acc-48ac-b970-c861ba285dda,JAGX,2026-07-20,0001585608,selected,0001193125-26-281969,8-K,"1.01,8.01,9.01",2026-06-25,d110630d8k.htm,8k_items:1.01+8.01
f8e73dee-9892-4aa1-8a15-4b929bca4202,HKIT,2026-07-20,0001742341,selected,0001213900-26-064589,424B5,,2026-06-03,ea0293322-424b5_hitek.htm,offering
f8e73dee-9892-4aa1-8a15-4b929bca4202,HKIT,2026-07-20,0001742341,selected,0001213900-26-036372,424B5,,2026-03-30,ea0283951-424b5_hitek.htm,offering
f8e73dee-9892-4aa1-8a15-4b929bca4202,HKIT,2026-07-20,0001742341,selected,0001213900-26-027662,424B5,,2026-03-13,ea0281563-424b5_hitek.htm,offering
50940151-9f99-4ca9-ad1a-d9bc6f3bb5fe,PW,2026-07-20,0001532619,no_filings,,,,,,
0f220cee-a342-419b-b4a8-4d44cfa019b5,SVRN,2026-07-20,0001869467,no_filings,,,,,,
52b78a7d-f299-4843-9224-f5f055dee244,MASK,2026-07-20,0001993097,selected,0001185185-26-002956,F-1/A,,2026-07-14,maskf1a1071426.htm,shelf
52b78a7d-f299-4843-9224-f5f055dee244,MASK,2026-07-20,0001993097,selected,0001185185-26-002646,F-1,,2026-06-25,maskf1062326.htm,shelf
52b78a7d-f299-4843-9224-f5f055dee244,MASK,2026-07-20,0001993097,selected,0001185185-26-002628,F-1/A,,2026-06-24,maskf1a1062426.htm,shelf
52b78a7d-f299-4843-9224-f5f055dee244,MASK,2026-07-20,0001993097,selected,0001185185-26-002325,F-1,,2026-06-03,maskf1060126.htm,shelf
278d7a82-693b-4213-bba6-fdc23983b0b5,RKDA,2026-07-20,0001469443,selected,0001193125-26-298841,424B3,,2026-07-09,rkda-424b3-2026-june.htm,offering
278d7a82-693b-4213-bba6-fdc23983b0b5,RKDA,2026-07-20,0001469443,selected,0001193125-26-294619,8-K,"5.02,5.08,8.01",2026-07-02,rkda-20260701.htm,8k_items:8.01
278d7a82-693b-4213-bba6-fdc23983b0b5,RKDA,2026-07-20,0001469443,selected,0001193125-26-285578,S-3,,2026-06-26,rkda-20260626.htm,shelf
278d7a82-693b-4213-bba6-fdc23983b0b5,RKDA,2026-07-20,0001469443,selected,0001193125-26-045063,424B3,,2026-02-11,rkda-424b3-2026.htm,offering
278d7a82-693b-4213-bba6-fdc23983b0b5,RKDA,2026-07-20,0001469443,selected,0001193125-26-025262,S-3,,2026-01-28,rkda-20260128.htm,shelf
186f821c-a2ea-42c8-8e21-1b888c53f3f8,NCT,2026-07-20,0002018529,selected,0001213900-26-075881,424B4,,2026-07-07,ea0291199-05.htm,offering
186f821c-a2ea-42c8-8e21-1b888c53f3f8,NCT,2026-07-20,0002018529,selected,0001213900-26-069967,F-1/A,,2026-06-18,ea0291199-04.htm,shelf
186f821c-a2ea-42c8-8e21-1b888c53f3f8,NCT,2026-07-20,0002018529,selected,0001213900-26-066161,F-1,,2026-06-08,ea0291199-03.htm,shelf
186f821c-a2ea-42c8-8e21-1b888c53f3f8,NCT,2026-07-20,0002018529,selected,0001213900-26-040544,424B3,,2026-04-06,ea028468402-424b3_intercont.htm,offering
d49b176e-d2ec-4b23-b67b-0b09846da5b2,IOTR,2026-07-20,0001997637,no_filings,,,,,,
f51c6421-7adf-4a7c-8f5b-158af33bd6d6,SUGP,2026-07-20,0001969863,selected,0001753926-26-001031,424B3,,2026-06-22,g085773_424.htm,offering
f51c6421-7adf-4a7c-8f5b-158af33bd6d6,SUGP,2026-07-20,0001969863,selected,0001753926-26-001005,F-1,,2026-06-12,g085763_f1.htm,shelf
f51c6421-7adf-4a7c-8f5b-158af33bd6d6,SUGP,2026-07-20,0001969863,selected,0001753926-26-000819,424B3,,2026-05-12,g085728_424b3.htm,offering
5515cc0a-7847-40dd-8309-1ad6395c8773,CUPR,2026-07-20,0001995704,selected,0001493152-26-032280,F-1,,2026-07-07,formf-1.htm,shelf
7c4bc9bc-fb07-405d-92f1-f02008416c92,BNZI,2026-07-20,,no_cik,,,,,,
e117ce57-65b5-4261-a461-bc48deb99057,CODX,2026-07-20,0001692415,selected,0001493152-26-025630,S-3,,2026-05-28,forms-3.htm,shelf
e117ce57-65b5-4261-a461-bc48deb99057,CODX,2026-07-20,0001692415,selected,0001493152-26-022504,S-3,,2026-05-12,forms-3.htm,shelf
78ba6d89-5f49-4092-a837-15320ae066fa,PRPL,2026-07-20,0001643953,selected,0001213900-26-078509,8-K,"3.03,5.03,9.01",2026-07-16,ea0297724-8k_purple.htm,8k_items:3.03+5.03
793e74f1-af30-4369-b980-6bbf7213eab2,BANL,2026-07-20,0001914805,no_filings,,,,,,
b0664753-2764-424a-aad7-1ca05a0cd19d,CJMB,2026-07-20,0002032545,selected,0001493152-26-031963,8-K,3.01,2026-07-02,form8-k.htm,8k_items:3.01
b0664753-2764-424a-aad7-1ca05a0cd19d,CJMB,2026-07-20,0002032545,selected,0001493152-26-025291,S-3,,2026-05-26,forms-3.htm,shelf
34e6ddce-11bf-446d-9c41-8360db840521,BIYA,2026-07-20,0001944712,selected,0001213900-26-038595,424B3,,2026-04-01,ea0284668-424b3_baiyainter.htm,offering
34e6ddce-11bf-446d-9c41-8360db840521,BIYA,2026-07-20,0001944712,selected,0001213900-26-032455,F-1,,2026-03-20,ea0282470-f1_baiyainter.htm,shelf
34e6ddce-11bf-446d-9c41-8360db840521,BIYA,2026-07-20,0001944712,selected,0001213900-26-011517,424B3,,2026-02-03,ea0275377-424b3_baiyainter.htm,offering
34e6ddce-11bf-446d-9c41-8360db840521,BIYA,2026-07-20,0001944712,selected,0001213900-26-008872,F-1/A,,2026-01-28,ea0273669-f1a1_baiyainter.htm,shelf
c85127df-bee2-4007-a9f1-b1e1bbd14c80,BNRG,2026-07-20,,no_cik,,,,,,
e295d65c-b17d-46da-a793-5905d88b70ca,SLND,2026-07-20,0001883814,no_filings,,,,,,
2ae72e56-d066-4429-b44b-e1511c08cc32,CNF,2026-07-20,0001733868,selected,0001213900-26-074239,F-3/A,,2026-07-01,ea0294922-f3a1_cnfinance.htm,shelf
2ae72e56-d066-4429-b44b-e1511c08cc32,CNF,2026-07-20,0001733868,selected,0001213900-26-015030,F-3,,2026-02-12,ea0276172-f3_cnfinance.htm,shelf
5c774ea2-ee46-4564-bb52-9633619946ac,LEDS,2026-07-20,0001333822,selected,0001193125-26-303973,8-K,3.01,2026-07-15,leds-20260715.htm,8k_items:3.01
4e4dfd0a-cdb7-4381-90b3-8ca9dc7b3c7a,FMST,2026-07-20,0001935418,no_filings,,,,,,
cd559043-40b9-4d49-ba0a-0b9a02628b6b,ESLA,2026-07-20,0001844417,selected,0001213900-26-016605,424B3,,2026-02-13,ea0269161-04.htm,offering
cd559043-40b9-4d49-ba0a-0b9a02628b6b,ESLA,2026-07-20,0001844417,selected,0001213900-26-006410,S-1/A,,2026-01-22,ea0269161-03.htm,shelf
961a25d8-d2bf-46fd-8390-cfd5adc1cda9,BJDX,2026-07-21,0001704287,selected,0001213900-26-072672,424B3,,2026-06-26,ea0296012-424b3_bluejay.htm,offering
961a25d8-d2bf-46fd-8390-cfd5adc1cda9,BJDX,2026-07-21,0001704287,selected,0001213900-26-069727,S-3,,2026-06-17,ea0294889-s3_bluejay.htm,shelf
0aeab259-ca58-404b-ae71-76a10acf97d4,ATPC,2026-07-21,0001713210,selected,0001493152-26-033881,S-1/A,,2026-07-20,forms-1a.htm,shelf
0aeab259-ca58-404b-ae71-76a10acf97d4,ATPC,2026-07-21,0001713210,selected,0001493152-26-027669,S-1,,2026-06-08,forms-1.htm,shelf
0aeab259-ca58-404b-ae71-76a10acf97d4,ATPC,2026-07-21,0001713210,selected,0001493152-26-005495,S-3,,2026-02-06,forms-3.htm,shelf
6ac2e84c-9f0c-445a-aea7-a03bb32fdb14,BNZI,2026-07-21,,no_cik,,,,,,
f099e1ca-a79c-4f91-a5a8-3e9bcd1f07fb,MASK,2026-07-21,0001993097,selected,0001185185-26-002956,F-1/A,,2026-07-14,maskf1a1071426.htm,shelf
f099e1ca-a79c-4f91-a5a8-3e9bcd1f07fb,MASK,2026-07-21,0001993097,selected,0001185185-26-002646,F-1,,2026-06-25,maskf1062326.htm,shelf
f099e1ca-a79c-4f91-a5a8-3e9bcd1f07fb,MASK,2026-07-21,0001993097,selected,0001185185-26-002628,F-1/A,,2026-06-24,maskf1a1062426.htm,shelf
f099e1ca-a79c-4f91-a5a8-3e9bcd1f07fb,MASK,2026-07-21,0001993097,selected,0001185185-26-002325,F-1,,2026-06-03,maskf1060126.htm,shelf
ef540533-2b84-4254-ac77-8436c602b6b5,HKIT,2026-07-21,0001742341,selected,0001213900-26-064589,424B5,,2026-06-03,ea0293322-424b5_hitek.htm,offering
ef540533-2b84-4254-ac77-8436c602b6b5,HKIT,2026-07-21,0001742341,selected,0001213900-26-036372,424B5,,2026-03-30,ea0283951-424b5_hitek.htm,offering
ef540533-2b84-4254-ac77-8436c602b6b5,HKIT,2026-07-21,0001742341,selected,0001213900-26-027662,424B5,,2026-03-13,ea0281563-424b5_hitek.htm,offering
ba0ba446-402b-4dde-a249-c6d934453fb8,VMAR,2026-07-21,0001813783,selected,0001104659-26-006277,424B5,,2026-01-23,tm263907d1_424b5.htm,offering
d8f2fbcd-88ba-4bc3-b79f-9be19f1a51df,SVRN,2026-07-21,0001869467,no_filings,,,,,,
8e916391-333a-4c8c-b993-ca02a39f36b4,JAGX,2026-07-21,0001585608,selected,0001193125-26-304988,S-1,,2026-07-16,d47881ds1.htm,shelf
8e916391-333a-4c8c-b993-ca02a39f36b4,JAGX,2026-07-21,0001585608,selected,0001193125-26-304985,S-1,,2026-07-16,d117884ds1.htm,shelf
8e916391-333a-4c8c-b993-ca02a39f36b4,JAGX,2026-07-21,0001585608,selected,0001193125-26-303190,8-K,"1.01,9.01",2026-07-14,d144017d8k.htm,8k_items:1.01
8e916391-333a-4c8c-b993-ca02a39f36b4,JAGX,2026-07-21,0001585608,selected,0001193125-26-292677,8-K,8.01,2026-07-01,d145900d8k.htm,8k_items:8.01
8e916391-333a-4c8c-b993-ca02a39f36b4,JAGX,2026-07-21,0001585608,selected,0001193125-26-281969,8-K,"1.01,8.01,9.01",2026-06-25,d110630d8k.htm,8k_items:1.01+8.01
4e60fa8d-da72-49e7-8706-1a0f11c9b47f,CUPR,2026-07-21,0001995704,selected,0001493152-26-032280,F-1,,2026-07-07,formf-1.htm,shelf
2ac2ec3a-801a-4c4e-bdbf-99433bc8b6f4,PW,2026-07-21,0001532619,no_filings,,,,,,
225e0369-7817-43ea-aa7d-f9e02496229c,NCT,2026-07-21,0002018529,selected,0001213900-26-075881,424B4,,2026-07-07,ea0291199-05.htm,offering
225e0369-7817-43ea-aa7d-f9e02496229c,NCT,2026-07-21,0002018529,selected,0001213900-26-069967,F-1/A,,2026-06-18,ea0291199-04.htm,shelf
225e0369-7817-43ea-aa7d-f9e02496229c,NCT,2026-07-21,0002018529,selected,0001213900-26-066161,F-1,,2026-06-08,ea0291199-03.htm,shelf
225e0369-7817-43ea-aa7d-f9e02496229c,NCT,2026-07-21,0002018529,selected,0001213900-26-040544,424B3,,2026-04-06,ea028468402-424b3_intercont.htm,offering
57c409a7-4ce3-45c3-a56e-654acaac545e,IOTR,2026-07-21,0001997637,no_filings,,,,,,
1e9387be-a1c5-4558-a5c8-04cb7516ccb6,RKDA,2026-07-21,0001469443,selected,0001193125-26-298841,424B3,,2026-07-09,rkda-424b3-2026-june.htm,offering
1e9387be-a1c5-4558-a5c8-04cb7516ccb6,RKDA,2026-07-21,0001469443,selected,0001193125-26-294619,8-K,"5.02,5.08,8.01",2026-07-02,rkda-20260701.htm,8k_items:8.01
1e9387be-a1c5-4558-a5c8-04cb7516ccb6,RKDA,2026-07-21,0001469443,selected,0001193125-26-285578,S-3,,2026-06-26,rkda-20260626.htm,shelf
1e9387be-a1c5-4558-a5c8-04cb7516ccb6,RKDA,2026-07-21,0001469443,selected,0001193125-26-045063,424B3,,2026-02-11,rkda-424b3-2026.htm,offering
1e9387be-a1c5-4558-a5c8-04cb7516ccb6,RKDA,2026-07-21,0001469443,selected,0001193125-26-025262,S-3,,2026-01-28,rkda-20260128.htm,shelf
f39ddbd0-b4f9-4de8-a710-ed538f625465,CODX,2026-07-21,0001692415,selected,0001493152-26-025630,S-3,,2026-05-28,forms-3.htm,shelf
f39ddbd0-b4f9-4de8-a710-ed538f625465,CODX,2026-07-21,0001692415,selected,0001493152-26-022504,S-3,,2026-05-12,forms-3.htm,shelf
180a4f19-4e5e-4b2a-8c24-e2c394e25c72,ADVB,2026-07-21,0001941029,selected,0001213900-26-073735,8-K,"1.01,9.01",2026-06-30,ea0296529-8k_advanced.htm,8k_items:1.01
4d1f7879-bbef-485e-b1a6-ea06fd30c1a5,NIKI,2026-07-21,0001734005,selected,0001213900-26-079416,8-K,"2.01,3.03,5.02,5.03,8.01,9.01",2026-07-20,ea0298262-8k_nikibio.htm,8k_items:3.03+5.03+8.01
4d1f7879-bbef-485e-b1a6-ea06fd30c1a5,NIKI,2026-07-21,0001734005,selected,0001213900-26-065316,424B3,,2026-06-04,ea0293638-424b3_aptorum.htm,offering
78e979e6-a936-4031-aa10-f3a67901f03d,GMM,2026-07-21,0001913749,selected,0001213900-26-060808,424B5,,2026-05-26,ea0291630-424b5_global.htm,offering
78e979e6-a936-4031-aa10-f3a67901f03d,GMM,2026-07-21,0001913749,selected,0001213900-26-024770,F-3,,2026-03-06,ea0279092-f3_global.htm,shelf
78e979e6-a936-4031-aa10-f3a67901f03d,GMM,2026-07-21,0001913749,selected,0001213900-26-014890,424B3,,2026-02-11,ea0275927-424b3_global.htm,offering
78e979e6-a936-4031-aa10-f3a67901f03d,GMM,2026-07-21,0001913749,selected,0001213900-26-008857,F-3,,2026-01-28,ea0273446-f3_global.htm,shelf
64290c2d-705e-452d-9066-a0f860b9a444,YIBO,2026-07-21,0001868395,no_filings,,,,,,
9d439889-aae0-47bb-a7d5-6982d8c021cd,GREE,2026-07-21,,no_cik,,,,,,
2f981389-e553-422d-a1b0-1c67998f24cf,SKYQ,2026-07-21,0001812447,selected,0001096906-26-001038,8-K,"1.01,1.02,2.03,9.01",2026-07-02,skyq-20260629_8k.htm,8k_items:1.01
2f981389-e553-422d-a1b0-1c67998f24cf,SKYQ,2026-07-21,0001812447,selected,0001096906-26-000977,8-K,"7.01,8.01,9.01",2026-06-22,skyq-20260622_8k.htm,8k_items:8.01
2f981389-e553-422d-a1b0-1c67998f24cf,SKYQ,2026-07-21,0001812447,selected,0001096906-26-000586,424B5,,2026-04-22,skyq_424b5.htm,offering
c9d09b33-bfe2-4572-b2a7-a002ec24e774,NCTY,2026-07-21,0001296774,selected,0001104659-26-084795,F-3/A,,2026-07-20,tm2620836d1_f3a.htm,shelf
c9d09b33-bfe2-4572-b2a7-a002ec24e774,NCTY,2026-07-21,0001296774,selected,0001104659-26-075465,F-3/A,,2026-06-18,tm2618188d1_f3a.htm,shelf
c9d09b33-bfe2-4572-b2a7-a002ec24e774,NCTY,2026-07-21,0001296774,selected,0001104659-26-069294,F-3/A,,2026-06-02,tm2616508d1_f3a.htm,shelf
c9d09b33-bfe2-4572-b2a7-a002ec24e774,NCTY,2026-07-21,0001296774,selected,0001104659-26-057891,F-3/A,,2026-05-08,tm2613471d1_f3a.htm,shelf
c9d09b33-bfe2-4572-b2a7-a002ec24e774,NCTY,2026-07-21,0001296774,selected,0001104659-26-043914,F-3,,2026-04-16,tm2611663d1_f3.htm,shelf
bf9ea6b2-d738-4ea1-8d20-501eb5778577,STIM,2026-07-21,0001227636,selected,0001193125-26-111081,S-3,,2026-03-17,d118087ds3.htm,shelf
feb79cb7-1af2-4baa-96ec-90a7c03ac389,SUGP,2026-07-22,0001969863,selected,0001753926-26-001031,424B3,,2026-06-22,g085773_424.htm,offering
feb79cb7-1af2-4baa-96ec-90a7c03ac389,SUGP,2026-07-22,0001969863,selected,0001753926-26-001005,F-1,,2026-06-12,g085763_f1.htm,shelf
feb79cb7-1af2-4baa-96ec-90a7c03ac389,SUGP,2026-07-22,0001969863,selected,0001753926-26-000819,424B3,,2026-05-12,g085728_424b3.htm,offering
f919045a-6957-4a99-a3d1-96f110d15ef1,VMAR,2026-07-22,0001813783,selected,0001104659-26-006277,424B5,,2026-01-23,tm263907d1_424b5.htm,offering
720dac99-a940-4490-b12f-a798d87dbf19,BNZI,2026-07-22,,no_cik,,,,,,
2c505996-a56a-467a-be71-6f524e9acbed,GCDT,2026-07-22,0001926293,no_filings,,,,,,
cd1607d5-c715-4743-bc50-920ec47e26fd,BJDX,2026-07-22,0001704287,selected,0001213900-26-072672,424B3,,2026-06-26,ea0296012-424b3_bluejay.htm,offering
cd1607d5-c715-4743-bc50-920ec47e26fd,BJDX,2026-07-22,0001704287,selected,0001213900-26-069727,S-3,,2026-06-17,ea0294889-s3_bluejay.htm,shelf
f16be810-7fab-4abf-bca1-2fd5c53ffae9,SVRN,2026-07-22,0001869467,no_filings,,,,,,
23a70b96-a51e-4481-a0e4-768928b54741,HKIT,2026-07-22,0001742341,selected,0001213900-26-064589,424B5,,2026-06-03,ea0293322-424b5_hitek.htm,offering
23a70b96-a51e-4481-a0e4-768928b54741,HKIT,2026-07-22,0001742341,selected,0001213900-26-036372,424B5,,2026-03-30,ea0283951-424b5_hitek.htm,offering
23a70b96-a51e-4481-a0e4-768928b54741,HKIT,2026-07-22,0001742341,selected,0001213900-26-027662,424B5,,2026-03-13,ea0281563-424b5_hitek.htm,offering
1a2388d2-0ee5-4d1b-818b-1950cf391e4b,CODX,2026-07-22,0001692415,selected,0001493152-26-025630,S-3,,2026-05-28,forms-3.htm,shelf
1a2388d2-0ee5-4d1b-818b-1950cf391e4b,CODX,2026-07-22,0001692415,selected,0001493152-26-022504,S-3,,2026-05-12,forms-3.htm,shelf
60a6d1a0-6299-4947-9de3-6e02477481e0,NCT,2026-07-22,0002018529,selected,0001213900-26-075881,424B4,,2026-07-07,ea0291199-05.htm,offering
60a6d1a0-6299-4947-9de3-6e02477481e0,NCT,2026-07-22,0002018529,selected,0001213900-26-069967,F-1/A,,2026-06-18,ea0291199-04.htm,shelf
60a6d1a0-6299-4947-9de3-6e02477481e0,NCT,2026-07-22,0002018529,selected,0001213900-26-066161,F-1,,2026-06-08,ea0291199-03.htm,shelf
60a6d1a0-6299-4947-9de3-6e02477481e0,NCT,2026-07-22,0002018529,selected,0001213900-26-040544,424B3,,2026-04-06,ea028468402-424b3_intercont.htm,offering
96b02a6b-699e-4dc4-b424-c23cdc4fe339,MASK,2026-07-22,0001993097,selected,0001185185-26-002956,F-1/A,,2026-07-14,maskf1a1071426.htm,shelf
96b02a6b-699e-4dc4-b424-c23cdc4fe339,MASK,2026-07-22,0001993097,selected,0001185185-26-002646,F-1,,2026-06-25,maskf1062326.htm,shelf
96b02a6b-699e-4dc4-b424-c23cdc4fe339,MASK,2026-07-22,0001993097,selected,0001185185-26-002628,F-1/A,,2026-06-24,maskf1a1062426.htm,shelf
96b02a6b-699e-4dc4-b424-c23cdc4fe339,MASK,2026-07-22,0001993097,selected,0001185185-26-002325,F-1,,2026-06-03,maskf1060126.htm,shelf
e31d0163-86bb-40db-b5e0-a4b39d29815d,PW,2026-07-22,0001532619,no_filings,,,,,,
5a7de36d-887d-421c-91a3-64a1923f8023,ATPC,2026-07-22,0001713210,selected,0001493152-26-033881,S-1/A,,2026-07-20,forms-1a.htm,shelf
5a7de36d-887d-421c-91a3-64a1923f8023,ATPC,2026-07-22,0001713210,selected,0001493152-26-027669,S-1,,2026-06-08,forms-1.htm,shelf
5a7de36d-887d-421c-91a3-64a1923f8023,ATPC,2026-07-22,0001713210,selected,0001493152-26-005495,S-3,,2026-02-06,forms-3.htm,shelf
87e709f9-4681-4586-9905-eb2f861048b8,JAGX,2026-07-22,0001585608,selected,0001193125-26-304988,S-1,,2026-07-16,d47881ds1.htm,shelf
87e709f9-4681-4586-9905-eb2f861048b8,JAGX,2026-07-22,0001585608,selected,0001193125-26-304985,S-1,,2026-07-16,d117884ds1.htm,shelf
87e709f9-4681-4586-9905-eb2f861048b8,JAGX,2026-07-22,0001585608,selected,0001193125-26-303190,8-K,"1.01,9.01",2026-07-14,d144017d8k.htm,8k_items:1.01
87e709f9-4681-4586-9905-eb2f861048b8,JAGX,2026-07-22,0001585608,selected,0001193125-26-292677,8-K,8.01,2026-07-01,d145900d8k.htm,8k_items:8.01
87e709f9-4681-4586-9905-eb2f861048b8,JAGX,2026-07-22,0001585608,selected,0001193125-26-281969,8-K,"1.01,8.01,9.01",2026-06-25,d110630d8k.htm,8k_items:1.01+8.01
367d5fc3-71c6-431a-a1cf-fc70f40f47a6,IOTR,2026-07-22,0001997637,no_filings,,,,,,
6a07326b-ebfe-4030-9d7a-8e88b86bc2f0,RKDA,2026-07-22,0001469443,selected,0001193125-26-298841,424B3,,2026-07-09,rkda-424b3-2026-june.htm,offering
6a07326b-ebfe-4030-9d7a-8e88b86bc2f0,RKDA,2026-07-22,0001469443,selected,0001193125-26-294619,8-K,"5.02,5.08,8.01",2026-07-02,rkda-20260701.htm,8k_items:8.01
6a07326b-ebfe-4030-9d7a-8e88b86bc2f0,RKDA,2026-07-22,0001469443,selected,0001193125-26-285578,S-3,,2026-06-26,rkda-20260626.htm,shelf
6a07326b-ebfe-4030-9d7a-8e88b86bc2f0,RKDA,2026-07-22,0001469443,selected,0001193125-26-045063,424B3,,2026-02-11,rkda-424b3-2026.htm,offering
6a07326b-ebfe-4030-9d7a-8e88b86bc2f0,RKDA,2026-07-22,0001469443,selected,0001193125-26-025262,S-3,,2026-01-28,rkda-20260128.htm,shelf
3cd6c5ac-6378-44f9-a429-b5fe6828d679,CUPR,2026-07-22,0001995704,selected,0001493152-26-032280,F-1,,2026-07-07,formf-1.htm,shelf
0bdd98f9-5819-48d5-9c79-e59acc093155,CPHI,2026-07-22,0001106644,no_filings,,,,,,
c7c81611-8386-4bc9-a283-51b7587889ce,SLGB,2026-07-22,0001987189,no_filings,,,,,,
864eb46c-8c03-4bb2-a762-b44144f895f8,NIPG,2026-07-22,0001966233,no_filings,,,,,,
067bdc3c-51a6-475d-b8bc-67b172988ecb,DFNS,2026-07-22,0001787518,selected,0001213900-26-078551,8-K,"3.03,5.03,9.01",2026-07-16,ea0298224-8k_t3defense.htm,8k_items:3.03+5.03
067bdc3c-51a6-475d-b8bc-67b172988ecb,DFNS,2026-07-22,0001787518,selected,0001213900-26-078163,8-K,"8.01,9.01",2026-07-15,ea0298097-8k_t3defense.htm,8k_items:8.01
067bdc3c-51a6-475d-b8bc-67b172988ecb,DFNS,2026-07-22,0001787518,selected,0001213900-26-077658,8-K,"3.03,5.03,9.01",2026-07-13,ea0297890-8k_t3defense.htm,8k_items:3.03+5.03
067bdc3c-51a6-475d-b8bc-67b172988ecb,DFNS,2026-07-22,0001787518,selected,0001213900-26-074046,424B3,,2026-07-01,ea0296586-424b3_t3defense.htm,offering
067bdc3c-51a6-475d-b8bc-67b172988ecb,DFNS,2026-07-22,0001787518,selected,0001213900-26-072134,S-1/A,,2026-06-25,ea0295992-s1a1_t3defense.htm,shelf
067bdc3c-51a6-475d-b8bc-67b172988ecb,DFNS,2026-07-22,0001787518,selected,0001213900-26-065394,S-1,,2026-06-04,ea0292495-s1_t3defense.htm,shelf
d84abb17-5df9-47a1-9cf6-0ff5fdeb5ec8,KIDZ,2026-07-22,0002022308,selected,0001477932-26-004422,8-K,"1.01,7.01,9.01",2026-07-21,kidz_8k.htm,8k_items:1.01
d84abb17-5df9-47a1-9cf6-0ff5fdeb5ec8,KIDZ,2026-07-22,0002022308,selected,0001477932-26-004332,S-1/A,,2026-07-16,kidz_s1a.htm,shelf
d84abb17-5df9-47a1-9cf6-0ff5fdeb5ec8,KIDZ,2026-07-22,0002022308,selected,0001477932-26-004060,S-1,,2026-06-29,kidz_s1.htm,shelf
d84abb17-5df9-47a1-9cf6-0ff5fdeb5ec8,KIDZ,2026-07-22,0002022308,selected,0001477932-26-003671,424B5,,2026-06-05,class_424b5.htm,offering
d84abb17-5df9-47a1-9cf6-0ff5fdeb5ec8,KIDZ,2026-07-22,0002022308,selected,0001477932-26-003131,424B5,,2026-05-14,class_424b5.htm,offering
d84abb17-5df9-47a1-9cf6-0ff5fdeb5ec8,KIDZ,2026-07-22,0002022308,selected,0001477932-26-002715,S-3,,2026-05-01,class_s3.htm,shelf
62f9d0ca-8b8f-4aba-9913-278b17f0a559,VIVK,2026-07-22,0001450704,selected,0001829126-26-007719,8-K,"1.01,3.02,7.01,9.01",2026-07-21,vivakorinc_8k.htm,8k_items:1.01+3.02
62f9d0ca-8b8f-4aba-9913-278b17f0a559,VIVK,2026-07-22,0001450704,selected,0001829126-26-007718,424B3,,2026-07-21,vivakor_424b3.htm,offering
62f9d0ca-8b8f-4aba-9913-278b17f0a559,VIVK,2026-07-22,0001450704,selected,0001829126-26-007621,8-K,"5.03,7.01,9.01",2026-07-16,vivakorinc_8k.htm,8k_items:5.03
62f9d0ca-8b8f-4aba-9913-278b17f0a559,VIVK,2026-07-22,0001450704,selected,0001829126-26-007518,8-K,"1.01,3.02,9.01",2026-07-10,vivakorinc_8k.htm,8k_items:1.01+3.02
62f9d0ca-8b8f-4aba-9913-278b17f0a559,VIVK,2026-07-22,0001450704,selected,0001829126-26-006843,S-1/A,,2026-06-25,vivakor_s1a.htm,shelf
62f9d0ca-8b8f-4aba-9913-278b17f0a559,VIVK,2026-07-22,0001450704,selected,0001829126-26-005622,S-1/A,,2026-05-22,vivakor_s1a.htm,shelf
a5ead09d-9319-43ae-a56d-fd5712c1edf5,GREE,2026-07-22,,no_cik,,,,,,
f0aaf3da-be65-4a9f-b995-a0fb7517f584,BANL,2026-07-22,0001914805,no_filings,,,,,,
60c2050f-bf26-43a1-9a15-2aea9101c181,FEMY,2026-07-22,0001339005,selected,0001140361-26-026169,8-K,"8.01,9.01",2026-06-24,ef20076706_8k.htm,8k_items:8.01
eefe0856-86ac-48d8-be62-9b907585202b,JZXN,2026-07-22,0001816172,selected,0001213900-26-017964,424B5,,2026-02-18,ea0277499-424b5_jiuzihold.htm,offering
7411c6ec-1739-42e0-91b5-a0d88431df01,HKIT,2026-07-23,0001742341,selected,0001213900-26-064589,424B5,,2026-06-03,ea0293322-424b5_hitek.htm,offering
7411c6ec-1739-42e0-91b5-a0d88431df01,HKIT,2026-07-23,0001742341,selected,0001213900-26-036372,424B5,,2026-03-30,ea0283951-424b5_hitek.htm,offering
7411c6ec-1739-42e0-91b5-a0d88431df01,HKIT,2026-07-23,0001742341,selected,0001213900-26-027662,424B5,,2026-03-13,ea0281563-424b5_hitek.htm,offering
7088c5af-0c27-4e18-998b-148d5152c469,CUPR,2026-07-23,0001995704,selected,0001493152-26-032280,F-1,,2026-07-07,formf-1.htm,shelf
b3c39e49-201a-4876-a4fb-8336e2c23bb3,JAGX,2026-07-23,0001585608,selected,0001193125-26-304988,S-1,,2026-07-16,d47881ds1.htm,shelf
b3c39e49-201a-4876-a4fb-8336e2c23bb3,JAGX,2026-07-23,0001585608,selected,0001193125-26-304985,S-1,,2026-07-16,d117884ds1.htm,shelf
b3c39e49-201a-4876-a4fb-8336e2c23bb3,JAGX,2026-07-23,0001585608,selected,0001193125-26-303190,8-K,"1.01,9.01",2026-07-14,d144017d8k.htm,8k_items:1.01
b3c39e49-201a-4876-a4fb-8336e2c23bb3,JAGX,2026-07-23,0001585608,selected,0001193125-26-292677,8-K,8.01,2026-07-01,d145900d8k.htm,8k_items:8.01
b3c39e49-201a-4876-a4fb-8336e2c23bb3,JAGX,2026-07-23,0001585608,selected,0001193125-26-281969,8-K,"1.01,8.01,9.01",2026-06-25,d110630d8k.htm,8k_items:1.01+8.01
b55d862e-e16f-4a39-bbb8-36f81ea85bb1,BNZI,2026-07-23,,no_cik,,,,,,
1f64663f-dc0c-4ac0-8c2c-51401bb1e448,SVRN,2026-07-23,0001869467,no_filings,,,,,,
6fa1e233-eab6-403d-aead-3be2ccb57f37,PW,2026-07-23,0001532619,no_filings,,,,,,
0b29c2e4-fcf1-413b-9b6e-58a13ce6b834,NCT,2026-07-23,0002018529,selected,0001213900-26-075881,424B4,,2026-07-07,ea0291199-05.htm,offering
0b29c2e4-fcf1-413b-9b6e-58a13ce6b834,NCT,2026-07-23,0002018529,selected,0001213900-26-069967,F-1/A,,2026-06-18,ea0291199-04.htm,shelf
0b29c2e4-fcf1-413b-9b6e-58a13ce6b834,NCT,2026-07-23,0002018529,selected,0001213900-26-066161,F-1,,2026-06-08,ea0291199-03.htm,shelf
0b29c2e4-fcf1-413b-9b6e-58a13ce6b834,NCT,2026-07-23,0002018529,selected,0001213900-26-040544,424B3,,2026-04-06,ea028468402-424b3_intercont.htm,offering
9ce0b984-7fd4-43ed-a32a-d977a7c0587c,RKDA,2026-07-23,0001469443,selected,0001193125-26-298841,424B3,,2026-07-09,rkda-424b3-2026-june.htm,offering
9ce0b984-7fd4-43ed-a32a-d977a7c0587c,RKDA,2026-07-23,0001469443,selected,0001193125-26-294619,8-K,"5.02,5.08,8.01",2026-07-02,rkda-20260701.htm,8k_items:8.01
9ce0b984-7fd4-43ed-a32a-d977a7c0587c,RKDA,2026-07-23,0001469443,selected,0001193125-26-285578,S-3,,2026-06-26,rkda-20260626.htm,shelf
9ce0b984-7fd4-43ed-a32a-d977a7c0587c,RKDA,2026-07-23,0001469443,selected,0001193125-26-045063,424B3,,2026-02-11,rkda-424b3-2026.htm,offering
9ce0b984-7fd4-43ed-a32a-d977a7c0587c,RKDA,2026-07-23,0001469443,selected,0001193125-26-025262,S-3,,2026-01-28,rkda-20260128.htm,shelf
0b2ad178-990b-4370-90ae-6146d19b3c35,SUGP,2026-07-23,0001969863,selected,0001753926-26-001031,424B3,,2026-06-22,g085773_424.htm,offering
0b2ad178-990b-4370-90ae-6146d19b3c35,SUGP,2026-07-23,0001969863,selected,0001753926-26-001005,F-1,,2026-06-12,g085763_f1.htm,shelf
0b2ad178-990b-4370-90ae-6146d19b3c35,SUGP,2026-07-23,0001969863,selected,0001753926-26-000819,424B3,,2026-05-12,g085728_424b3.htm,offering
54b07a5f-c086-48cc-89ac-c3c82f6ca38c,CODX,2026-07-23,0001692415,selected,0001493152-26-025630,S-3,,2026-05-28,forms-3.htm,shelf
54b07a5f-c086-48cc-89ac-c3c82f6ca38c,CODX,2026-07-23,0001692415,selected,0001493152-26-022504,S-3,,2026-05-12,forms-3.htm,shelf
d6f59301-b18e-4c62-930e-8010522fa80f,IOTR,2026-07-23,0001997637,no_filings,,,,,,
4f6e4a9a-fc97-4346-8bab-700255fbf864,VMAR,2026-07-23,0001813783,no_filings,,,,,,
3a734a07-cc9a-4c9f-bb64-a01a3cd16fd4,ATPC,2026-07-23,0001713210,selected,0001493152-26-033881,S-1/A,,2026-07-20,forms-1a.htm,shelf
3a734a07-cc9a-4c9f-bb64-a01a3cd16fd4,ATPC,2026-07-23,0001713210,selected,0001493152-26-027669,S-1,,2026-06-08,forms-1.htm,shelf
3a734a07-cc9a-4c9f-bb64-a01a3cd16fd4,ATPC,2026-07-23,0001713210,selected,0001493152-26-005495,S-3,,2026-02-06,forms-3.htm,shelf
43a271db-38da-4fde-b1ce-5e9b13d68f43,BJDX,2026-07-23,0001704287,selected,0001213900-26-072672,424B3,,2026-06-26,ea0296012-424b3_bluejay.htm,offering
43a271db-38da-4fde-b1ce-5e9b13d68f43,BJDX,2026-07-23,0001704287,selected,0001213900-26-069727,S-3,,2026-06-17,ea0294889-s3_bluejay.htm,shelf
31e1eb6f-ff62-4d55-8485-fdd67a4e7309,MASK,2026-07-23,0001993097,selected,0001185185-26-002956,F-1/A,,2026-07-14,maskf1a1071426.htm,shelf
31e1eb6f-ff62-4d55-8485-fdd67a4e7309,MASK,2026-07-23,0001993097,selected,0001185185-26-002646,F-1,,2026-06-25,maskf1062326.htm,shelf
31e1eb6f-ff62-4d55-8485-fdd67a4e7309,MASK,2026-07-23,0001993097,selected,0001185185-26-002628,F-1/A,,2026-06-24,maskf1a1062426.htm,shelf
31e1eb6f-ff62-4d55-8485-fdd67a4e7309,MASK,2026-07-23,0001993097,selected,0001185185-26-002325,F-1,,2026-06-03,maskf1060126.htm,shelf
522a25b8-2b9b-4a93-8561-6de30bfde4e6,GCDT,2026-07-23,0001926293,no_filings,,,,,,
2a448c46-9e6b-432a-b1f8-e25e8c646b55,ZCMD,2026-07-23,0001785566,selected,0001213900-26-063256,424B4,,2026-06-01,ea0292844-424b4_zhongchao.htm,offering
2a448c46-9e6b-432a-b1f8-e25e8c646b55,ZCMD,2026-07-23,0001785566,selected,0001213900-26-060530,F-1/A,,2026-05-22,ea0291917-f1a1_zhongchao.htm,shelf
2a448c46-9e6b-432a-b1f8-e25e8c646b55,ZCMD,2026-07-23,0001785566,selected,0001213900-26-053208,F-1,,2026-05-07,ea0285590-f1_zhongchao.htm,shelf
87aa19cd-f795-45b6-aff8-46092e5e08b2,LABT,2026-07-23,0002079272,selected,0001213900-26-070622,424B3,,2026-06-22,ea029535702-424b3_lakewood.htm,offering
87aa19cd-f795-45b6-aff8-46092e5e08b2,LABT,2026-07-23,0002079272,selected,0001213900-26-070620,424B3,,2026-06-22,ea029535701-424b3_lakewood.htm,offering
87aa19cd-f795-45b6-aff8-46092e5e08b2,LABT,2026-07-23,0002079272,selected,0001213900-26-061019,424B3,,2026-05-26,ea029208302-424b3_lakewood.htm,offering
87aa19cd-f795-45b6-aff8-46092e5e08b2,LABT,2026-07-23,0002079272,selected,0001213900-26-061018,424B3,,2026-05-26,ea029208301-424b3_lakewood.htm,offering
87aa19cd-f795-45b6-aff8-46092e5e08b2,LABT,2026-07-23,0002079272,selected,0001213900-26-056648,424B4,,2026-05-14,ea0290410-424b4_lakewood.htm,offering
87aa19cd-f795-45b6-aff8-46092e5e08b2,LABT,2026-07-23,0002079272,selected,0001213900-26-050936,S-1,,2026-05-01,ea0286535-s1_lakewood.htm,shelf
96c6bb21-92b1-477d-9742-9351d64d1d54,INLF,2026-07-23,0001991592,selected,0001213900-26-027703,424B5,,2026-03-13,ea0280367-424b5_inlif.htm,offering
fb8d1471-31cc-4ae4-abb6-6e75f9e01349,SLNG,2026-07-23,0001043186,selected,0001437749-26-022140,8-K,"1.01,2.03,9.01",2026-06-30,slng20260629_8k.htm,8k_items:1.01
fb8d1471-31cc-4ae4-abb6-6e75f9e01349,SLNG,2026-07-23,0001043186,selected,0001437749-26-012701,424B5,,2026-04-20,slng20250128_424b5.htm,offering
fb8d1471-31cc-4ae4-abb6-6e75f9e01349,SLNG,2026-07-23,0001043186,selected,0001437749-26-008218,S-3,,2026-03-13,slng20250128_s3.htm,shelf
9cb44e06-2eb6-478d-91d9-e3c0075bf963,NIPG,2026-07-23,0001966233,no_filings,,,,,,
88a4e99e-47ba-40fd-8551-d4fae0933f13,KUST,2026-07-23,0001342958,selected,0001493152-26-030046,8-K,"1.01,8.01,9.01",2026-06-25,form8-k.htm,8k_items:1.01+8.01
a81ce081-1135-4887-8170-d6e1b883d735,SORA,2026-07-23,0002033515,no_filings,,,,,,
c52026dc-aa49-4a18-982d-949063dffd93,KSCP,2026-07-23,0001600983,no_filings,,,,,,
02064671-0081-4d95-b09a-1f5b11811390,DRIO,2026-07-23,0001533998,selected,0001104659-26-085900,8-K,"1.01,8.01,9.01",2026-07-22,tm2621105d1_8k.htm,8k_items:1.01+8.01
02064671-0081-4d95-b09a-1f5b11811390,DRIO,2026-07-23,0001533998,selected,0001104659-26-085887,424B5,,2026-07-22,tm2620502d1_424b5.htm,offering
02064671-0081-4d95-b09a-1f5b11811390,DRIO,2026-07-23,0001533998,selected,0001104659-26-036809,424B5,,2026-03-30,tm269939d1_424b5.htm,offering
02064671-0081-4d95-b09a-1f5b11811390,DRIO,2026-07-23,0001533998,selected,0001104659-26-032157,S-3,,2026-03-19,tm268397d1_s3.htm,shelf
946747d3-87e4-4926-a7b2-60c371c5b5ad,PN,2026-07-23,0002001288,selected,0001929980-26-000189,F-3,,2026-04-28,skycorp_f3.htm,shelf
f1f59d47-7393-4702-ba8e-de809f980620,JAGX,2026-07-24,0001585608,selected,0001193125-26-304988,S-1,,2026-07-16,d47881ds1.htm,shelf
f1f59d47-7393-4702-ba8e-de809f980620,JAGX,2026-07-24,0001585608,selected,0001193125-26-304985,S-1,,2026-07-16,d117884ds1.htm,shelf
f1f59d47-7393-4702-ba8e-de809f980620,JAGX,2026-07-24,0001585608,selected,0001193125-26-303190,8-K,"1.01,9.01",2026-07-14,d144017d8k.htm,8k_items:1.01
f1f59d47-7393-4702-ba8e-de809f980620,JAGX,2026-07-24,0001585608,selected,0001193125-26-292677,8-K,8.01,2026-07-01,d145900d8k.htm,8k_items:8.01
f1f59d47-7393-4702-ba8e-de809f980620,JAGX,2026-07-24,0001585608,selected,0001193125-26-281969,8-K,"1.01,8.01,9.01",2026-06-25,d110630d8k.htm,8k_items:1.01+8.01
93448f1b-a569-43cf-b9f6-466af8927a36,HKIT,2026-07-24,0001742341,selected,0001213900-26-064589,424B5,,2026-06-03,ea0293322-424b5_hitek.htm,offering
93448f1b-a569-43cf-b9f6-466af8927a36,HKIT,2026-07-24,0001742341,selected,0001213900-26-036372,424B5,,2026-03-30,ea0283951-424b5_hitek.htm,offering
93448f1b-a569-43cf-b9f6-466af8927a36,HKIT,2026-07-24,0001742341,selected,0001213900-26-027662,424B5,,2026-03-13,ea0281563-424b5_hitek.htm,offering
1efcba89-e9cc-4ab8-bacc-3bf7d5f8febb,NCT,2026-07-24,0002018529,selected,0001213900-26-075881,424B4,,2026-07-07,ea0291199-05.htm,offering
1efcba89-e9cc-4ab8-bacc-3bf7d5f8febb,NCT,2026-07-24,0002018529,selected,0001213900-26-069967,F-1/A,,2026-06-18,ea0291199-04.htm,shelf
1efcba89-e9cc-4ab8-bacc-3bf7d5f8febb,NCT,2026-07-24,0002018529,selected,0001213900-26-066161,F-1,,2026-06-08,ea0291199-03.htm,shelf
1efcba89-e9cc-4ab8-bacc-3bf7d5f8febb,NCT,2026-07-24,0002018529,selected,0001213900-26-040544,424B3,,2026-04-06,ea028468402-424b3_intercont.htm,offering
0fc5cc27-0a4d-487c-aff8-11ae5106a2ae,PW,2026-07-24,0001532619,no_filings,,,,,,
ec596992-30b7-455d-a50d-1366b9f5a011,BNZI,2026-07-24,,no_cik,,,,,,
949562e1-966c-4cfd-8b76-7d948eab6d09,RKDA,2026-07-24,0001469443,selected,0001193125-26-298841,424B3,,2026-07-09,rkda-424b3-2026-june.htm,offering
949562e1-966c-4cfd-8b76-7d948eab6d09,RKDA,2026-07-24,0001469443,selected,0001193125-26-294619,8-K,"5.02,5.08,8.01",2026-07-02,rkda-20260701.htm,8k_items:8.01
949562e1-966c-4cfd-8b76-7d948eab6d09,RKDA,2026-07-24,0001469443,selected,0001193125-26-285578,S-3,,2026-06-26,rkda-20260626.htm,shelf
949562e1-966c-4cfd-8b76-7d948eab6d09,RKDA,2026-07-24,0001469443,selected,0001193125-26-045063,424B3,,2026-02-11,rkda-424b3-2026.htm,offering
949562e1-966c-4cfd-8b76-7d948eab6d09,RKDA,2026-07-24,0001469443,selected,0001193125-26-025262,S-3,,2026-01-28,rkda-20260128.htm,shelf
4afeeba9-6cfe-41cb-82a1-2f8e07ebfb76,CUPR,2026-07-24,0001995704,selected,0001493152-26-032280,F-1,,2026-07-07,formf-1.htm,shelf
2387e7ef-f361-430f-8bac-ed03d3db7138,IOTR,2026-07-24,0001997637,no_filings,,,,,,
99980dd8-716f-4697-acbb-c79a88ce5719,SVRN,2026-07-24,0001869467,no_filings,,,,,,
908f7c36-4eec-4c3e-a689-cad0c6993bc0,CODX,2026-07-24,0001692415,selected,0001493152-26-025630,S-3,,2026-05-28,forms-3.htm,shelf
908f7c36-4eec-4c3e-a689-cad0c6993bc0,CODX,2026-07-24,0001692415,selected,0001493152-26-022504,S-3,,2026-05-12,forms-3.htm,shelf
7ec72ee5-7cda-46ed-b424-b21e6aeb3578,ATPC,2026-07-24,0001713210,selected,0001493152-26-033881,S-1/A,,2026-07-20,forms-1a.htm,shelf
7ec72ee5-7cda-46ed-b424-b21e6aeb3578,ATPC,2026-07-24,0001713210,selected,0001493152-26-027669,S-1,,2026-06-08,forms-1.htm,shelf
7ec72ee5-7cda-46ed-b424-b21e6aeb3578,ATPC,2026-07-24,0001713210,selected,0001493152-26-005495,S-3,,2026-02-06,forms-3.htm,shelf
acf3d802-5afb-41ef-902e-abb3ee11a327,VMAR,2026-07-24,0001813783,no_filings,,,,,,
ee0f25dd-70a3-4c0c-847b-a059589e220f,BJDX,2026-07-24,0001704287,selected,0001213900-26-072672,424B3,,2026-06-26,ea0296012-424b3_bluejay.htm,offering
ee0f25dd-70a3-4c0c-847b-a059589e220f,BJDX,2026-07-24,0001704287,selected,0001213900-26-069727,S-3,,2026-06-17,ea0294889-s3_bluejay.htm,shelf
7034943c-30fc-44a6-ad41-acd23995e277,MASK,2026-07-24,0001993097,selected,0001185185-26-002956,F-1/A,,2026-07-14,maskf1a1071426.htm,shelf
7034943c-30fc-44a6-ad41-acd23995e277,MASK,2026-07-24,0001993097,selected,0001185185-26-002646,F-1,,2026-06-25,maskf1062326.htm,shelf
7034943c-30fc-44a6-ad41-acd23995e277,MASK,2026-07-24,0001993097,selected,0001185185-26-002628,F-1/A,,2026-06-24,maskf1a1062426.htm,shelf
7034943c-30fc-44a6-ad41-acd23995e277,MASK,2026-07-24,0001993097,selected,0001185185-26-002325,F-1,,2026-06-03,maskf1060126.htm,shelf
5dc24d9a-35e2-4854-a699-5a6e7744e78e,EHGO,2026-07-24,0001879754,selected,0001185185-26-002766,424B5,,2026-07-01,ehgo424b5070126.htm,offering
5dc24d9a-35e2-4854-a699-5a6e7744e78e,EHGO,2026-07-24,0001879754,selected,0001185185-26-002650,424B5,,2026-06-25,ehgo424b5062526.htm,offering
5dc24d9a-35e2-4854-a699-5a6e7744e78e,EHGO,2026-07-24,0001879754,selected,0001185185-26-002541,F-1/A,,2026-06-17,ehgof1a1061426.htm,shelf
5dc24d9a-35e2-4854-a699-5a6e7744e78e,EHGO,2026-07-24,0001879754,selected,0001185185-26-002413,F-1,,2026-06-08,ehgof1060526.htm,shelf
a6a1cf82-92e6-48e5-90ed-5356cea27416,PAVS,2026-07-24,0001751876,selected,0001929980-26-000266,424B5,,2026-06-16,pavs_424b5.htm,offering
a6a1cf82-92e6-48e5-90ed-5356cea27416,PAVS,2026-07-24,0001751876,selected,0001929980-26-000246,424B5,,2026-06-09,pavs_424b5.htm,offering
a6a1cf82-92e6-48e5-90ed-5356cea27416,PAVS,2026-07-24,0001751876,selected,0001929980-26-000097,424B5,,2026-03-25,pavs_424b5.htm,offering
5a67685b-dc11-492a-8191-af0d202cded6,WLDS,2026-07-24,0001887673,selected,0001213900-26-055053,F-3,,2026-05-12,ea0290085-f3_wearable.htm,shelf
5a67685b-dc11-492a-8191-af0d202cded6,WLDS,2026-07-24,0001887673,selected,0001213900-26-019320,F-1,,2026-02-23,ea0277949-f1_wearable.htm,shelf
03e7703c-95ed-41a7-bfda-850d9ee8dfe1,WBUY,2026-07-24,0001946703,selected,0001213900-26-058607,424B3,,2026-05-19,ea0290538-424b3_webuy.htm,offering
03e7703c-95ed-41a7-bfda-850d9ee8dfe1,WBUY,2026-07-24,0001946703,selected,0001213900-26-058146,F-3,,2026-05-18,ea0290898-f3_webuy.htm,shelf
03e7703c-95ed-41a7-bfda-850d9ee8dfe1,WBUY,2026-07-24,0001946703,selected,0001213900-26-052856,F-1,,2026-05-06,ea0288631-f1_webuy.htm,shelf
b56b51bf-3a03-41b1-b0cc-b594f1831f01,CJMB,2026-07-24,0002032545,selected,0001493152-26-031963,8-K,3.01,2026-07-02,form8-k.htm,8k_items:3.01
b56b51bf-3a03-41b1-b0cc-b594f1831f01,CJMB,2026-07-24,0002032545,selected,0001493152-26-025291,S-3,,2026-05-26,forms-3.htm,shelf
41347f19-2589-48f3-bd07-1af65ce408e3,JEM,2026-07-24,0002018222,selected,0001493152-26-033305,F-1,,2026-07-15,formf-1.htm,shelf
41347f19-2589-48f3-bd07-1af65ce408e3,JEM,2026-07-24,0002018222,selected,0001493152-26-016578,F-1/A,,2026-04-14,formf-1a.htm,shelf
41347f19-2589-48f3-bd07-1af65ce408e3,JEM,2026-07-24,0002018222,selected,0001493152-26-013375,F-1,,2026-03-30,formf-1.htm,shelf
43005e00-a009-4e91-bbd8-dac3300a1874,NEUP,2026-07-24,0001191070,selected,0001213900-26-081052,8-K,"1.01,5.01,7.01,9.01",2026-07-24,ea0298914-8k_neuphoria.htm,8k_items:1.01
f1c0a2d4-f76e-49ce-a711-a79411330ad2,VIVK,2026-07-24,0001450704,selected,0001829126-26-007719,8-K,"1.01,3.02,7.01,9.01",2026-07-21,vivakorinc_8k.htm,8k_items:1.01+3.02
f1c0a2d4-f76e-49ce-a711-a79411330ad2,VIVK,2026-07-24,0001450704,selected,0001829126-26-007718,424B3,,2026-07-21,vivakor_424b3.htm,offering
f1c0a2d4-f76e-49ce-a711-a79411330ad2,VIVK,2026-07-24,0001450704,selected,0001829126-26-007621,8-K,"5.03,7.01,9.01",2026-07-16,vivakorinc_8k.htm,8k_items:5.03
f1c0a2d4-f76e-49ce-a711-a79411330ad2,VIVK,2026-07-24,0001450704,selected,0001829126-26-007518,8-K,"1.01,3.02,9.01",2026-07-10,vivakorinc_8k.htm,8k_items:1.01+3.02
f1c0a2d4-f76e-49ce-a711-a79411330ad2,VIVK,2026-07-24,0001450704,selected,0001829126-26-006843,S-1/A,,2026-06-25,vivakor_s1a.htm,shelf
f1c0a2d4-f76e-49ce-a711-a79411330ad2,VIVK,2026-07-24,0001450704,selected,0001829126-26-005622,S-1/A,,2026-05-22,vivakor_s1a.htm,shelf
b017c922-743c-41e9-8154-db69b83ec17e,AEHL,2026-07-24,0001470683,selected,0001493152-26-025214,424B5,,2026-05-26,form424b5.htm,offering
b017c922-743c-41e9-8154-db69b83ec17e,AEHL,2026-07-24,0001470683,selected,0001493152-26-020826,F-3/A,,2026-05-01,formf-3a.htm,shelf
b017c922-743c-41e9-8154-db69b83ec17e,AEHL,2026-07-24,0001470683,selected,0001493152-26-016579,F-3,,2026-04-14,formf-3.htm,shelf
c1c5af79-aa6e-41aa-9929-b9186f7150b0,DOMO,2026-07-24,0001505952,selected,0001104659-26-085881,8-K,"1.01,3.03,5.03,9.01",2026-07-22,tm2620768d2_8k.htm,8k_items:1.01+3.03+5.03
c1c5af79-aa6e-41aa-9929-b9186f7150b0,DOMO,2026-07-24,0001505952,selected,0001104659-26-085819,8-K,"1.01,7.01,9.01",2026-07-22,tm2620768d3_8k.htm,8k_items:1.01
dd0bb5d3-ace1-45cd-96ba-d0f6bb93dfed,JAGX,2026-07-27,0001585608,selected,0001193125-26-316920,424B3,,2026-07-27,d117884d424b3.htm,offering
dd0bb5d3-ace1-45cd-96ba-d0f6bb93dfed,JAGX,2026-07-27,0001585608,selected,0001193125-26-316918,424B3,,2026-07-27,d47881d424b3.htm,offering
dd0bb5d3-ace1-45cd-96ba-d0f6bb93dfed,JAGX,2026-07-27,0001585608,selected,0001193125-26-315711,S-1/A,,2026-07-24,d47881ds1a.htm,shelf
dd0bb5d3-ace1-45cd-96ba-d0f6bb93dfed,JAGX,2026-07-27,0001585608,selected,0001193125-26-304988,S-1,,2026-07-16,d47881ds1.htm,shelf
dd0bb5d3-ace1-45cd-96ba-d0f6bb93dfed,JAGX,2026-07-27,0001585608,selected,0001193125-26-304985,S-1,,2026-07-16,d117884ds1.htm,shelf
dd0bb5d3-ace1-45cd-96ba-d0f6bb93dfed,JAGX,2026-07-27,0001585608,selected,0001193125-26-303190,8-K,"1.01,9.01",2026-07-14,d144017d8k.htm,8k_items:1.01
f5d19188-2a2e-4f29-ba2a-a009914cfd7c,NCT,2026-07-27,0002018529,selected,0001213900-26-075881,424B4,,2026-07-07,ea0291199-05.htm,offering
f5d19188-2a2e-4f29-ba2a-a009914cfd7c,NCT,2026-07-27,0002018529,selected,0001213900-26-069967,F-1/A,,2026-06-18,ea0291199-04.htm,shelf
f5d19188-2a2e-4f29-ba2a-a009914cfd7c,NCT,2026-07-27,0002018529,selected,0001213900-26-066161,F-1,,2026-06-08,ea0291199-03.htm,shelf
f5d19188-2a2e-4f29-ba2a-a009914cfd7c,NCT,2026-07-27,0002018529,selected,0001213900-26-040544,424B3,,2026-04-06,ea028468402-424b3_intercont.htm,offering
1754d97f-dd8f-4212-91b5-7bf0afecb662,CUPR,2026-07-27,0001995704,selected,0001493152-26-032280,F-1,,2026-07-07,formf-1.htm,shelf
f79940d6-6337-4281-8f75-cc5241c5f632,BJDX,2026-07-27,0001704287,selected,0001213900-26-072672,424B3,,2026-06-26,ea0296012-424b3_bluejay.htm,offering
f79940d6-6337-4281-8f75-cc5241c5f632,BJDX,2026-07-27,0001704287,selected,0001213900-26-069727,S-3,,2026-06-17,ea0294889-s3_bluejay.htm,shelf
d8ed8411-3ea5-4f58-b58e-40cc0475dc00,MASK,2026-07-27,0001993097,selected,0001185185-26-002956,F-1/A,,2026-07-14,maskf1a1071426.htm,shelf
d8ed8411-3ea5-4f58-b58e-40cc0475dc00,MASK,2026-07-27,0001993097,selected,0001185185-26-002646,F-1,,2026-06-25,maskf1062326.htm,shelf
d8ed8411-3ea5-4f58-b58e-40cc0475dc00,MASK,2026-07-27,0001993097,selected,0001185185-26-002628,F-1/A,,2026-06-24,maskf1a1062426.htm,shelf
d8ed8411-3ea5-4f58-b58e-40cc0475dc00,MASK,2026-07-27,0001993097,selected,0001185185-26-002325,F-1,,2026-06-03,maskf1060126.htm,shelf
e852f445-0f0a-4991-8446-b4c439d1c94e,ATPC,2026-07-27,0001713210,selected,0001493152-26-033881,S-1/A,,2026-07-20,forms-1a.htm,shelf
e852f445-0f0a-4991-8446-b4c439d1c94e,ATPC,2026-07-27,0001713210,selected,0001493152-26-027669,S-1,,2026-06-08,forms-1.htm,shelf
e852f445-0f0a-4991-8446-b4c439d1c94e,ATPC,2026-07-27,0001713210,selected,0001493152-26-005495,S-3,,2026-02-06,forms-3.htm,shelf
e9311163-de5c-4515-b30b-e1c832d047ac,PW,2026-07-27,0001532619,no_filings,,,,,,
bb59d89e-c85b-4e1e-a7e8-38fde893d22d,BNZI,2026-07-27,,no_cik,,,,,,
0a304da7-1a32-418b-bb1f-1b0cb52226a1,VMAR,2026-07-27,0001813783,no_filings,,,,,,
e39d103e-2a59-4ce0-bf0f-886dba60eec9,HKIT,2026-07-27,0001742341,selected,0001213900-26-064589,424B5,,2026-06-03,ea0293322-424b5_hitek.htm,offering
e39d103e-2a59-4ce0-bf0f-886dba60eec9,HKIT,2026-07-27,0001742341,selected,0001213900-26-036372,424B5,,2026-03-30,ea0283951-424b5_hitek.htm,offering
e39d103e-2a59-4ce0-bf0f-886dba60eec9,HKIT,2026-07-27,0001742341,selected,0001213900-26-027662,424B5,,2026-03-13,ea0281563-424b5_hitek.htm,offering
ac11842b-37af-48a1-8b99-ec9131e20caa,RKDA,2026-07-27,0001469443,selected,0001193125-26-298841,424B3,,2026-07-09,rkda-424b3-2026-june.htm,offering
ac11842b-37af-48a1-8b99-ec9131e20caa,RKDA,2026-07-27,0001469443,selected,0001193125-26-294619,8-K,"5.02,5.08,8.01",2026-07-02,rkda-20260701.htm,8k_items:8.01
ac11842b-37af-48a1-8b99-ec9131e20caa,RKDA,2026-07-27,0001469443,selected,0001193125-26-285578,S-3,,2026-06-26,rkda-20260626.htm,shelf
ac11842b-37af-48a1-8b99-ec9131e20caa,RKDA,2026-07-27,0001469443,selected,0001193125-26-045063,424B3,,2026-02-11,rkda-424b3-2026.htm,offering
ac11842b-37af-48a1-8b99-ec9131e20caa,RKDA,2026-07-27,0001469443,selected,0001193125-26-025262,S-3,,2026-01-28,rkda-20260128.htm,shelf
979409de-2cc0-460f-907a-077602f23815,CODX,2026-07-27,0001692415,selected,0001493152-26-025630,S-3,,2026-05-28,forms-3.htm,shelf
979409de-2cc0-460f-907a-077602f23815,CODX,2026-07-27,0001692415,selected,0001493152-26-022504,S-3,,2026-05-12,forms-3.htm,shelf
0ffce957-1967-4443-a6d8-d29b3bd9a30d,IOTR,2026-07-27,0001997637,no_filings,,,,,,
43567e13-c645-4c68-b458-6797a5a53abd,SVRN,2026-07-27,0001869467,no_filings,,,,,,
96aef31c-dc49-46d3-bc95-49aa7527d5e7,EDBL,2026-07-27,0001809750,selected,0001477932-26-004257,8-K,3.02,2026-07-10,edbl_8k.htm,8k_items:3.02
96aef31c-dc49-46d3-bc95-49aa7527d5e7,EDBL,2026-07-27,0001809750,selected,0001477932-26-004225,8-K,"3.03,5.03,9.01",2026-07-09,edbl_8k.htm,8k_items:3.03+5.03
96aef31c-dc49-46d3-bc95-49aa7527d5e7,EDBL,2026-07-27,0001809750,selected,0001477932-26-004151,8-K,"3.02,5.07",2026-07-01,edbl_8k.htm,8k_items:3.02
dedf7c06-5590-4744-9ccb-5b8a6d510858,LGHL,2026-07-27,0001806524,no_filings,,,,,,
ca0a8fce-b259-42e2-802d-09ee621593d5,DFNS,2026-07-27,0001787518,selected,0001213900-26-078551,8-K,"3.03,5.03,9.01",2026-07-16,ea0298224-8k_t3defense.htm,8k_items:3.03+5.03
ca0a8fce-b259-42e2-802d-09ee621593d5,DFNS,2026-07-27,0001787518,selected,0001213900-26-078163,8-K,"8.01,9.01",2026-07-15,ea0298097-8k_t3defense.htm,8k_items:8.01
ca0a8fce-b259-42e2-802d-09ee621593d5,DFNS,2026-07-27,0001787518,selected,0001213900-26-077658,8-K,"3.03,5.03,9.01",2026-07-13,ea0297890-8k_t3defense.htm,8k_items:3.03+5.03
ca0a8fce-b259-42e2-802d-09ee621593d5,DFNS,2026-07-27,0001787518,selected,0001213900-26-074046,424B3,,2026-07-01,ea0296586-424b3_t3defense.htm,offering
ca0a8fce-b259-42e2-802d-09ee621593d5,DFNS,2026-07-27,0001787518,selected,0001213900-26-072134,S-1/A,,2026-06-25,ea0295992-s1a1_t3defense.htm,shelf
ca0a8fce-b259-42e2-802d-09ee621593d5,DFNS,2026-07-27,0001787518,selected,0001213900-26-065394,S-1,,2026-06-04,ea0292495-s1_t3defense.htm,shelf
c25c1ed2-615f-4952-8fb6-94a9dd2d6c6b,GMEX,2026-07-27,0001928581,no_filings,,,,,,
5d35c40e-13ed-4352-99c2-9614dacda52c,BIYA,2026-07-27,0001944712,selected,0001213900-26-080910,F-3,,2026-07-23,ea0298908-f3_baiya.htm,shelf
5d35c40e-13ed-4352-99c2-9614dacda52c,BIYA,2026-07-27,0001944712,selected,0001213900-26-038595,424B3,,2026-04-01,ea0284668-424b3_baiyainter.htm,offering
5d35c40e-13ed-4352-99c2-9614dacda52c,BIYA,2026-07-27,0001944712,selected,0001213900-26-032455,F-1,,2026-03-20,ea0282470-f1_baiyainter.htm,shelf
5d35c40e-13ed-4352-99c2-9614dacda52c,BIYA,2026-07-27,0001944712,selected,0001213900-26-011517,424B3,,2026-02-03,ea0275377-424b3_baiyainter.htm,offering
5d35c40e-13ed-4352-99c2-9614dacda52c,BIYA,2026-07-27,0001944712,selected,0001213900-26-008872,F-1/A,,2026-01-28,ea0273669-f1a1_baiyainter.htm,shelf
3723461a-ebfe-4932-9522-272cf1b561a6,LVWR,2026-07-27,0001898795,no_filings,,,,,,
1d27f3e8-0c8e-4f21-a32c-efe81af5749b,NCTY,2026-07-27,0001296774,selected,0001104659-26-084795,F-3/A,,2026-07-20,tm2620836d1_f3a.htm,shelf
1d27f3e8-0c8e-4f21-a32c-efe81af5749b,NCTY,2026-07-27,0001296774,selected,0001104659-26-075465,F-3/A,,2026-06-18,tm2618188d1_f3a.htm,shelf
1d27f3e8-0c8e-4f21-a32c-efe81af5749b,NCTY,2026-07-27,0001296774,selected,0001104659-26-069294,F-3/A,,2026-06-02,tm2616508d1_f3a.htm,shelf
1d27f3e8-0c8e-4f21-a32c-efe81af5749b,NCTY,2026-07-27,0001296774,selected,0001104659-26-057891,F-3/A,,2026-05-08,tm2613471d1_f3a.htm,shelf
1d27f3e8-0c8e-4f21-a32c-efe81af5749b,NCTY,2026-07-27,0001296774,selected,0001104659-26-043914,F-3,,2026-04-16,tm2611663d1_f3.htm,shelf
374ed2ce-2c1c-45a2-aa81-c20f927b04de,ENTX,2026-07-27,0001638097,selected,0001178913-26-003510,8-K,"5.02,5.03,5.07,9.01",2026-07-16,zk2635691.htm,8k_items:5.03
374ed2ce-2c1c-45a2-aa81-c20f927b04de,ENTX,2026-07-27,0001638097,selected,0001178913-26-002735,424B3,,2026-05-15,zk2635302.htm,offering
374ed2ce-2c1c-45a2-aa81-c20f927b04de,ENTX,2026-07-27,0001638097,selected,0001178913-26-002460,S-3,,2026-05-08,zk2635174.htm,shelf
865837c3-f255-433c-84c1-c663075bf4dd,CUPR,2026-07-28,0001995704,selected,0001493152-26-032280,F-1,,2026-07-07,formf-1.htm,shelf
aad752a9-3e8f-44fa-9f6e-9f3aaf1c0e4a,BJDX,2026-07-28,0001704287,selected,0001213900-26-072672,424B3,,2026-06-26,ea0296012-424b3_bluejay.htm,offering
aad752a9-3e8f-44fa-9f6e-9f3aaf1c0e4a,BJDX,2026-07-28,0001704287,selected,0001213900-26-069727,S-3,,2026-06-17,ea0294889-s3_bluejay.htm,shelf
1517317f-754c-4611-8e17-8f2cbee5a039,IOTR,2026-07-28,0001997637,no_filings,,,,,,
375dfbd6-157b-4b8d-929f-80d6ec625a8c,JAGX,2026-07-28,0001585608,selected,0001193125-26-316920,424B3,,2026-07-27,d117884d424b3.htm,offering
375dfbd6-157b-4b8d-929f-80d6ec625a8c,JAGX,2026-07-28,0001585608,selected,0001193125-26-316918,424B3,,2026-07-27,d47881d424b3.htm,offering
375dfbd6-157b-4b8d-929f-80d6ec625a8c,JAGX,2026-07-28,0001585608,selected,0001193125-26-315711,S-1/A,,2026-07-24,d47881ds1a.htm,shelf
375dfbd6-157b-4b8d-929f-80d6ec625a8c,JAGX,2026-07-28,0001585608,selected,0001193125-26-304988,S-1,,2026-07-16,d47881ds1.htm,shelf
375dfbd6-157b-4b8d-929f-80d6ec625a8c,JAGX,2026-07-28,0001585608,selected,0001193125-26-304985,S-1,,2026-07-16,d117884ds1.htm,shelf
375dfbd6-157b-4b8d-929f-80d6ec625a8c,JAGX,2026-07-28,0001585608,selected,0001193125-26-303190,8-K,"1.01,9.01",2026-07-14,d144017d8k.htm,8k_items:1.01
26e613b1-edff-4001-88c5-47202350d160,NCT,2026-07-28,0002018529,selected,0001213900-26-075881,424B4,,2026-07-07,ea0291199-05.htm,offering
26e613b1-edff-4001-88c5-47202350d160,NCT,2026-07-28,0002018529,selected,0001213900-26-069967,F-1/A,,2026-06-18,ea0291199-04.htm,shelf
26e613b1-edff-4001-88c5-47202350d160,NCT,2026-07-28,0002018529,selected,0001213900-26-066161,F-1,,2026-06-08,ea0291199-03.htm,shelf
26e613b1-edff-4001-88c5-47202350d160,NCT,2026-07-28,0002018529,selected,0001213900-26-040544,424B3,,2026-04-06,ea028468402-424b3_intercont.htm,offering
c18f5a52-1d39-471c-8aed-6cea289a629e,BNZI,2026-07-28,,no_cik,,,,,,
b536bbff-6af4-48ac-9834-270b8fede477,VMAR,2026-07-28,0001813783,no_filings,,,,,,
39910afe-9206-4e8a-b375-997db106d60b,PW,2026-07-28,0001532619,no_filings,,,,,,
b1c66993-f519-4847-9b6e-eac92d7b5c42,CODX,2026-07-28,0001692415,selected,0001493152-26-034837,8-K,"1.01,9.01",2026-07-27,form8-k.htm,8k_items:1.01
b1c66993-f519-4847-9b6e-eac92d7b5c42,CODX,2026-07-28,0001692415,selected,0001493152-26-034835,424B5,,2026-07-27,form424b5.htm,offering
b1c66993-f519-4847-9b6e-eac92d7b5c42,CODX,2026-07-28,0001692415,selected,0001493152-26-025630,S-3,,2026-05-28,forms-3.htm,shelf
b1c66993-f519-4847-9b6e-eac92d7b5c42,CODX,2026-07-28,0001692415,selected,0001493152-26-022504,S-3,,2026-05-12,forms-3.htm,shelf
4171971e-c5ab-46aa-b373-fa7521ea24cd,ATPC,2026-07-28,0001713210,selected,0001493152-26-033881,S-1/A,,2026-07-20,forms-1a.htm,shelf
4171971e-c5ab-46aa-b373-fa7521ea24cd,ATPC,2026-07-28,0001713210,selected,0001493152-26-027669,S-1,,2026-06-08,forms-1.htm,shelf
4171971e-c5ab-46aa-b373-fa7521ea24cd,ATPC,2026-07-28,0001713210,selected,0001493152-26-005495,S-3,,2026-02-06,forms-3.htm,shelf
79f7cd7d-25da-4261-a746-92974368056e,MASK,2026-07-28,0001993097,selected,0001185185-26-003135,F-1,,2026-07-27,maskf1072426.htm,shelf
79f7cd7d-25da-4261-a746-92974368056e,MASK,2026-07-28,0001993097,selected,0001185185-26-002956,F-1/A,,2026-07-14,maskf1a1071426.htm,shelf
79f7cd7d-25da-4261-a746-92974368056e,MASK,2026-07-28,0001993097,selected,0001185185-26-002646,F-1,,2026-06-25,maskf1062326.htm,shelf
79f7cd7d-25da-4261-a746-92974368056e,MASK,2026-07-28,0001993097,selected,0001185185-26-002628,F-1/A,,2026-06-24,maskf1a1062426.htm,shelf
79f7cd7d-25da-4261-a746-92974368056e,MASK,2026-07-28,0001993097,selected,0001185185-26-002325,F-1,,2026-06-03,maskf1060126.htm,shelf
a5ac494b-0c80-4adc-a2ee-c001cf256d4f,HKIT,2026-07-28,0001742341,selected,0001213900-26-064589,424B5,,2026-06-03,ea0293322-424b5_hitek.htm,offering
a5ac494b-0c80-4adc-a2ee-c001cf256d4f,HKIT,2026-07-28,0001742341,selected,0001213900-26-036372,424B5,,2026-03-30,ea0283951-424b5_hitek.htm,offering
a5ac494b-0c80-4adc-a2ee-c001cf256d4f,HKIT,2026-07-28,0001742341,selected,0001213900-26-027662,424B5,,2026-03-13,ea0281563-424b5_hitek.htm,offering
6e32c111-bd48-4a41-b01e-f1460057219d,SVRN,2026-07-28,0001869467,no_filings,,,,,,
f9157491-c0f2-47f0-a55f-3d290e332d5b,RKDA,2026-07-28,0001469443,selected,0001193125-26-298841,424B3,,2026-07-09,rkda-424b3-2026-june.htm,offering
f9157491-c0f2-47f0-a55f-3d290e332d5b,RKDA,2026-07-28,0001469443,selected,0001193125-26-294619,8-K,"5.02,5.08,8.01",2026-07-02,rkda-20260701.htm,8k_items:8.01
f9157491-c0f2-47f0-a55f-3d290e332d5b,RKDA,2026-07-28,0001469443,selected,0001193125-26-285578,S-3,,2026-06-26,rkda-20260626.htm,shelf
f9157491-c0f2-47f0-a55f-3d290e332d5b,RKDA,2026-07-28,0001469443,selected,0001193125-26-045063,424B3,,2026-02-11,rkda-424b3-2026.htm,offering
5f98f0f2-f208-493e-bf8d-6b5384bce3e1,BIYA,2026-07-28,0001944712,selected,0001213900-26-080910,F-3,,2026-07-23,ea0298908-f3_baiya.htm,shelf
5f98f0f2-f208-493e-bf8d-6b5384bce3e1,BIYA,2026-07-28,0001944712,selected,0001213900-26-038595,424B3,,2026-04-01,ea0284668-424b3_baiyainter.htm,offering
5f98f0f2-f208-493e-bf8d-6b5384bce3e1,BIYA,2026-07-28,0001944712,selected,0001213900-26-032455,F-1,,2026-03-20,ea0282470-f1_baiyainter.htm,shelf
5f98f0f2-f208-493e-bf8d-6b5384bce3e1,BIYA,2026-07-28,0001944712,selected,0001213900-26-011517,424B3,,2026-02-03,ea0275377-424b3_baiyainter.htm,offering
eba97f04-cfd9-4e24-bfa6-3c307189ecfd,KIDZ,2026-07-28,0002022308,selected,0001477932-26-004535,8-K,"8.01,9.01",2026-07-28,kidz_8k.htm,8k_items:8.01
eba97f04-cfd9-4e24-bfa6-3c307189ecfd,KIDZ,2026-07-28,0002022308,selected,0001477932-26-004453,424B4,,2026-07-22,kidz_424b4.htm,offering
eba97f04-cfd9-4e24-bfa6-3c307189ecfd,KIDZ,2026-07-28,0002022308,selected,0001477932-26-004422,8-K,"1.01,7.01,9.01",2026-07-21,kidz_8k.htm,8k_items:1.01
eba97f04-cfd9-4e24-bfa6-3c307189ecfd,KIDZ,2026-07-28,0002022308,selected,0001477932-26-004332,S-1/A,,2026-07-16,kidz_s1a.htm,shelf
eba97f04-cfd9-4e24-bfa6-3c307189ecfd,KIDZ,2026-07-28,0002022308,selected,0001477932-26-004060,S-1,,2026-06-29,kidz_s1.htm,shelf
eba97f04-cfd9-4e24-bfa6-3c307189ecfd,KIDZ,2026-07-28,0002022308,selected,0001477932-26-003671,424B5,,2026-06-05,class_424b5.htm,offering
9da34b2f-3f69-47a8-94b5-46b4dfc78f21,NCTY,2026-07-28,0001296774,selected,0001104659-26-084795,F-3/A,,2026-07-20,tm2620836d1_f3a.htm,shelf
9da34b2f-3f69-47a8-94b5-46b4dfc78f21,NCTY,2026-07-28,0001296774,selected,0001104659-26-075465,F-3/A,,2026-06-18,tm2618188d1_f3a.htm,shelf
9da34b2f-3f69-47a8-94b5-46b4dfc78f21,NCTY,2026-07-28,0001296774,selected,0001104659-26-069294,F-3/A,,2026-06-02,tm2616508d1_f3a.htm,shelf
9da34b2f-3f69-47a8-94b5-46b4dfc78f21,NCTY,2026-07-28,0001296774,selected,0001104659-26-057891,F-3/A,,2026-05-08,tm2613471d1_f3a.htm,shelf
9da34b2f-3f69-47a8-94b5-46b4dfc78f21,NCTY,2026-07-28,0001296774,selected,0001104659-26-043914,F-3,,2026-04-16,tm2611663d1_f3.htm,shelf
ec1ff65c-aebf-45ef-9b10-5b7333d3e1e0,REBN,2026-07-28,0001707910,no_filings,,,,,,
2b905e4d-98a7-48a1-be32-575437f3584d,LVWR,2026-07-28,0001898795,no_filings,,,,,,
4262ff5b-962a-4701-bb06-8aacc28f01a2,VGAS,2026-07-28,0001841425,no_filings,,,,,,
d967d9d0-0ce1-4849-8a45-27e31eb97271,ENTX,2026-07-28,0001638097,selected,0001178913-26-003510,8-K,"5.02,5.03,5.07,9.01",2026-07-16,zk2635691.htm,8k_items:5.03
d967d9d0-0ce1-4849-8a45-27e31eb97271,ENTX,2026-07-28,0001638097,selected,0001178913-26-002735,424B3,,2026-05-15,zk2635302.htm,offering
d967d9d0-0ce1-4849-8a45-27e31eb97271,ENTX,2026-07-28,0001638097,selected,0001178913-26-002460,S-3,,2026-05-08,zk2635174.htm,shelf
88fd2821-b046-4b95-8d6e-9a5539707d24,CNET,2026-07-28,0001376321,selected,0001171843-26-004396,8-K,"1.01,9.01",2026-06-30,f8k_062926.htm,8k_items:1.01
d4260fb8-50ee-4ae6-bcd7-356bcd19081b,LSE,2026-07-28,0001985139,selected,0001493152-26-027767,F-3,,2026-06-08,formf-3.htm,shelf
b9c00a01-e31b-435d-9800-68c2868eb266,IMMR,2026-07-28,0001058811,selected,0001193125-26-294505,8-K,"5.08,8.01,9.01",2026-07-02,immr-20260702.htm,8k_items:8.01
887bc119-a969-4efc-a7a9-0038844313b0,CODX,2026-07-29,0001692415,selected,0001493152-26-034837,8-K,"1.01,9.01",2026-07-27,form8-k.htm,8k_items:1.01
887bc119-a969-4efc-a7a9-0038844313b0,CODX,2026-07-29,0001692415,selected,0001493152-26-034835,424B5,,2026-07-27,form424b5.htm,offering
887bc119-a969-4efc-a7a9-0038844313b0,CODX,2026-07-29,0001692415,selected,0001493152-26-025630,S-3,,2026-05-28,forms-3.htm,shelf
887bc119-a969-4efc-a7a9-0038844313b0,CODX,2026-07-29,0001692415,selected,0001493152-26-022504,S-3,,2026-05-12,forms-3.htm,shelf
ad58a383-6bd0-43d9-ba32-faf129ae3023,HKIT,2026-07-29,0001742341,selected,0001213900-26-064589,424B5,,2026-06-03,ea0293322-424b5_hitek.htm,offering
ad58a383-6bd0-43d9-ba32-faf129ae3023,HKIT,2026-07-29,0001742341,selected,0001213900-26-036372,424B5,,2026-03-30,ea0283951-424b5_hitek.htm,offering
ad58a383-6bd0-43d9-ba32-faf129ae3023,HKIT,2026-07-29,0001742341,selected,0001213900-26-027662,424B5,,2026-03-13,ea0281563-424b5_hitek.htm,offering
a558158b-0074-4305-8c51-79cc3d6cfa17,BNZI,2026-07-29,,no_cik,,,,,,
c43ecad4-a856-4119-b2db-f997c1a2e730,BJDX,2026-07-29,0001704287,selected,0001213900-26-072672,424B3,,2026-06-26,ea0296012-424b3_bluejay.htm,offering
c43ecad4-a856-4119-b2db-f997c1a2e730,BJDX,2026-07-29,0001704287,selected,0001213900-26-069727,S-3,,2026-06-17,ea0294889-s3_bluejay.htm,shelf
80dd5c9f-73d8-4b99-8868-9a232bab1111,VMAR,2026-07-29,0001813783,no_filings,,,,,,
dbf6ad14-eadb-4215-a28a-f2d3ff892bb1,SVRN,2026-07-29,0001869467,no_filings,,,,,,
9e44f844-49aa-45cc-97ae-63c1311afdef,CUPR,2026-07-29,0001995704,selected,0001493152-26-032280,F-1,,2026-07-07,formf-1.htm,shelf
b8f878ba-5864-460b-8ddc-ac0a5c0b7262,NCT,2026-07-29,0002018529,selected,0001213900-26-075881,424B4,,2026-07-07,ea0291199-05.htm,offering
b8f878ba-5864-460b-8ddc-ac0a5c0b7262,NCT,2026-07-29,0002018529,selected,0001213900-26-069967,F-1/A,,2026-06-18,ea0291199-04.htm,shelf
b8f878ba-5864-460b-8ddc-ac0a5c0b7262,NCT,2026-07-29,0002018529,selected,0001213900-26-066161,F-1,,2026-06-08,ea0291199-03.htm,shelf
b8f878ba-5864-460b-8ddc-ac0a5c0b7262,NCT,2026-07-29,0002018529,selected,0001213900-26-040544,424B3,,2026-04-06,ea028468402-424b3_intercont.htm,offering
e472423b-9a33-4bb1-9a9f-ddb998bdaf3b,JAGX,2026-07-29,0001585608,selected,0001193125-26-316920,424B3,,2026-07-27,d117884d424b3.htm,offering
e472423b-9a33-4bb1-9a9f-ddb998bdaf3b,JAGX,2026-07-29,0001585608,selected,0001193125-26-316918,424B3,,2026-07-27,d47881d424b3.htm,offering
e472423b-9a33-4bb1-9a9f-ddb998bdaf3b,JAGX,2026-07-29,0001585608,selected,0001193125-26-315711,S-1/A,,2026-07-24,d47881ds1a.htm,shelf
e472423b-9a33-4bb1-9a9f-ddb998bdaf3b,JAGX,2026-07-29,0001585608,selected,0001193125-26-304988,S-1,,2026-07-16,d47881ds1.htm,shelf
e472423b-9a33-4bb1-9a9f-ddb998bdaf3b,JAGX,2026-07-29,0001585608,selected,0001193125-26-304985,S-1,,2026-07-16,d117884ds1.htm,shelf
e472423b-9a33-4bb1-9a9f-ddb998bdaf3b,JAGX,2026-07-29,0001585608,selected,0001193125-26-303190,8-K,"1.01,9.01",2026-07-14,d144017d8k.htm,8k_items:1.01
6b946e98-6f3b-44cb-ab82-0ace718145a7,ATPC,2026-07-29,0001713210,selected,0001493152-26-033881,S-1/A,,2026-07-20,forms-1a.htm,shelf
6b946e98-6f3b-44cb-ab82-0ace718145a7,ATPC,2026-07-29,0001713210,selected,0001493152-26-027669,S-1,,2026-06-08,forms-1.htm,shelf
6b946e98-6f3b-44cb-ab82-0ace718145a7,ATPC,2026-07-29,0001713210,selected,0001493152-26-005495,S-3,,2026-02-06,forms-3.htm,shelf
f3468a2b-e92d-4de3-81d9-c25aab7a6af4,RKDA,2026-07-29,0001469443,selected,0001193125-26-298841,424B3,,2026-07-09,rkda-424b3-2026-june.htm,offering
f3468a2b-e92d-4de3-81d9-c25aab7a6af4,RKDA,2026-07-29,0001469443,selected,0001193125-26-294619,8-K,"5.02,5.08,8.01",2026-07-02,rkda-20260701.htm,8k_items:8.01
f3468a2b-e92d-4de3-81d9-c25aab7a6af4,RKDA,2026-07-29,0001469443,selected,0001193125-26-285578,S-3,,2026-06-26,rkda-20260626.htm,shelf
f3468a2b-e92d-4de3-81d9-c25aab7a6af4,RKDA,2026-07-29,0001469443,selected,0001193125-26-045063,424B3,,2026-02-11,rkda-424b3-2026.htm,offering
81bbdbd4-0e5c-4d45-a508-ea8dca74bef6,IOTR,2026-07-29,0001997637,no_filings,,,,,,
c970a8e9-e657-44d4-b84c-9e5c3206db80,PW,2026-07-29,0001532619,no_filings,,,,,,
89be2f41-b5a4-4ef1-9c9e-9b79f7b60557,MASK,2026-07-29,0001993097,selected,0001185185-26-003135,F-1,,2026-07-27,maskf1072426.htm,shelf
89be2f41-b5a4-4ef1-9c9e-9b79f7b60557,MASK,2026-07-29,0001993097,selected,0001185185-26-002956,F-1/A,,2026-07-14,maskf1a1071426.htm,shelf
89be2f41-b5a4-4ef1-9c9e-9b79f7b60557,MASK,2026-07-29,0001993097,selected,0001185185-26-002646,F-1,,2026-06-25,maskf1062326.htm,shelf
89be2f41-b5a4-4ef1-9c9e-9b79f7b60557,MASK,2026-07-29,0001993097,selected,0001185185-26-002628,F-1/A,,2026-06-24,maskf1a1062426.htm,shelf
89be2f41-b5a4-4ef1-9c9e-9b79f7b60557,MASK,2026-07-29,0001993097,selected,0001185185-26-002325,F-1,,2026-06-03,maskf1060126.htm,shelf
f35ba773-a034-4b29-a685-3912d1b7d22a,INLF,2026-07-29,0001991592,selected,0001213900-26-027703,424B5,,2026-03-13,ea0280367-424b5_inlif.htm,offering
5546e443-fac4-45b6-8da6-944f65d78bd8,EGG,2026-07-29,0001982961,no_filings,,,,,,
721d84e0-aef7-4c00-b4c6-2ddf4a585de0,ONMD,2026-07-29,0001849380,selected,0001493152-26-034599,8-K,"5.08,8.01",2026-07-24,form8-k.htm,8k_items:8.01
721d84e0-aef7-4c00-b4c6-2ddf4a585de0,ONMD,2026-07-29,0001849380,selected,0001493152-26-032953,424B3,,2026-07-13,form424b3.htm,offering
721d84e0-aef7-4c00-b4c6-2ddf4a585de0,ONMD,2026-07-29,0001849380,selected,0001493152-26-032512,S-1/A,,2026-07-08,forms-1a.htm,shelf
721d84e0-aef7-4c00-b4c6-2ddf4a585de0,ONMD,2026-07-29,0001849380,selected,0001493152-26-031598,S-1,,2026-07-01,forms-1.htm,shelf
721d84e0-aef7-4c00-b4c6-2ddf4a585de0,ONMD,2026-07-29,0001849380,selected,0001493152-26-031590,8-K,"1.01,9.01",2026-07-01,form8-k.htm,8k_items:1.01
721d84e0-aef7-4c00-b4c6-2ddf4a585de0,ONMD,2026-07-29,0001849380,selected,0001493152-26-023834,424B3,,2026-05-15,form424b3.htm,offering
a5b28d6f-a66a-49b8-893a-c449ef504bb0,AMSS,2026-07-29,0001851491,selected,0001575872-26-000534,8-K,3.01,2026-07-27,amass036_8k.htm,8k_items:3.01
a5b28d6f-a66a-49b8-893a-c449ef504bb0,AMSS,2026-07-29,0001851491,selected,0001575872-26-000498,424B5,,2026-07-10,amass033_424b5.htm,offering
a5b28d6f-a66a-49b8-893a-c449ef504bb0,AMSS,2026-07-29,0001851491,selected,0001575872-26-000497,8-K,"1.01,9.01",2026-07-10,amass032_8k.htm,8k_items:1.01
a5b28d6f-a66a-49b8-893a-c449ef504bb0,AMSS,2026-07-29,0001851491,selected,0001575872-26-000485,424B3,,2026-07-06,amass031_424b3.htm,offering
a5b28d6f-a66a-49b8-893a-c449ef504bb0,AMSS,2026-07-29,0001851491,selected,0001575872-26-000456,8-K,"1.01,9.01",2026-06-30,amass029_8k.htm,8k_items:1.01
a5b28d6f-a66a-49b8-893a-c449ef504bb0,AMSS,2026-07-29,0001851491,selected,0001575872-26-000454,S-1,,2026-06-30,amass028_s1.htm,shelf
64d5e8e6-6a75-4e76-8cd2-b1e0cf43677c,CNET,2026-07-29,0001376321,selected,0001171843-26-004396,8-K,"1.01,9.01",2026-06-30,f8k_062926.htm,8k_items:1.01
e5f48313-900e-485c-8f69-6a2641be3a31,STFS,2026-07-29,0002003061,selected,0001213900-26-030230,F-3/A,,2026-03-18,ea0278513-f3a1_starfashion.htm,shelf
e5f48313-900e-485c-8f69-6a2641be3a31,STFS,2026-07-29,0002003061,selected,0001213900-26-011848,F-3,,2026-02-04,ea0272896-f3_starfashion.htm,shelf
3364c4cf-1a07-4a69-bdbb-f54f5ba7e967,PSQH,2026-07-29,0001847064,selected,0001104659-26-082646,8-K,"3.03,5.02,5.03,5.07,7.01,9.01",2026-07-10,tm2620162d2_8k.htm,8k_items:3.03+5.03
751011e3-84c7-4d22-ae33-ae354ccb9dee,FIRY,2026-07-29,0001801661,no_filings,,,,,,
8ab6da1f-16af-46a5-90bc-255acb4a513d,BIYA,2026-07-29,0001944712,selected,0001213900-26-080910,F-3,,2026-07-23,ea0298908-f3_baiya.htm,shelf
8ab6da1f-16af-46a5-90bc-255acb4a513d,BIYA,2026-07-29,0001944712,selected,0001213900-26-038595,424B3,,2026-04-01,ea0284668-424b3_baiyainter.htm,offering
8ab6da1f-16af-46a5-90bc-255acb4a513d,BIYA,2026-07-29,0001944712,selected,0001213900-26-032455,F-1,,2026-03-20,ea0282470-f1_baiyainter.htm,shelf
8ab6da1f-16af-46a5-90bc-255acb4a513d,BIYA,2026-07-29,0001944712,selected,0001213900-26-011517,424B3,,2026-02-03,ea0275377-424b3_baiyainter.htm,offering
81ca5d68-cfcd-4a88-8e4b-bfd79e12814f,WLDS,2026-07-29,0001887673,selected,0001213900-26-055053,F-3,,2026-05-12,ea0290085-f3_wearable.htm,shelf
81ca5d68-cfcd-4a88-8e4b-bfd79e12814f,WLDS,2026-07-29,0001887673,selected,0001213900-26-019320,F-1,,2026-02-23,ea0277949-f1_wearable.htm,shelf
395a7fdb-4d2a-482b-9db0-c0adea962214,BJDX,2026-07-30,0001704287,selected,0001213900-26-072672,424B3,,2026-06-26,ea0296012-424b3_bluejay.htm,offering
395a7fdb-4d2a-482b-9db0-c0adea962214,BJDX,2026-07-30,0001704287,selected,0001213900-26-069727,S-3,,2026-06-17,ea0294889-s3_bluejay.htm,shelf
89b8717e-bf1d-4934-8b8e-e4fe326e9e75,BNZI,2026-07-30,,no_cik,,,,,,
4d739ccc-ce10-4f9b-b113-6f42e7884211,CODX,2026-07-30,0001692415,selected,0001493152-26-034837,8-K,"1.01,9.01",2026-07-27,form8-k.htm,8k_items:1.01
4d739ccc-ce10-4f9b-b113-6f42e7884211,CODX,2026-07-30,0001692415,selected,0001493152-26-034835,424B5,,2026-07-27,form424b5.htm,offering
4d739ccc-ce10-4f9b-b113-6f42e7884211,CODX,2026-07-30,0001692415,selected,0001493152-26-025630,S-3,,2026-05-28,forms-3.htm,shelf
4d739ccc-ce10-4f9b-b113-6f42e7884211,CODX,2026-07-30,0001692415,selected,0001493152-26-022504,S-3,,2026-05-12,forms-3.htm,shelf
d96d3425-65dd-46b7-8492-c7358f9f439a,CUPR,2026-07-30,0001995704,selected,0001493152-26-032280,F-1,,2026-07-07,formf-1.htm,shelf
6ef73a9d-0f37-4f2d-812b-c6162bb47990,MASK,2026-07-30,0001993097,selected,0001185185-26-003135,F-1,,2026-07-27,maskf1072426.htm,shelf
6ef73a9d-0f37-4f2d-812b-c6162bb47990,MASK,2026-07-30,0001993097,selected,0001185185-26-002956,F-1/A,,2026-07-14,maskf1a1071426.htm,shelf
6ef73a9d-0f37-4f2d-812b-c6162bb47990,MASK,2026-07-30,0001993097,selected,0001185185-26-002646,F-1,,2026-06-25,maskf1062326.htm,shelf
6ef73a9d-0f37-4f2d-812b-c6162bb47990,MASK,2026-07-30,0001993097,selected,0001185185-26-002628,F-1/A,,2026-06-24,maskf1a1062426.htm,shelf
6ef73a9d-0f37-4f2d-812b-c6162bb47990,MASK,2026-07-30,0001993097,selected,0001185185-26-002325,F-1,,2026-06-03,maskf1060126.htm,shelf
bc885afe-8e87-4f33-82dc-322dcb351917,RKDA,2026-07-30,0001469443,selected,0001193125-26-298841,424B3,,2026-07-09,rkda-424b3-2026-june.htm,offering
bc885afe-8e87-4f33-82dc-322dcb351917,RKDA,2026-07-30,0001469443,selected,0001193125-26-294619,8-K,"5.02,5.08,8.01",2026-07-02,rkda-20260701.htm,8k_items:8.01
bc885afe-8e87-4f33-82dc-322dcb351917,RKDA,2026-07-30,0001469443,selected,0001193125-26-285578,S-3,,2026-06-26,rkda-20260626.htm,shelf
bc885afe-8e87-4f33-82dc-322dcb351917,RKDA,2026-07-30,0001469443,selected,0001193125-26-045063,424B3,,2026-02-11,rkda-424b3-2026.htm,offering
85ec2bb7-92fa-4f58-99ba-c9f3e34439be,NCT,2026-07-30,0002018529,selected,0001213900-26-075881,424B4,,2026-07-07,ea0291199-05.htm,offering
85ec2bb7-92fa-4f58-99ba-c9f3e34439be,NCT,2026-07-30,0002018529,selected,0001213900-26-069967,F-1/A,,2026-06-18,ea0291199-04.htm,shelf
85ec2bb7-92fa-4f58-99ba-c9f3e34439be,NCT,2026-07-30,0002018529,selected,0001213900-26-066161,F-1,,2026-06-08,ea0291199-03.htm,shelf
85ec2bb7-92fa-4f58-99ba-c9f3e34439be,NCT,2026-07-30,0002018529,selected,0001213900-26-040544,424B3,,2026-04-06,ea028468402-424b3_intercont.htm,offering
18685b34-d74a-4739-b059-f616e8685b5b,IOTR,2026-07-30,0001997637,no_filings,,,,,,
8e6d04d6-f268-4ade-964a-6c6e5ec5a437,SVRN,2026-07-30,0001869467,no_filings,,,,,,
6183768d-06f8-4d71-9606-c08baa15953f,ATPC,2026-07-30,0001713210,selected,0001493152-26-033881,S-1/A,,2026-07-20,forms-1a.htm,shelf
6183768d-06f8-4d71-9606-c08baa15953f,ATPC,2026-07-30,0001713210,selected,0001493152-26-027669,S-1,,2026-06-08,forms-1.htm,shelf
6183768d-06f8-4d71-9606-c08baa15953f,ATPC,2026-07-30,0001713210,selected,0001493152-26-005495,S-3,,2026-02-06,forms-3.htm,shelf
216b1a03-98be-4d6e-bec2-0e262c22cfea,PW,2026-07-30,0001532619,no_filings,,,,,,
a6887510-9244-4ec0-a350-1aff7eeaf4c7,JAGX,2026-07-30,0001585608,selected,0001193125-26-316920,424B3,,2026-07-27,d117884d424b3.htm,offering
a6887510-9244-4ec0-a350-1aff7eeaf4c7,JAGX,2026-07-30,0001585608,selected,0001193125-26-316918,424B3,,2026-07-27,d47881d424b3.htm,offering
a6887510-9244-4ec0-a350-1aff7eeaf4c7,JAGX,2026-07-30,0001585608,selected,0001193125-26-315711,S-1/A,,2026-07-24,d47881ds1a.htm,shelf
a6887510-9244-4ec0-a350-1aff7eeaf4c7,JAGX,2026-07-30,0001585608,selected,0001193125-26-304988,S-1,,2026-07-16,d47881ds1.htm,shelf
a6887510-9244-4ec0-a350-1aff7eeaf4c7,JAGX,2026-07-30,0001585608,selected,0001193125-26-304985,S-1,,2026-07-16,d117884ds1.htm,shelf
a6887510-9244-4ec0-a350-1aff7eeaf4c7,JAGX,2026-07-30,0001585608,selected,0001193125-26-303190,8-K,"1.01,9.01",2026-07-14,d144017d8k.htm,8k_items:1.01
fba80652-b30f-46fb-9618-f9dfe7506f29,VMAR,2026-07-30,0001813783,no_filings,,,,,,
c3c47cf3-f000-432c-b557-6e54a30540ea,HKIT,2026-07-30,0001742341,selected,0001213900-26-064589,424B5,,2026-06-03,ea0293322-424b5_hitek.htm,offering
c3c47cf3-f000-432c-b557-6e54a30540ea,HKIT,2026-07-30,0001742341,selected,0001213900-26-036372,424B5,,2026-03-30,ea0283951-424b5_hitek.htm,offering
c3c47cf3-f000-432c-b557-6e54a30540ea,HKIT,2026-07-30,0001742341,selected,0001213900-26-027662,424B5,,2026-03-13,ea0281563-424b5_hitek.htm,offering
34cf936f-97f5-48af-be46-00c344a0474b,NCRA,2026-07-30,0001756180,selected,0001683168-26-005364,S-3,,2026-07-08,nocera_s3.htm,shelf
34cf936f-97f5-48af-be46-00c344a0474b,NCRA,2026-07-30,0001756180,selected,0001683168-26-005361,8-K,"1.01,5.03,8.01,9.01",2026-07-08,nocera_8k.htm,8k_items:1.01+5.03+8.01
50074eb2-2014-4647-8f0f-336fd61171d2,AMIX,2026-07-30,0001617867,selected,0001437749-26-024697,S-3,,2026-07-28,amix20260721_s3.htm,shelf
50074eb2-2014-4647-8f0f-336fd61171d2,AMIX,2026-07-30,0001617867,selected,0001437749-26-024597,8-K,8.01,2026-07-28,amix20260728_8k.htm,8k_items:8.01
50074eb2-2014-4647-8f0f-336fd61171d2,AMIX,2026-07-30,0001617867,selected,0001437749-26-023638,8-K,"1.01,3.02,8.01,9.01",2026-07-15,amix20260714c_8k.htm,8k_items:1.01+3.02+8.01
50074eb2-2014-4647-8f0f-336fd61171d2,AMIX,2026-07-30,0001617867,selected,0001437749-26-023248,8-K,8.01,2026-07-10,amix20260709_8k.htm,8k_items:8.01
9c903e65-db20-4b03-a8d6-62dc7f50bb40,GWAV,2026-07-30,0001589149,no_filings,,,,,,
755937bc-d5a4-46e0-9b8a-5ee810b178bb,STFS,2026-07-30,0002003061,selected,0001213900-26-030230,F-3/A,,2026-03-18,ea0278513-f3a1_starfashion.htm,shelf
755937bc-d5a4-46e0-9b8a-5ee810b178bb,STFS,2026-07-30,0002003061,selected,0001213900-26-011848,F-3,,2026-02-04,ea0272896-f3_starfashion.htm,shelf
b8766a7f-a681-4985-86b2-618bd2420cbb,SPRC,2026-07-30,0001611746,selected,0001213900-26-017502,F-3,,2026-02-17,ea0277292-f3_scisparc.htm,shelf
b8766a7f-a681-4985-86b2-618bd2420cbb,SPRC,2026-07-30,0001611746,selected,0001213900-26-011504,F-3,,2026-02-03,ea0275341-f3_scisparc.htm,shelf
a25701db-694b-4c47-9c66-73d1f2787465,MWYN,2026-07-30,0002030522,selected,0001213900-26-078325,8-K,8.01,2026-07-15,ea0297869-8k_marwynn.htm,8k_items:8.01
a25701db-694b-4c47-9c66-73d1f2787465,MWYN,2026-07-30,0002030522,selected,0001213900-26-039997,S-3,,2026-04-03,ea0283144-s3_marwynn.htm,shelf
22d8a66a-47b5-46ce-9f53-72c226ea026c,GMM,2026-07-30,0001913749,selected,0001213900-26-060808,424B5,,2026-05-26,ea0291630-424b5_global.htm,offering
22d8a66a-47b5-46ce-9f53-72c226ea026c,GMM,2026-07-30,0001913749,selected,0001213900-26-024770,F-3,,2026-03-06,ea0279092-f3_global.htm,shelf
22d8a66a-47b5-46ce-9f53-72c226ea026c,GMM,2026-07-30,0001913749,selected,0001213900-26-014890,424B3,,2026-02-11,ea0275927-424b3_global.htm,offering
a5ab9ddf-0c85-4bc7-a38e-1fe4bf2d3cc3,JBDI,2026-07-30,0001964314,no_filings,,,,,,
acfeb36b-f14d-422c-b090-f01fe9d0928f,LVWR,2026-07-30,0001898795,selected,0001898795-26-000078,8-K,"3.01,7.01,9.01",2026-07-29,lvwr-20260723.htm,8k_items:3.01
432abb92-4ff1-48d5-842a-31b74a72c327,DCX,2026-07-30,0001957413,no_filings,,,,,,
21ce13de-3da4-4def-a0af-0525f1bdba07,CUPR,2026-07-31,0001995704,selected,0001493152-26-032280,F-1,,2026-07-07,formf-1.htm,shelf
a72f88c9-fe5b-4516-8c9b-58c4718126a5,PW,2026-07-31,0001532619,no_filings,,,,,,
061d60ae-c85c-4b26-846c-0e310d82607e,JAGX,2026-07-31,0001585608,selected,0001193125-26-316920,424B3,,2026-07-27,d117884d424b3.htm,offering
061d60ae-c85c-4b26-846c-0e310d82607e,JAGX,2026-07-31,0001585608,selected,0001193125-26-316918,424B3,,2026-07-27,d47881d424b3.htm,offering
061d60ae-c85c-4b26-846c-0e310d82607e,JAGX,2026-07-31,0001585608,selected,0001193125-26-315711,S-1/A,,2026-07-24,d47881ds1a.htm,shelf
061d60ae-c85c-4b26-846c-0e310d82607e,JAGX,2026-07-31,0001585608,selected,0001193125-26-304988,S-1,,2026-07-16,d47881ds1.htm,shelf
061d60ae-c85c-4b26-846c-0e310d82607e,JAGX,2026-07-31,0001585608,selected,0001193125-26-304985,S-1,,2026-07-16,d117884ds1.htm,shelf
061d60ae-c85c-4b26-846c-0e310d82607e,JAGX,2026-07-31,0001585608,selected,0001193125-26-303190,8-K,"1.01,9.01",2026-07-14,d144017d8k.htm,8k_items:1.01
033fd366-5a94-459f-8ab6-fcae2b39e6d2,VMAR,2026-07-31,0001813783,no_filings,,,,,,
fa1d5864-c96b-431a-907a-0d528020cf91,BJDX,2026-07-31,0001704287,selected,0001213900-26-072672,424B3,,2026-06-26,ea0296012-424b3_bluejay.htm,offering
fa1d5864-c96b-431a-907a-0d528020cf91,BJDX,2026-07-31,0001704287,selected,0001213900-26-069727,S-3,,2026-06-17,ea0294889-s3_bluejay.htm,shelf
013cc985-d133-466f-ba78-7d6694bd4fbc,SVRN,2026-07-31,0001869467,no_filings,,,,,,
059e0773-9778-451f-9798-5d2a7ef68e72,BNZI,2026-07-31,,no_cik,,,,,,
6108f31f-c50f-4027-a3f4-d9a350702cf2,NCT,2026-07-31,0002018529,selected,0001213900-26-075881,424B4,,2026-07-07,ea0291199-05.htm,offering
6108f31f-c50f-4027-a3f4-d9a350702cf2,NCT,2026-07-31,0002018529,selected,0001213900-26-069967,F-1/A,,2026-06-18,ea0291199-04.htm,shelf
6108f31f-c50f-4027-a3f4-d9a350702cf2,NCT,2026-07-31,0002018529,selected,0001213900-26-066161,F-1,,2026-06-08,ea0291199-03.htm,shelf
6108f31f-c50f-4027-a3f4-d9a350702cf2,NCT,2026-07-31,0002018529,selected,0001213900-26-040544,424B3,,2026-04-06,ea028468402-424b3_intercont.htm,offering
217bfc51-d469-4152-b59d-29a1b56a2d90,CODX,2026-07-31,0001692415,selected,0001493152-26-035553,8-K,"1.01,3.02,9.01",2026-07-31,form8-k.htm,8k_items:1.01+3.02
217bfc51-d469-4152-b59d-29a1b56a2d90,CODX,2026-07-31,0001692415,selected,0001493152-26-034837,8-K,"1.01,9.01",2026-07-27,form8-k.htm,8k_items:1.01
217bfc51-d469-4152-b59d-29a1b56a2d90,CODX,2026-07-31,0001692415,selected,0001493152-26-034835,424B5,,2026-07-27,form424b5.htm,offering
217bfc51-d469-4152-b59d-29a1b56a2d90,CODX,2026-07-31,0001692415,selected,0001493152-26-025630,S-3,,2026-05-28,forms-3.htm,shelf
217bfc51-d469-4152-b59d-29a1b56a2d90,CODX,2026-07-31,0001692415,selected,0001493152-26-022504,S-3,,2026-05-12,forms-3.htm,shelf
340ee9dc-4053-452a-853a-3c5fae451d8d,HKIT,2026-07-31,0001742341,selected,0001213900-26-064589,424B5,,2026-06-03,ea0293322-424b5_hitek.htm,offering
340ee9dc-4053-452a-853a-3c5fae451d8d,HKIT,2026-07-31,0001742341,selected,0001213900-26-036372,424B5,,2026-03-30,ea0283951-424b5_hitek.htm,offering
340ee9dc-4053-452a-853a-3c5fae451d8d,HKIT,2026-07-31,0001742341,selected,0001213900-26-027662,424B5,,2026-03-13,ea0281563-424b5_hitek.htm,offering
b4b09ba7-a2ea-45d4-b13b-5fabd505543a,RKDA,2026-07-31,0001469443,selected,0001193125-26-298841,424B3,,2026-07-09,rkda-424b3-2026-june.htm,offering
b4b09ba7-a2ea-45d4-b13b-5fabd505543a,RKDA,2026-07-31,0001469443,selected,0001193125-26-294619,8-K,"5.02,5.08,8.01",2026-07-02,rkda-20260701.htm,8k_items:8.01
b4b09ba7-a2ea-45d4-b13b-5fabd505543a,RKDA,2026-07-31,0001469443,selected,0001193125-26-285578,S-3,,2026-06-26,rkda-20260626.htm,shelf
b4b09ba7-a2ea-45d4-b13b-5fabd505543a,RKDA,2026-07-31,0001469443,selected,0001193125-26-045063,424B3,,2026-02-11,rkda-424b3-2026.htm,offering
7b01f548-c481-4a9b-8af5-07f64424113d,ATPC,2026-07-31,0001713210,selected,0001493152-26-033881,S-1/A,,2026-07-20,forms-1a.htm,shelf
7b01f548-c481-4a9b-8af5-07f64424113d,ATPC,2026-07-31,0001713210,selected,0001493152-26-027669,S-1,,2026-06-08,forms-1.htm,shelf
7b01f548-c481-4a9b-8af5-07f64424113d,ATPC,2026-07-31,0001713210,selected,0001493152-26-005495,S-3,,2026-02-06,forms-3.htm,shelf
67774230-ea00-4b5a-bf1d-aef918f8b837,MASK,2026-07-31,0001993097,selected,0001185185-26-003135,F-1,,2026-07-27,maskf1072426.htm,shelf
67774230-ea00-4b5a-bf1d-aef918f8b837,MASK,2026-07-31,0001993097,selected,0001185185-26-002956,F-1/A,,2026-07-14,maskf1a1071426.htm,shelf
67774230-ea00-4b5a-bf1d-aef918f8b837,MASK,2026-07-31,0001993097,selected,0001185185-26-002646,F-1,,2026-06-25,maskf1062326.htm,shelf
67774230-ea00-4b5a-bf1d-aef918f8b837,MASK,2026-07-31,0001993097,selected,0001185185-26-002628,F-1/A,,2026-06-24,maskf1a1062426.htm,shelf
67774230-ea00-4b5a-bf1d-aef918f8b837,MASK,2026-07-31,0001993097,selected,0001185185-26-002325,F-1,,2026-06-03,maskf1060126.htm,shelf
3bc66f88-90f6-44fc-8aff-32bac884f117,IOTR,2026-07-31,0001997637,no_filings,,,,,,
8a502dbb-7493-42c8-923c-96ff2669a2c1,GCTK,2026-07-31,0001506983,selected,0001493152-26-035242,8-K/A,"1.01,2.03,3.02,9.01",2026-07-29,form8-ka.htm,8k_items:1.01+3.02
8a502dbb-7493-42c8-923c-96ff2669a2c1,GCTK,2026-07-31,0001506983,selected,0001493152-26-034815,8-K,"1.01,2.03,3.02,9.01",2026-07-27,form8-k.htm,8k_items:1.01+3.02
8a502dbb-7493-42c8-923c-96ff2669a2c1,GCTK,2026-07-31,0001506983,selected,0001493152-26-033393,8-K,"1.01,2.01,2.03,3.02,5.01,5.02,5.03,7.01,8.01,9.01",2026-07-15,form8-k.htm,8k_items:1.01+3.02+5.03+8.01
9d44f62c-6734-4657-bed6-cace38d1b2a1,CYCU,2026-07-31,0001868419,selected,0001493152-26-035138,8-K,"8.01,9.01",2026-07-29,form8-k.htm,8k_items:8.01
9d44f62c-6734-4657-bed6-cace38d1b2a1,CYCU,2026-07-31,0001868419,selected,0001628280-26-049641,8-K,"8.01,9.01",2026-07-24,cycu-20260722.htm,8k_items:8.01
9d44f62c-6734-4657-bed6-cace38d1b2a1,CYCU,2026-07-31,0001868419,selected,0001493152-26-034443,8-K,"5.02,5.03,5.07,9.01",2026-07-23,form8-k.htm,8k_items:5.03
9d44f62c-6734-4657-bed6-cace38d1b2a1,CYCU,2026-07-31,0001868419,selected,0001628280-26-048496,8-K,"3.01,7.01,9.01",2026-07-16,cycu-20260710.htm,8k_items:3.01
9d44f62c-6734-4657-bed6-cace38d1b2a1,CYCU,2026-07-31,0001868419,selected,0001628280-26-047899,8-K,"8.01,9.01",2026-07-10,cycu-20260708.htm,8k_items:8.01
9d44f62c-6734-4657-bed6-cace38d1b2a1,CYCU,2026-07-31,0001868419,selected,0001493152-26-031976,S-1,,2026-07-02,forms-1.htm,shelf
c35bd298-c0f3-45b3-a35d-8c6e754d949b,FFAI,2026-07-31,0001805521,selected,0001213900-26-081373,8-K,"3.03,5.03,8.01,9.01",2026-07-24,ea0299114-8k_faraday.htm,8k_items:3.03+5.03+8.01
c35bd298-c0f3-45b3-a35d-8c6e754d949b,FFAI,2026-07-31,0001805521,selected,0001213900-26-079568,424B3,,2026-07-20,ea0298586-424b3_faraday.htm,offering
c35bd298-c0f3-45b3-a35d-8c6e754d949b,FFAI,2026-07-31,0001805521,selected,0001213900-26-077219,S-3,,2026-07-10,ea0296858-s3_faraday.htm,shelf
c35bd298-c0f3-45b3-a35d-8c6e754d949b,FFAI,2026-07-31,0001805521,selected,0001213900-26-077168,8-K,"1.01,1.02,8.01,9.01",2026-07-10,ea0297656-8k_faraday.htm,8k_items:1.01+8.01
c35bd298-c0f3-45b3-a35d-8c6e754d949b,FFAI,2026-07-31,0001805521,selected,0001213900-26-072709,S-3,,2026-06-26,ea0295877-s3_faraday.htm,shelf
c35bd298-c0f3-45b3-a35d-8c6e754d949b,FFAI,2026-07-31,0001805521,selected,0001213900-26-016439,424B3,,2026-02-13,ea0277034-424b3_faraday.htm,offering
7f8092e8-008b-473b-a0a8-ad0134e4c92d,SFWL,2026-07-31,0001863218,no_filings,,,,,,
22585aef-fb47-44b4-80f6-36028b65e695,LUNG,2026-07-31,0001127537,no_filings,,,,,,
51e3b924-5c60-4e0b-b606-cd673061e597,ZTG,2026-07-31,0002011458,no_filings,,,,,,
1886804f-6639-4a7b-b829-b6268083e198,SMHI,2026-07-31,0001690334,selected,0001690334-26-000021,8-K,"2.02,8.01,9.01",2026-07-29,smhi-20260729.htm,8k_items:8.01
bb249002-b8d6-4d8d-b4f8-8733bbb0c861,KSCP,2026-07-31,0001600983,no_filings,,,,,,
10c5aa93-db1a-486a-a8ed-31c8bbfdf63f,YHC,2026-07-31,0001843165,selected,0001213900-26-078355,8-K,"5.03,7.01,9.01",2026-07-15,ea0298137-8k_lqrhouse.htm,8k_items:5.03
10c5aa93-db1a-486a-a8ed-31c8bbfdf63f,YHC,2026-07-31,0001843165,selected,0001213900-26-074962,8-K,8.01,2026-07-02,ea0296975-8k_lqrhouse.htm,8k_items:8.01
10c5aa93-db1a-486a-a8ed-31c8bbfdf63f,YHC,2026-07-31,0001843165,selected,0001213900-26-026512,424B5,,2026-03-12,ea0281098-424b5_lqrhouse.htm,offering
970b8f4b-06c5-4ef6-a8cb-8080673dca7e,DGNX,2026-07-31,0002010499,no_filings,,,,,,
0b9d05a9-c26c-41c8-8474-4ffe84fefbbf,HKIT,2026-08-03,0001742341,selected,0001213900-26-064589,424B5,,2026-06-03,ea0293322-424b5_hitek.htm,offering
0b9d05a9-c26c-41c8-8474-4ffe84fefbbf,HKIT,2026-08-03,0001742341,selected,0001213900-26-036372,424B5,,2026-03-30,ea0283951-424b5_hitek.htm,offering
0b9d05a9-c26c-41c8-8474-4ffe84fefbbf,HKIT,2026-08-03,0001742341,selected,0001213900-26-027662,424B5,,2026-03-13,ea0281563-424b5_hitek.htm,offering
1342af90-59fe-4011-af4f-42abe0de48f7,SVRN,2026-08-03,0001869467,no_filings,,,,,,
1326f870-9978-485b-900b-e175d340d5b7,BNZI,2026-08-03,,no_cik,,,,,,
4f403389-d927-4b67-a181-40dd56ab3221,NCT,2026-08-03,0002018529,selected,0001213900-26-075881,424B4,,2026-07-07,ea0291199-05.htm,offering
4f403389-d927-4b67-a181-40dd56ab3221,NCT,2026-08-03,0002018529,selected,0001213900-26-069967,F-1/A,,2026-06-18,ea0291199-04.htm,shelf
4f403389-d927-4b67-a181-40dd56ab3221,NCT,2026-08-03,0002018529,selected,0001213900-26-066161,F-1,,2026-06-08,ea0291199-03.htm,shelf
4f403389-d927-4b67-a181-40dd56ab3221,NCT,2026-08-03,0002018529,selected,0001213900-26-040544,424B3,,2026-04-06,ea028468402-424b3_intercont.htm,offering
1ea813df-93b4-46d8-b466-d4797a5b2389,CUPR,2026-08-03,0001995704,selected,0001493152-26-032280,F-1,,2026-07-07,formf-1.htm,shelf
d863deae-5cc6-49a2-9f0a-8251a456dbd9,JAGX,2026-08-03,0001585608,selected,0001193125-26-316920,424B3,,2026-07-27,d117884d424b3.htm,offering
d863deae-5cc6-49a2-9f0a-8251a456dbd9,JAGX,2026-08-03,0001585608,selected,0001193125-26-316918,424B3,,2026-07-27,d47881d424b3.htm,offering
d863deae-5cc6-49a2-9f0a-8251a456dbd9,JAGX,2026-08-03,0001585608,selected,0001193125-26-315711,S-1/A,,2026-07-24,d47881ds1a.htm,shelf
d863deae-5cc6-49a2-9f0a-8251a456dbd9,JAGX,2026-08-03,0001585608,selected,0001193125-26-304988,S-1,,2026-07-16,d47881ds1.htm,shelf
d863deae-5cc6-49a2-9f0a-8251a456dbd9,JAGX,2026-08-03,0001585608,selected,0001193125-26-304985,S-1,,2026-07-16,d117884ds1.htm,shelf
d863deae-5cc6-49a2-9f0a-8251a456dbd9,JAGX,2026-08-03,0001585608,selected,0001193125-26-303190,8-K,"1.01,9.01",2026-07-14,d144017d8k.htm,8k_items:1.01
7fbf5ce3-de46-4549-bd7b-bd46356ba661,IOTR,2026-08-03,0001997637,no_filings,,,,,,
9dead1b8-3c78-4a7f-a173-2c62e4111682,VMAR,2026-08-03,0001813783,no_filings,,,,,,
e0e6e438-d979-48d3-aa85-cca86fe60cd2,ATPC,2026-08-03,0001713210,selected,0001493152-26-033881,S-1/A,,2026-07-20,forms-1a.htm,shelf
e0e6e438-d979-48d3-aa85-cca86fe60cd2,ATPC,2026-08-03,0001713210,selected,0001493152-26-027669,S-1,,2026-06-08,forms-1.htm,shelf
e0e6e438-d979-48d3-aa85-cca86fe60cd2,ATPC,2026-08-03,0001713210,selected,0001493152-26-005495,S-3,,2026-02-06,forms-3.htm,shelf
09fa7203-c007-4581-9e91-c5375504d9ce,RKDA,2026-08-03,0001469443,selected,0001193125-26-298841,424B3,,2026-07-09,rkda-424b3-2026-june.htm,offering
09fa7203-c007-4581-9e91-c5375504d9ce,RKDA,2026-08-03,0001469443,selected,0001193125-26-285578,S-3,,2026-06-26,rkda-20260626.htm,shelf
09fa7203-c007-4581-9e91-c5375504d9ce,RKDA,2026-08-03,0001469443,selected,0001193125-26-045063,424B3,,2026-02-11,rkda-424b3-2026.htm,offering
6b6657a6-36a6-4eee-b0e2-f7b70b06d4e4,PW,2026-08-03,0001532619,no_filings,,,,,,
965f846a-ac5c-4f18-a005-c51d4f653b35,BJDX,2026-08-03,0001704287,selected,0001213900-26-072672,424B3,,2026-06-26,ea0296012-424b3_bluejay.htm,offering
965f846a-ac5c-4f18-a005-c51d4f653b35,BJDX,2026-08-03,0001704287,selected,0001213900-26-069727,S-3,,2026-06-17,ea0294889-s3_bluejay.htm,shelf
7b8bc31f-5718-4f88-96ec-1c041d8764b2,MASK,2026-08-03,0001993097,selected,0001185185-26-003135,F-1,,2026-07-27,maskf1072426.htm,shelf
7b8bc31f-5718-4f88-96ec-1c041d8764b2,MASK,2026-08-03,0001993097,selected,0001185185-26-002956,F-1/A,,2026-07-14,maskf1a1071426.htm,shelf
7b8bc31f-5718-4f88-96ec-1c041d8764b2,MASK,2026-08-03,0001993097,selected,0001185185-26-002646,F-1,,2026-06-25,maskf1062326.htm,shelf
7b8bc31f-5718-4f88-96ec-1c041d8764b2,MASK,2026-08-03,0001993097,selected,0001185185-26-002628,F-1/A,,2026-06-24,maskf1a1062426.htm,shelf
7b8bc31f-5718-4f88-96ec-1c041d8764b2,MASK,2026-08-03,0001993097,selected,0001185185-26-002325,F-1,,2026-06-03,maskf1060126.htm,shelf
d67420b6-b10a-44fe-85ec-764561692556,CODX,2026-08-03,0001692415,selected,0001493152-26-035553,8-K,"1.01,3.02,9.01",2026-07-31,form8-k.htm,8k_items:1.01+3.02
d67420b6-b10a-44fe-85ec-764561692556,CODX,2026-08-03,0001692415,selected,0001493152-26-034837,8-K,"1.01,9.01",2026-07-27,form8-k.htm,8k_items:1.01
d67420b6-b10a-44fe-85ec-764561692556,CODX,2026-08-03,0001692415,selected,0001493152-26-034835,424B5,,2026-07-27,form424b5.htm,offering
d67420b6-b10a-44fe-85ec-764561692556,CODX,2026-08-03,0001692415,selected,0001493152-26-025630,S-3,,2026-05-28,forms-3.htm,shelf
d67420b6-b10a-44fe-85ec-764561692556,CODX,2026-08-03,0001692415,selected,0001493152-26-022504,S-3,,2026-05-12,forms-3.htm,shelf
226ed7ca-4a5f-4cbd-94e1-413c9746e47c,EZRA,2026-08-03,0001812727,selected,0001493152-26-019587,424B3,,2026-04-29,form424b3.htm,offering
226ed7ca-4a5f-4cbd-94e1-413c9746e47c,EZRA,2026-08-03,0001812727,selected,0001493152-26-005552,424B5,,2026-02-06,form424b5.htm,offering
5006ae6e-6cd7-4132-9622-d14aeb63d857,HYFM,2026-08-03,0001695295,selected,0001437749-26-023198,8-K,3.01,2026-07-09,hyfm20260707_8k.htm,8k_items:3.01
743d2206-048f-40b8-aece-3f09a907a091,UPC,2026-08-03,0001809616,no_filings,,,,,,
59641ddf-f5c4-4667-a57a-152921d57803,RUBI,2026-08-03,0001943421,selected,0001171843-26-004868,424B3,,2026-07-24,f424b3_072426.htm,offering
59641ddf-f5c4-4667-a57a-152921d57803,RUBI,2026-08-03,0001943421,selected,0001171843-26-004739,424B3,,2026-07-16,f424b3_071626.htm,offering
59641ddf-f5c4-4667-a57a-152921d57803,RUBI,2026-08-03,0001943421,selected,0001171843-26-004738,424B3,,2026-07-16,f424b3_071626.htm,offering
59641ddf-f5c4-4667-a57a-152921d57803,RUBI,2026-08-03,0001943421,selected,0001171843-26-004686,424B3,,2026-07-15,f424b3_071526.htm,offering
59641ddf-f5c4-4667-a57a-152921d57803,RUBI,2026-08-03,0001943421,selected,0001171843-26-004685,424B3,,2026-07-15,f424b3_071526.htm,offering
59641ddf-f5c4-4667-a57a-152921d57803,RUBI,2026-08-03,0001943421,selected,0001171843-26-004660,424B3,,2026-07-15,f424b3_071526.htm,offering
4d2e436f-1248-4012-8cac-b2a74d660246,PFAI,2026-08-03,0002032755,no_filings,,,,,,
a5bbf0c1-60f5-4a44-a0fd-00ef4c12b0f6,VMAR,2026-08-04,0001813783,no_filings,,,,,,
e57c5999-a7d2-40f5-8bc8-0fe0246e1066,HKIT,2026-08-04,0001742341,selected,0001213900-26-064589,424B5,,2026-06-03,ea0293322-424b5_hitek.htm,offering
e57c5999-a7d2-40f5-8bc8-0fe0246e1066,HKIT,2026-08-04,0001742341,selected,0001213900-26-036372,424B5,,2026-03-30,ea0283951-424b5_hitek.htm,offering
e57c5999-a7d2-40f5-8bc8-0fe0246e1066,HKIT,2026-08-04,0001742341,selected,0001213900-26-027662,424B5,,2026-03-13,ea0281563-424b5_hitek.htm,offering
002451f6-9ea2-42fd-883b-224625008f12,BJDX,2026-08-04,0001704287,selected,0001213900-26-072672,424B3,,2026-06-26,ea0296012-424b3_bluejay.htm,offering
002451f6-9ea2-42fd-883b-224625008f12,BJDX,2026-08-04,0001704287,selected,0001213900-26-069727,S-3,,2026-06-17,ea0294889-s3_bluejay.htm,shelf
fd7d9d9e-3871-4922-a58a-151056c4d6e7,SVRN,2026-08-04,0001869467,no_filings,,,,,,
1e297bd6-c95c-4598-8999-34c34c05c9ce,PW,2026-08-04,0001532619,no_filings,,,,,,
a4607efd-3ee3-4b18-92dd-67e7b967f4e4,NCT,2026-08-04,0002018529,selected,0001213900-26-075881,424B4,,2026-07-07,ea0291199-05.htm,offering
a4607efd-3ee3-4b18-92dd-67e7b967f4e4,NCT,2026-08-04,0002018529,selected,0001213900-26-069967,F-1/A,,2026-06-18,ea0291199-04.htm,shelf
a4607efd-3ee3-4b18-92dd-67e7b967f4e4,NCT,2026-08-04,0002018529,selected,0001213900-26-066161,F-1,,2026-06-08,ea0291199-03.htm,shelf
a4607efd-3ee3-4b18-92dd-67e7b967f4e4,NCT,2026-08-04,0002018529,selected,0001213900-26-040544,424B3,,2026-04-06,ea028468402-424b3_intercont.htm,offering
413e0827-a8b9-4e00-8bee-b75174159dbd,RKDA,2026-08-04,0001469443,selected,0001193125-26-298841,424B3,,2026-07-09,rkda-424b3-2026-june.htm,offering
413e0827-a8b9-4e00-8bee-b75174159dbd,RKDA,2026-08-04,0001469443,selected,0001193125-26-285578,S-3,,2026-06-26,rkda-20260626.htm,shelf
413e0827-a8b9-4e00-8bee-b75174159dbd,RKDA,2026-08-04,0001469443,selected,0001193125-26-045063,424B3,,2026-02-11,rkda-424b3-2026.htm,offering
ebd0291e-3cb3-4e7f-9123-08e423de4cbf,BNZI,2026-08-04,,no_cik,,,,,,
8bc1cc84-3994-496f-abae-dbbbc48284b4,MASK,2026-08-04,0001993097,selected,0001185185-26-003135,F-1,,2026-07-27,maskf1072426.htm,shelf
8bc1cc84-3994-496f-abae-dbbbc48284b4,MASK,2026-08-04,0001993097,selected,0001185185-26-002956,F-1/A,,2026-07-14,maskf1a1071426.htm,shelf
8bc1cc84-3994-496f-abae-dbbbc48284b4,MASK,2026-08-04,0001993097,selected,0001185185-26-002646,F-1,,2026-06-25,maskf1062326.htm,shelf
8bc1cc84-3994-496f-abae-dbbbc48284b4,MASK,2026-08-04,0001993097,selected,0001185185-26-002628,F-1/A,,2026-06-24,maskf1a1062426.htm,shelf
8bc1cc84-3994-496f-abae-dbbbc48284b4,MASK,2026-08-04,0001993097,selected,0001185185-26-002325,F-1,,2026-06-03,maskf1060126.htm,shelf
250980e8-3fb3-4439-a07d-2b384a032d56,IOTR,2026-08-04,0001997637,no_filings,,,,,,
a0d24a55-bb6c-4cb5-b503-00dac6e8b341,JAGX,2026-08-04,0001585608,selected,0001193125-26-316920,424B3,,2026-07-27,d117884d424b3.htm,offering
a0d24a55-bb6c-4cb5-b503-00dac6e8b341,JAGX,2026-08-04,0001585608,selected,0001193125-26-316918,424B3,,2026-07-27,d47881d424b3.htm,offering
a0d24a55-bb6c-4cb5-b503-00dac6e8b341,JAGX,2026-08-04,0001585608,selected,0001193125-26-315711,S-1/A,,2026-07-24,d47881ds1a.htm,shelf
a0d24a55-bb6c-4cb5-b503-00dac6e8b341,JAGX,2026-08-04,0001585608,selected,0001193125-26-304988,S-1,,2026-07-16,d47881ds1.htm,shelf
a0d24a55-bb6c-4cb5-b503-00dac6e8b341,JAGX,2026-08-04,0001585608,selected,0001193125-26-304985,S-1,,2026-07-16,d117884ds1.htm,shelf
a0d24a55-bb6c-4cb5-b503-00dac6e8b341,JAGX,2026-08-04,0001585608,selected,0001193125-26-303190,8-K,"1.01,9.01",2026-07-14,d144017d8k.htm,8k_items:1.01
24c3a823-8ead-4013-aabb-20286000a100,CODX,2026-08-04,0001692415,selected,0001493152-26-035553,8-K,"1.01,3.02,9.01",2026-07-31,form8-k.htm,8k_items:1.01+3.02
24c3a823-8ead-4013-aabb-20286000a100,CODX,2026-08-04,0001692415,selected,0001493152-26-034837,8-K,"1.01,9.01",2026-07-27,form8-k.htm,8k_items:1.01
24c3a823-8ead-4013-aabb-20286000a100,CODX,2026-08-04,0001692415,selected,0001493152-26-034835,424B5,,2026-07-27,form424b5.htm,offering
24c3a823-8ead-4013-aabb-20286000a100,CODX,2026-08-04,0001692415,selected,0001493152-26-025630,S-3,,2026-05-28,forms-3.htm,shelf
24c3a823-8ead-4013-aabb-20286000a100,CODX,2026-08-04,0001692415,selected,0001493152-26-022504,S-3,,2026-05-12,forms-3.htm,shelf
783d183f-c063-4c4b-b904-116047459c78,CUPR,2026-08-04,0001995704,selected,0001493152-26-032280,F-1,,2026-07-07,formf-1.htm,shelf
65ec94c0-5d3e-4e3a-985e-2003e1fd6f64,ATPC,2026-08-04,0001713210,selected,0001493152-26-033881,S-1/A,,2026-07-20,forms-1a.htm,shelf
65ec94c0-5d3e-4e3a-985e-2003e1fd6f64,ATPC,2026-08-04,0001713210,selected,0001493152-26-027669,S-1,,2026-06-08,forms-1.htm,shelf
65ec94c0-5d3e-4e3a-985e-2003e1fd6f64,ATPC,2026-08-04,0001713210,selected,0001493152-26-005495,S-3,,2026-02-06,forms-3.htm,shelf
23ba1383-55f0-48c3-81df-bfd6bad3ec35,UPC,2026-08-04,0001809616,no_filings,,,,,,
b6092bbc-5bf3-4550-913a-f35e5f4e8d05,XAIR,2026-08-04,0001641631,selected,0001493152-26-035550,8-K,"1.01,3.02,8.01,9.01",2026-07-31,form8-k.htm,8k_items:1.01+3.02+8.01
b6092bbc-5bf3-4550-913a-f35e5f4e8d05,XAIR,2026-08-04,0001641631,selected,0001493152-26-032621,8-K,"3.03,5.03,9.01",2026-07-09,form8-k.htm,8k_items:3.03+5.03
b6092bbc-5bf3-4550-913a-f35e5f4e8d05,XAIR,2026-08-04,0001641631,selected,0001493152-26-005908,424B3,,2026-02-10,form424b3.htm,offering
251e8fd7-3aba-431b-998a-becf42afa587,OPHC,2026-08-04,0001288855,no_filings,,,,,,
9a35b1ce-7abc-4680-a8cf-08079fe4f8c0,AUTL,2026-08-04,0001730463,selected,0001730463-26-000112,8-K,"7.01,8.01,9.01",2026-08-03,autl-20260803.htm,8k_items:8.01
9a35b1ce-7abc-4680-a8cf-08079fe4f8c0,AUTL,2026-08-04,0001730463,selected,0001193125-26-329526,8-K,"1.01,2.03,3.02,9.01",2026-08-03,d156965d8k.htm,8k_items:1.01+3.02
9a35b1ce-7abc-4680-a8cf-08079fe4f8c0,AUTL,2026-08-04,0001730463,selected,0001193125-26-151507,S-3,,2026-04-13,d126400ds3.htm,shelf
9a35b1ce-7abc-4680-a8cf-08079fe4f8c0,AUTL,2026-08-04,0001730463,selected,0001193125-26-151494,S-3,,2026-04-13,d132407ds3.htm,shelf
d9360990-9bf7-49b6-ba5d-eec78efaf46b,SRL,2026-08-04,0000016859,no_filings,,,,,,
99c336ce-26e1-4606-b0a3-4e802a6be5a5,GIFT,2026-08-04,0001760233,no_filings,,,,,,
a2753307-19f0-4bcf-a169-5541990af8c5,SONM,2026-08-04,0001178697,selected,0001493152-26-032680,8-K/A,"3.02,3.03,5.03,8.01",2026-07-09,form8-ka.htm,8k_items:3.02+3.03+5.03+8.01
bb2f1396-651f-42e3-a696-79e229207ec9,MKZR,2026-08-04,0001550913,selected,0001550913-26-000025,8-K,"7.01,8.01,9.01",2026-07-14,mxzr-20260714.htm,8k_items:8.01
5289f01b-a67d-48c6-9c21-cb8111d27519,HTCR,2026-08-04,0001892322,no_filings,,,,,,
6fdeed9d-385e-4d12-971c-dbfee18b867b,ZTG,2026-08-04,0002011458,no_filings,,,,,,
70a49d6b-5ed0-4fbc-97c6-029d0f852318,ATPC,2026-08-05,0001713210,selected,0001493152-26-033881,S-1/A,,2026-07-20,forms-1a.htm,shelf
70a49d6b-5ed0-4fbc-97c6-029d0f852318,ATPC,2026-08-05,0001713210,selected,0001493152-26-027669,S-1,,2026-06-08,forms-1.htm,shelf
70a49d6b-5ed0-4fbc-97c6-029d0f852318,ATPC,2026-08-05,0001713210,selected,0001493152-26-005495,S-3,,2026-02-06,forms-3.htm,shelf
a88f609d-242a-4394-85a5-b3d7ae5a5ae9,SVRN,2026-08-05,0001869467,no_filings,,,,,,
f251eacf-e6de-40d9-a900-629e67333af1,NCT,2026-08-05,0002018529,selected,0001213900-26-075881,424B4,,2026-07-07,ea0291199-05.htm,offering
f251eacf-e6de-40d9-a900-629e67333af1,NCT,2026-08-05,0002018529,selected,0001213900-26-069967,F-1/A,,2026-06-18,ea0291199-04.htm,shelf
f251eacf-e6de-40d9-a900-629e67333af1,NCT,2026-08-05,0002018529,selected,0001213900-26-066161,F-1,,2026-06-08,ea0291199-03.htm,shelf
f251eacf-e6de-40d9-a900-629e67333af1,NCT,2026-08-05,0002018529,selected,0001213900-26-040544,424B3,,2026-04-06,ea028468402-424b3_intercont.htm,offering
7653178f-3d3c-4191-a2df-1c72319bfc6d,BJDX,2026-08-05,0001704287,selected,0001213900-26-072672,424B3,,2026-06-26,ea0296012-424b3_bluejay.htm,offering
7653178f-3d3c-4191-a2df-1c72319bfc6d,BJDX,2026-08-05,0001704287,selected,0001213900-26-069727,S-3,,2026-06-17,ea0294889-s3_bluejay.htm,shelf
1d4a0189-d124-4f5e-aee2-b64f9cbb494d,VMAR,2026-08-05,0001813783,no_filings,,,,,,
d26bf619-254a-4a3b-8b96-5a3e09ee5ff2,PW,2026-08-05,0001532619,no_filings,,,,,,
7bc67a90-06b4-47af-b093-d668f3af30fc,HKIT,2026-08-05,0001742341,selected,0001213900-26-064589,424B5,,2026-06-03,ea0293322-424b5_hitek.htm,offering
7bc67a90-06b4-47af-b093-d668f3af30fc,HKIT,2026-08-05,0001742341,selected,0001213900-26-036372,424B5,,2026-03-30,ea0283951-424b5_hitek.htm,offering
7bc67a90-06b4-47af-b093-d668f3af30fc,HKIT,2026-08-05,0001742341,selected,0001213900-26-027662,424B5,,2026-03-13,ea0281563-424b5_hitek.htm,offering
a2e3d828-c69e-4560-a496-dd546701999c,BNZI,2026-08-05,,no_cik,,,,,,
64127f79-e85d-49c9-ace1-7891e12e0da1,CUPR,2026-08-05,0001995704,selected,0001493152-26-032280,F-1,,2026-07-07,formf-1.htm,shelf
32c76830-0eb1-4cd6-a3ba-239c9aaee5d7,CODX,2026-08-05,0001692415,selected,0001493152-26-035553,8-K,"1.01,3.02,9.01",2026-07-31,form8-k.htm,8k_items:1.01+3.02
32c76830-0eb1-4cd6-a3ba-239c9aaee5d7,CODX,2026-08-05,0001692415,selected,0001493152-26-034837,8-K,"1.01,9.01",2026-07-27,form8-k.htm,8k_items:1.01
32c76830-0eb1-4cd6-a3ba-239c9aaee5d7,CODX,2026-08-05,0001692415,selected,0001493152-26-034835,424B5,,2026-07-27,form424b5.htm,offering
32c76830-0eb1-4cd6-a3ba-239c9aaee5d7,CODX,2026-08-05,0001692415,selected,0001493152-26-025630,S-3,,2026-05-28,forms-3.htm,shelf
32c76830-0eb1-4cd6-a3ba-239c9aaee5d7,CODX,2026-08-05,0001692415,selected,0001493152-26-022504,S-3,,2026-05-12,forms-3.htm,shelf
db16e63a-f513-4f44-945e-ae54bc3d2e1c,RKDA,2026-08-05,0001469443,selected,0001193125-26-298841,424B3,,2026-07-09,rkda-424b3-2026-june.htm,offering
db16e63a-f513-4f44-945e-ae54bc3d2e1c,RKDA,2026-08-05,0001469443,selected,0001193125-26-285578,S-3,,2026-06-26,rkda-20260626.htm,shelf
db16e63a-f513-4f44-945e-ae54bc3d2e1c,RKDA,2026-08-05,0001469443,selected,0001193125-26-045063,424B3,,2026-02-11,rkda-424b3-2026.htm,offering
978f8802-1275-4928-b6c4-4b76c104c44b,JAGX,2026-08-05,0001585608,selected,0001193125-26-316920,424B3,,2026-07-27,d117884d424b3.htm,offering
978f8802-1275-4928-b6c4-4b76c104c44b,JAGX,2026-08-05,0001585608,selected,0001193125-26-316918,424B3,,2026-07-27,d47881d424b3.htm,offering
978f8802-1275-4928-b6c4-4b76c104c44b,JAGX,2026-08-05,0001585608,selected,0001193125-26-315711,S-1/A,,2026-07-24,d47881ds1a.htm,shelf
978f8802-1275-4928-b6c4-4b76c104c44b,JAGX,2026-08-05,0001585608,selected,0001193125-26-304988,S-1,,2026-07-16,d47881ds1.htm,shelf
978f8802-1275-4928-b6c4-4b76c104c44b,JAGX,2026-08-05,0001585608,selected,0001193125-26-304985,S-1,,2026-07-16,d117884ds1.htm,shelf
978f8802-1275-4928-b6c4-4b76c104c44b,JAGX,2026-08-05,0001585608,selected,0001193125-26-303190,8-K,"1.01,9.01",2026-07-14,d144017d8k.htm,8k_items:1.01
81101cc4-b536-49a9-a382-55c30312d00b,MASK,2026-08-05,0001993097,selected,0001185185-26-003135,F-1,,2026-07-27,maskf1072426.htm,shelf
81101cc4-b536-49a9-a382-55c30312d00b,MASK,2026-08-05,0001993097,selected,0001185185-26-002956,F-1/A,,2026-07-14,maskf1a1071426.htm,shelf
81101cc4-b536-49a9-a382-55c30312d00b,MASK,2026-08-05,0001993097,selected,0001185185-26-002646,F-1,,2026-06-25,maskf1062326.htm,shelf
81101cc4-b536-49a9-a382-55c30312d00b,MASK,2026-08-05,0001993097,selected,0001185185-26-002628,F-1/A,,2026-06-24,maskf1a1062426.htm,shelf
81101cc4-b536-49a9-a382-55c30312d00b,MASK,2026-08-05,0001993097,selected,0001185185-26-002325,F-1,,2026-06-03,maskf1060126.htm,shelf
4085429c-ef5e-4558-8f7e-e6a721e4d954,IOTR,2026-08-05,0001997637,no_filings,,,,,,
54e81145-8f5f-41ae-bfc3-e4486173c7c3,VGAS,2026-08-05,0001841425,no_filings,,,,,,
7a72d759-c367-4da3-955f-75af830fb5d1,ADGM,2026-08-05,0002006986,selected,0001104659-26-035744,424B3,,2026-03-27,adgm-20260327x424b3.htm,offering
7a72d759-c367-4da3-955f-75af830fb5d1,ADGM,2026-08-05,0002006986,selected,0001104659-26-035743,424B3,,2026-03-27,adgm-20260327x424b3.htm,offering
6696a9e1-51a8-4de4-b306-d9141f1a6456,LEXX,2026-08-05,0001348362,selected,0001640334-26-001258,8-K,"3.03,5.03,9.01",2026-07-30,lxrp_8k.htm,8k_items:3.03+5.03
00c27d17-6e13-4df5-8a7d-a84188f41364,NUWE,2026-08-05,0001506492,selected,0001140361-26-030985,8-K,"1.01,3.02,8.01,9.01",2026-08-03,ef20079229_8k.htm,8k_items:1.01+3.02+8.01
00c27d17-6e13-4df5-8a7d-a84188f41364,NUWE,2026-08-05,0001506492,selected,0001140361-26-030566,424B5,,2026-08-03,ny20079225x1_424b5.htm,offering
00c27d17-6e13-4df5-8a7d-a84188f41364,NUWE,2026-08-05,0001506492,selected,0001140361-26-024372,424B4,,2026-06-08,ny20073226x4_424b4.htm,offering
00c27d17-6e13-4df5-8a7d-a84188f41364,NUWE,2026-08-05,0001506492,selected,0001140361-26-024103,S-1MEF,,2026-06-05,ef20075601_s1mef.htm,shelf
00c27d17-6e13-4df5-8a7d-a84188f41364,NUWE,2026-08-05,0001506492,selected,0001140361-26-023964,S-1/A,,2026-06-04,ny20073226x3_s1a.htm,shelf
00c27d17-6e13-4df5-8a7d-a84188f41364,NUWE,2026-08-05,0001506492,selected,0001140361-26-023617,FWP,,2026-06-02,ef20074649_fwp.htm,offering
768f8c64-552c-47af-b210-550dcababf5e,CDTG,2026-08-05,0001793895,selected,0001731122-26-000591,424B3,,2026-04-17,e7431_424b3.htm,offering
768f8c64-552c-47af-b210-550dcababf5e,CDTG,2026-08-05,0001793895,selected,0001731122-26-000330,F-1,,2026-03-04,e7383_f-1.htm,shelf
6aef7dd8-106e-4e0d-a063-91a5544e9a7f,LPSN,2026-08-05,,no_cik,,,,,,
fa00138d-f3cc-4abb-b221-b49c76d5872f,XGN,2026-08-05,0001274737,no_filings,,,,,,
69639499-842a-428c-a197-57e68db91f44,GCTK,2026-08-05,0001506983,selected,0001493152-26-035242,8-K/A,"1.01,2.03,3.02,9.01",2026-07-29,form8-ka.htm,8k_items:1.01+3.02
69639499-842a-428c-a197-57e68db91f44,GCTK,2026-08-05,0001506983,selected,0001493152-26-034815,8-K,"1.01,2.03,3.02,9.01",2026-07-27,form8-k.htm,8k_items:1.01+3.02
69639499-842a-428c-a197-57e68db91f44,GCTK,2026-08-05,0001506983,selected,0001493152-26-033393,8-K,"1.01,2.01,2.03,3.02,5.01,5.02,5.03,7.01,8.01,9.01",2026-07-15,form8-k.htm,8k_items:1.01+3.02+5.03+8.01
d3c54beb-5305-4399-b7d4-57fd70411d0a,TELA,2026-08-05,0001561921,no_filings,,,,,,
c2b44d2d-b07b-4c7c-bdc6-cf5320c83027,SGLY,2026-08-05,0001422892,selected,0001213900-26-080634,8-K,"3.03,5.03,9.01",2026-07-23,ea0298724-8k_singularity.htm,8k_items:3.03+5.03
c2b44d2d-b07b-4c7c-bdc6-cf5320c83027,SGLY,2026-08-05,0001422892,selected,0001213900-26-077549,8-K,"1.01,3.02,9.01",2026-07-13,ea0297727-8k_singularity.htm,8k_items:1.01+3.02
7faff55d-4f24-434f-bb8f-34394c41cac0,BJDX,2026-08-06,0001704287,selected,0001213900-26-072672,424B3,,2026-06-26,ea0296012-424b3_bluejay.htm,offering
7faff55d-4f24-434f-bb8f-34394c41cac0,BJDX,2026-08-06,0001704287,selected,0001213900-26-069727,S-3,,2026-06-17,ea0294889-s3_bluejay.htm,shelf
b9ccfa2e-c886-473f-ab88-137cfccc7df3,PW,2026-08-06,0001532619,no_filings,,,,,,
9a7d974b-8f25-4436-99d5-6b1cb34c784e,VMAR,2026-08-06,0001813783,no_filings,,,,,,
40b1d82e-286b-4f02-ad0f-c15993dfb928,CUPR,2026-08-06,0001995704,selected,0001493152-26-032280,F-1,,2026-07-07,formf-1.htm,shelf
4cc57ee3-747b-4882-aac4-e4cd3223b510,JAGX,2026-08-06,0001585608,selected,0001193125-26-316920,424B3,,2026-07-27,d117884d424b3.htm,offering
4cc57ee3-747b-4882-aac4-e4cd3223b510,JAGX,2026-08-06,0001585608,selected,0001193125-26-316918,424B3,,2026-07-27,d47881d424b3.htm,offering
4cc57ee3-747b-4882-aac4-e4cd3223b510,JAGX,2026-08-06,0001585608,selected,0001193125-26-315711,S-1/A,,2026-07-24,d47881ds1a.htm,shelf
4cc57ee3-747b-4882-aac4-e4cd3223b510,JAGX,2026-08-06,0001585608,selected,0001193125-26-304988,S-1,,2026-07-16,d47881ds1.htm,shelf
4cc57ee3-747b-4882-aac4-e4cd3223b510,JAGX,2026-08-06,0001585608,selected,0001193125-26-304985,S-1,,2026-07-16,d117884ds1.htm,shelf
4cc57ee3-747b-4882-aac4-e4cd3223b510,JAGX,2026-08-06,0001585608,selected,0001193125-26-303190,8-K,"1.01,9.01",2026-07-14,d144017d8k.htm,8k_items:1.01
c2ba83cd-790d-498f-b3c1-8b738ce8f951,RKDA,2026-08-06,0001469443,selected,0001193125-26-298841,424B3,,2026-07-09,rkda-424b3-2026-june.htm,offering
c2ba83cd-790d-498f-b3c1-8b738ce8f951,RKDA,2026-08-06,0001469443,selected,0001193125-26-285578,S-3,,2026-06-26,rkda-20260626.htm,shelf
c2ba83cd-790d-498f-b3c1-8b738ce8f951,RKDA,2026-08-06,0001469443,selected,0001193125-26-045063,424B3,,2026-02-11,rkda-424b3-2026.htm,offering
d5fe9769-f716-406b-b607-e2f5bac5f8cc,BNZI,2026-08-06,,no_cik,,,,,,
ddddcea6-5753-4616-af65-f9d9bc8d1014,MASK,2026-08-06,0001993097,selected,0001185185-26-003135,F-1,,2026-07-27,maskf1072426.htm,shelf
ddddcea6-5753-4616-af65-f9d9bc8d1014,MASK,2026-08-06,0001993097,selected,0001185185-26-002956,F-1/A,,2026-07-14,maskf1a1071426.htm,shelf
ddddcea6-5753-4616-af65-f9d9bc8d1014,MASK,2026-08-06,0001993097,selected,0001185185-26-002646,F-1,,2026-06-25,maskf1062326.htm,shelf
ddddcea6-5753-4616-af65-f9d9bc8d1014,MASK,2026-08-06,0001993097,selected,0001185185-26-002628,F-1/A,,2026-06-24,maskf1a1062426.htm,shelf
ddddcea6-5753-4616-af65-f9d9bc8d1014,MASK,2026-08-06,0001993097,selected,0001185185-26-002325,F-1,,2026-06-03,maskf1060126.htm,shelf
03cdd8ec-f5bf-4f7d-9c62-431f116bf870,NCT,2026-08-06,0002018529,selected,0001213900-26-075881,424B4,,2026-07-07,ea0291199-05.htm,offering
03cdd8ec-f5bf-4f7d-9c62-431f116bf870,NCT,2026-08-06,0002018529,selected,0001213900-26-069967,F-1/A,,2026-06-18,ea0291199-04.htm,shelf
03cdd8ec-f5bf-4f7d-9c62-431f116bf870,NCT,2026-08-06,0002018529,selected,0001213900-26-066161,F-1,,2026-06-08,ea0291199-03.htm,shelf
03cdd8ec-f5bf-4f7d-9c62-431f116bf870,NCT,2026-08-06,0002018529,selected,0001213900-26-040544,424B3,,2026-04-06,ea028468402-424b3_intercont.htm,offering
fe18182d-77f9-4147-818e-c11e63d37e26,ATPC,2026-08-06,0001713210,selected,0001493152-26-033881,S-1/A,,2026-07-20,forms-1a.htm,shelf
fe18182d-77f9-4147-818e-c11e63d37e26,ATPC,2026-08-06,0001713210,selected,0001493152-26-027669,S-1,,2026-06-08,forms-1.htm,shelf
23c422d9-1734-474e-adb9-94396f67aae4,HKIT,2026-08-06,0001742341,selected,0001213900-26-064589,424B5,,2026-06-03,ea0293322-424b5_hitek.htm,offering
23c422d9-1734-474e-adb9-94396f67aae4,HKIT,2026-08-06,0001742341,selected,0001213900-26-036372,424B5,,2026-03-30,ea0283951-424b5_hitek.htm,offering
23c422d9-1734-474e-adb9-94396f67aae4,HKIT,2026-08-06,0001742341,selected,0001213900-26-027662,424B5,,2026-03-13,ea0281563-424b5_hitek.htm,offering
813800c6-88e6-4bd8-a7f4-0eda25e100ea,SVRN,2026-08-06,0001869467,no_filings,,,,,,
dbd8b6ad-e521-4543-9f88-c649d1f8af2b,IOTR,2026-08-06,0001997637,no_filings,,,,,,
cf078cee-87dd-47b1-8e3b-3d5ae93def76,CODX,2026-08-06,0001692415,selected,0001493152-26-035553,8-K,"1.01,3.02,9.01",2026-07-31,form8-k.htm,8k_items:1.01+3.02
cf078cee-87dd-47b1-8e3b-3d5ae93def76,CODX,2026-08-06,0001692415,selected,0001493152-26-034837,8-K,"1.01,9.01",2026-07-27,form8-k.htm,8k_items:1.01
cf078cee-87dd-47b1-8e3b-3d5ae93def76,CODX,2026-08-06,0001692415,selected,0001493152-26-034835,424B5,,2026-07-27,form424b5.htm,offering
cf078cee-87dd-47b1-8e3b-3d5ae93def76,CODX,2026-08-06,0001692415,selected,0001493152-26-025630,S-3,,2026-05-28,forms-3.htm,shelf
cf078cee-87dd-47b1-8e3b-3d5ae93def76,CODX,2026-08-06,0001692415,selected,0001493152-26-022504,S-3,,2026-05-12,forms-3.htm,shelf
eb571395-1606-4532-aab4-a5c787fa79d0,INLF,2026-08-06,0001991592,selected,0001213900-26-027703,424B5,,2026-03-13,ea0280367-424b5_inlif.htm,offering
6fc22ed4-8b07-4d90-9c53-f1e0d4f5c8a5,JLHL,2026-08-06,0002007846,selected,0001493152-26-034489,F-3,,2026-07-24,formf-3.htm,shelf
77573a7d-9d20-4579-8389-fe76eabcb8fc,FLZH,2026-08-06,0001706524,selected,0001213900-26-085414,8-K,"7.01,8.01,9.01",2026-08-05,ea0300599-8k_flash.htm,8k_items:8.01
77573a7d-9d20-4579-8389-fe76eabcb8fc,FLZH,2026-08-06,0001706524,selected,0001213900-26-083989,S-1/A,,2026-07-31,ea0289693-03.htm,shelf
77573a7d-9d20-4579-8389-fe76eabcb8fc,FLZH,2026-08-06,0001706524,selected,0001213900-26-073793,S-1,,2026-06-30,ea0289693-02.htm,shelf
77573a7d-9d20-4579-8389-fe76eabcb8fc,FLZH,2026-08-06,0001706524,selected,0001213900-26-069301,S-1/A,,2026-06-16,ea0294970-s1a2_flash.htm,shelf
77573a7d-9d20-4579-8389-fe76eabcb8fc,FLZH,2026-08-06,0001706524,selected,0001213900-26-067900,S-1/A,,2026-06-11,ea0294412-s1a1_urban.htm,shelf
77573a7d-9d20-4579-8389-fe76eabcb8fc,FLZH,2026-08-06,0001706524,selected,0001213900-26-061273,S-1,,2026-05-27,ea0291987-s1_urban.htm,shelf
2bc27fde-85a2-4bc6-b70b-e0fc1947361f,ZYBT,2026-08-06,0001975641,no_filings,,,,,,
00818269-9d86-4b31-ae25-7dbf23b2527a,CSAI,2026-08-06,0001709628,selected,0001683168-26-005913,8-K,"3.03,5.03,8.01,9.01",2026-08-03,cloud_8k.htm,8k_items:3.03+5.03+8.01
20453ca3-14eb-4d91-bb5d-0a1c29ad0d89,GTE,2026-08-06,0001273441,selected,0001104659-26-090711,8-K,"1.01,8.01,9.01",2026-08-05,tm2622187d1_8k.htm,8k_items:1.01+8.01
1ead6425-8a04-42b3-8150-2c68a638c8de,CTOR,2026-08-06,0001851484,selected,0001213900-26-085679,424B3,,2026-08-05,ea030037102-424b3_citius.htm,offering
1ead6425-8a04-42b3-8150-2c68a638c8de,CTOR,2026-08-06,0001851484,selected,0001213900-26-085434,8-K,"8.01,9.01",2026-08-05,ea0300371-8k_citius.htm,8k_items:8.01
1ead6425-8a04-42b3-8150-2c68a638c8de,CTOR,2026-08-06,0001851484,selected,0001213900-26-063546,424B3,,2026-06-01,ea029304601-424b3_citius.htm,offering
1ead6425-8a04-42b3-8150-2c68a638c8de,CTOR,2026-08-06,0001851484,selected,0001213900-26-062864,S-3,,2026-05-29,ea0291447-s3_citius.htm,shelf
1ead6425-8a04-42b3-8150-2c68a638c8de,CTOR,2026-08-06,0001851484,selected,0001213900-26-060571,424B3,,2026-05-22,ea0291972-424b3_citius.htm,offering
1ead6425-8a04-42b3-8150-2c68a638c8de,CTOR,2026-08-06,0001851484,selected,0001213900-26-052840,424B3,,2026-05-06,ea0289434-424b3_citius.htm,offering
124a1587-1b34-4ccc-97ef-4661f41f8ef2,ANTA,2026-08-06,0002044255,selected,0001213900-26-082852,F-3/A,,2026-07-29,ea0298675-f3a1_antalpha.htm,shelf
124a1587-1b34-4ccc-97ef-4661f41f8ef2,ANTA,2026-08-06,0002044255,selected,0001213900-26-074583,F-3,,2026-07-02,ea0296664-f3_antalpha.htm,shelf
22c5df35-25da-48a6-9a18-3a50db81474d,CTXR,2026-08-06,0001506251,selected,0001213900-26-085432,8-K,"8.01,9.01",2026-08-05,ea0300373-8k_citius.htm,8k_items:8.01
22c5df35-25da-48a6-9a18-3a50db81474d,CTXR,2026-08-06,0001506251,selected,0001213900-26-060644,S-3,,2026-05-22,ea0291448-s3_citius.htm,shelf
22c5df35-25da-48a6-9a18-3a50db81474d,CTXR,2026-08-06,0001506251,selected,0001213900-26-047296,424B5,,2026-04-24,ea0287618-424b5_citius.htm,offering
380f92ce-2f30-4a01-b10b-540abfec25b5,VGAS,2026-08-06,0001841425,no_filings,,,,,,
aa62850e-2dee-43b7-861a-f41326851669,HKIT,2026-08-07,0001742341,selected,0001213900-26-064589,424B5,,2026-06-03,ea0293322-424b5_hitek.htm,offering
aa62850e-2dee-43b7-861a-f41326851669,HKIT,2026-08-07,0001742341,selected,0001213900-26-036372,424B5,,2026-03-30,ea0283951-424b5_hitek.htm,offering
aa62850e-2dee-43b7-861a-f41326851669,HKIT,2026-08-07,0001742341,selected,0001213900-26-027662,424B5,,2026-03-13,ea0281563-424b5_hitek.htm,offering
040bc935-2797-4e73-98a0-41320b943af5,JAGX,2026-08-07,0001585608,selected,0001193125-26-316920,424B3,,2026-07-27,d117884d424b3.htm,offering
040bc935-2797-4e73-98a0-41320b943af5,JAGX,2026-08-07,0001585608,selected,0001193125-26-316918,424B3,,2026-07-27,d47881d424b3.htm,offering
040bc935-2797-4e73-98a0-41320b943af5,JAGX,2026-08-07,0001585608,selected,0001193125-26-315711,S-1/A,,2026-07-24,d47881ds1a.htm,shelf
040bc935-2797-4e73-98a0-41320b943af5,JAGX,2026-08-07,0001585608,selected,0001193125-26-304988,S-1,,2026-07-16,d47881ds1.htm,shelf
040bc935-2797-4e73-98a0-41320b943af5,JAGX,2026-08-07,0001585608,selected,0001193125-26-304985,S-1,,2026-07-16,d117884ds1.htm,shelf
040bc935-2797-4e73-98a0-41320b943af5,JAGX,2026-08-07,0001585608,selected,0001193125-26-303190,8-K,"1.01,9.01",2026-07-14,d144017d8k.htm,8k_items:1.01
1d5adf8a-144f-4820-a529-517aaa20b626,VMAR,2026-08-07,0001813783,no_filings,,,,,,
6485c464-25fd-4fd0-9fd8-a230f58f4faf,BNZI,2026-08-07,,no_cik,,,,,,
0aec27d5-8740-40a9-b1f8-c9cc2b44c9ef,BJDX,2026-08-07,0001704287,selected,0001213900-26-072672,424B3,,2026-06-26,ea0296012-424b3_bluejay.htm,offering
0aec27d5-8740-40a9-b1f8-c9cc2b44c9ef,BJDX,2026-08-07,0001704287,selected,0001213900-26-069727,S-3,,2026-06-17,ea0294889-s3_bluejay.htm,shelf
3bb71c59-6652-426a-ac31-b6683478ace1,CUPR,2026-08-07,0001995704,selected,0001493152-26-032280,F-1,,2026-07-07,formf-1.htm,shelf
a2cb4e78-1b47-4100-a0e8-d841b1aff217,CODX,2026-08-07,0001692415,selected,0001493152-26-035553,8-K,"1.01,3.02,9.01",2026-07-31,form8-k.htm,8k_items:1.01+3.02
a2cb4e78-1b47-4100-a0e8-d841b1aff217,CODX,2026-08-07,0001692415,selected,0001493152-26-034837,8-K,"1.01,9.01",2026-07-27,form8-k.htm,8k_items:1.01
a2cb4e78-1b47-4100-a0e8-d841b1aff217,CODX,2026-08-07,0001692415,selected,0001493152-26-034835,424B5,,2026-07-27,form424b5.htm,offering
a2cb4e78-1b47-4100-a0e8-d841b1aff217,CODX,2026-08-07,0001692415,selected,0001493152-26-025630,S-3,,2026-05-28,forms-3.htm,shelf
a2cb4e78-1b47-4100-a0e8-d841b1aff217,CODX,2026-08-07,0001692415,selected,0001493152-26-022504,S-3,,2026-05-12,forms-3.htm,shelf
87518c8a-c7b4-4920-9d45-77ca2d4627be,MASK,2026-08-07,0001993097,selected,0001185185-26-003135,F-1,,2026-07-27,maskf1072426.htm,shelf
87518c8a-c7b4-4920-9d45-77ca2d4627be,MASK,2026-08-07,0001993097,selected,0001185185-26-002956,F-1/A,,2026-07-14,maskf1a1071426.htm,shelf
87518c8a-c7b4-4920-9d45-77ca2d4627be,MASK,2026-08-07,0001993097,selected,0001185185-26-002646,F-1,,2026-06-25,maskf1062326.htm,shelf
87518c8a-c7b4-4920-9d45-77ca2d4627be,MASK,2026-08-07,0001993097,selected,0001185185-26-002628,F-1/A,,2026-06-24,maskf1a1062426.htm,shelf
87518c8a-c7b4-4920-9d45-77ca2d4627be,MASK,2026-08-07,0001993097,selected,0001185185-26-002325,F-1,,2026-06-03,maskf1060126.htm,shelf
f3d6bf0f-a4e9-4e8e-8551-a29579539b63,NCT,2026-08-07,0002018529,selected,0001213900-26-075881,424B4,,2026-07-07,ea0291199-05.htm,offering
f3d6bf0f-a4e9-4e8e-8551-a29579539b63,NCT,2026-08-07,0002018529,selected,0001213900-26-069967,F-1/A,,2026-06-18,ea0291199-04.htm,shelf
f3d6bf0f-a4e9-4e8e-8551-a29579539b63,NCT,2026-08-07,0002018529,selected,0001213900-26-066161,F-1,,2026-06-08,ea0291199-03.htm,shelf
f3d6bf0f-a4e9-4e8e-8551-a29579539b63,NCT,2026-08-07,0002018529,selected,0001213900-26-040544,424B3,,2026-04-06,ea028468402-424b3_intercont.htm,offering
ab2574f6-cac6-4baf-8b36-ae5867f0c2e7,PW,2026-08-07,0001532619,no_filings,,,,,,
c1692f99-a3e9-4f91-a7ed-70898bf7085b,SVRN,2026-08-07,0001869467,no_filings,,,,,,
f61f4a92-f5a1-4e49-8a91-01452e34d2f7,SUGP,2026-08-07,0001969863,selected,0001753926-26-001031,424B3,,2026-06-22,g085773_424.htm,offering
f61f4a92-f5a1-4e49-8a91-01452e34d2f7,SUGP,2026-08-07,0001969863,selected,0001753926-26-001005,F-1,,2026-06-12,g085763_f1.htm,shelf
f61f4a92-f5a1-4e49-8a91-01452e34d2f7,SUGP,2026-08-07,0001969863,selected,0001753926-26-000819,424B3,,2026-05-12,g085728_424b3.htm,offering
5c1fdabc-207f-4256-8bd5-8e743c491299,RKDA,2026-08-07,0001469443,selected,0001193125-26-298841,424B3,,2026-07-09,rkda-424b3-2026-june.htm,offering
5c1fdabc-207f-4256-8bd5-8e743c491299,RKDA,2026-08-07,0001469443,selected,0001193125-26-285578,S-3,,2026-06-26,rkda-20260626.htm,shelf
5c1fdabc-207f-4256-8bd5-8e743c491299,RKDA,2026-08-07,0001469443,selected,0001193125-26-045063,424B3,,2026-02-11,rkda-424b3-2026.htm,offering
de3fc0f7-da1a-47ba-a621-ce7724fca0be,ATPC,2026-08-07,0001713210,selected,0001493152-26-033881,S-1/A,,2026-07-20,forms-1a.htm,shelf
de3fc0f7-da1a-47ba-a621-ce7724fca0be,ATPC,2026-08-07,0001713210,selected,0001493152-26-027669,S-1,,2026-06-08,forms-1.htm,shelf
54c3adca-b4c8-4547-a4f4-0df98ca2fe01,IOTR,2026-08-07,0001997637,no_filings,,,,,,
707de420-7d51-47e0-adff-e94c5ddfc5d9,AZI,2026-08-07,0001959726,selected,0001493152-26-009791,F-3/A,,2026-03-12,formf-3a.htm,shelf
707de420-7d51-47e0-adff-e94c5ddfc5d9,AZI,2026-08-07,0001959726,selected,0001493152-26-009035,F-3/A,,2026-03-06,formf-3a.htm,shelf
707de420-7d51-47e0-adff-e94c5ddfc5d9,AZI,2026-08-07,0001959726,selected,0001493152-26-006822,F-3,,2026-02-17,formf-3.htm,shelf
9ca752f4-2986-4a4b-88ae-4dab08866728,XHLD,2026-08-07,0002030954,selected,0001493152-26-034585,S-3,,2026-07-24,forms-3.htm,shelf
9ca752f4-2986-4a4b-88ae-4dab08866728,XHLD,2026-08-07,0002030954,selected,0001493152-26-033904,8-K,"3.01,9.01",2026-07-20,form8-k.htm,8k_items:3.01
9ca752f4-2986-4a4b-88ae-4dab08866728,XHLD,2026-08-07,0002030954,selected,0001493152-26-031078,424B4,,2026-06-29,form424b4.htm,offering
9ca752f4-2986-4a4b-88ae-4dab08866728,XHLD,2026-08-07,0002030954,selected,0001493152-26-030314,S-1MEF,,2026-06-26,forms-1mef.htm,shelf
9ca752f4-2986-4a4b-88ae-4dab08866728,XHLD,2026-08-07,0002030954,selected,0001493152-26-029720,S-1/A,,2026-06-23,forms-1a.htm,shelf
9ca752f4-2986-4a4b-88ae-4dab08866728,XHLD,2026-08-07,0002030954,selected,0001493152-26-027129,S-1/A,,2026-06-03,forms-1a.htm,shelf
14b501a5-0c5a-4ec4-a0ea-d0dc08707234,CELZ,2026-08-07,0001187953,selected,0001477932-26-004674,424B3,,2026-08-03,celz_424b3.htm,offering
14b501a5-0c5a-4ec4-a0ea-d0dc08707234,CELZ,2026-08-07,0001187953,selected,0001477932-26-004498,S-3,,2026-07-24,celz_s3.htm,shelf
14b501a5-0c5a-4ec4-a0ea-d0dc08707234,CELZ,2026-08-07,0001187953,selected,0001477932-26-004044,S-1/A,,2026-06-26,celz_s1a.htm,shelf
14b501a5-0c5a-4ec4-a0ea-d0dc08707234,CELZ,2026-08-07,0001187953,selected,0001477932-26-004010,S-1,,2026-06-25,celz_s1.htm,shelf
b4a87edb-cb68-434e-8da8-2a6af6ad0abb,ENSC,2026-08-07,0001716947,selected,0001493152-26-036268,8-K,"1.01,2.01,3.02,3.03,5.02,5.03,7.01,9.01",2026-08-06,form8-k.htm,8k_items:1.01+3.02+3.03+5.03
b4a87edb-cb68-434e-8da8-2a6af6ad0abb,ENSC,2026-08-07,0001716947,selected,0001493152-26-027289,S-3,,2026-06-04,forms-3.htm,shelf
b4a87edb-cb68-434e-8da8-2a6af6ad0abb,ENSC,2026-08-07,0001716947,selected,0001493152-26-015763,S-3,,2026-04-09,forms-3.htm,shelf
20bc22df-8eef-47fc-b588-ddfa369a6f56,PAVS,2026-08-07,0001751876,selected,0001929980-26-000266,424B5,,2026-06-16,pavs_424b5.htm,offering
20bc22df-8eef-47fc-b588-ddfa369a6f56,PAVS,2026-08-07,0001751876,selected,0001929980-26-000246,424B5,,2026-06-09,pavs_424b5.htm,offering
20bc22df-8eef-47fc-b588-ddfa369a6f56,PAVS,2026-08-07,0001751876,selected,0001929980-26-000097,424B5,,2026-03-25,pavs_424b5.htm,offering
0eb65c0e-2b33-42f2-840d-3c51cadd90a1,WYHG,2026-08-07,0001999860,no_filings,,,,,,
69606b23-a2a2-46d1-bedf-b6cbfdaa529e,BRLT,2026-08-07,0001866757,no_filings,,,,,,
89c6205a-0db2-42c2-acc7-7fb05c6604ea,WLDS,2026-08-07,0001887673,selected,0001213900-26-055053,F-3,,2026-05-12,ea0290085-f3_wearable.htm,shelf
89c6205a-0db2-42c2-acc7-7fb05c6604ea,WLDS,2026-08-07,0001887673,selected,0001213900-26-019320,F-1,,2026-02-23,ea0277949-f1_wearable.htm,shelf
0c0413f6-db8e-4f6c-a80a-af60b044fb71,KRO,2026-08-07,0001257640,no_filings,,,,,,
1c136dac-743c-4612-9f47-e6d8744a696f,BYAH,2026-08-07,0001986247,selected,0001213900-26-068563,424B5,,2026-06-15,ea0294718-424b5_parkhabio.htm,offering
1c136dac-743c-4612-9f47-e6d8744a696f,BYAH,2026-08-07,0001986247,selected,0001213900-26-065014,F-3/A,,2026-06-04,ea0293605-f3a2_park.htm,shelf
1c136dac-743c-4612-9f47-e6d8744a696f,BYAH,2026-08-07,0001986247,selected,0001213900-26-058737,F-3/A,,2026-05-19,ea0291288-f3a1_parkha.htm,shelf
1c136dac-743c-4612-9f47-e6d8744a696f,BYAH,2026-08-07,0001986247,selected,0001213900-26-044324,F-3,,2026-04-16,ea0286257-f3_parkha.htm,shelf
702c3041-fa41-4aa4-916e-11e7db84ba34,HKIT,2026-08-10,0001742341,selected,0001213900-26-064589,424B5,,2026-06-03,ea0293322-424b5_hitek.htm,offering
702c3041-fa41-4aa4-916e-11e7db84ba34,HKIT,2026-08-10,0001742341,selected,0001213900-26-036372,424B5,,2026-03-30,ea0283951-424b5_hitek.htm,offering
702c3041-fa41-4aa4-916e-11e7db84ba34,HKIT,2026-08-10,0001742341,selected,0001213900-26-027662,424B5,,2026-03-13,ea0281563-424b5_hitek.htm,offering
0e4d226b-74fd-4b1b-8f5b-040f971b3868,SUGP,2026-08-10,0001969863,selected,0001753926-26-001031,424B3,,2026-06-22,g085773_424.htm,offering
0e4d226b-74fd-4b1b-8f5b-040f971b3868,SUGP,2026-08-10,0001969863,selected,0001753926-26-001005,F-1,,2026-06-12,g085763_f1.htm,shelf
0e4d226b-74fd-4b1b-8f5b-040f971b3868,SUGP,2026-08-10,0001969863,selected,0001753926-26-000819,424B3,,2026-05-12,g085728_424b3.htm,offering
817fab3d-3f22-4b29-8999-7d3a5f0c7644,VMAR,2026-08-10,0001813783,no_filings,,,,,,
0a4191d3-d05a-498e-a7f0-2f71d02e6d72,BJDX,2026-08-10,0001704287,selected,0001213900-26-072672,424B3,,2026-06-26,ea0296012-424b3_bluejay.htm,offering
0a4191d3-d05a-498e-a7f0-2f71d02e6d72,BJDX,2026-08-10,0001704287,selected,0001213900-26-069727,S-3,,2026-06-17,ea0294889-s3_bluejay.htm,shelf
02cdc6d0-a738-48f6-b2d0-89820c97f10c,CODX,2026-08-10,0001692415,selected,0001493152-26-035553,8-K,"1.01,3.02,9.01",2026-07-31,form8-k.htm,8k_items:1.01+3.02
02cdc6d0-a738-48f6-b2d0-89820c97f10c,CODX,2026-08-10,0001692415,selected,0001493152-26-034837,8-K,"1.01,9.01",2026-07-27,form8-k.htm,8k_items:1.01
02cdc6d0-a738-48f6-b2d0-89820c97f10c,CODX,2026-08-10,0001692415,selected,0001493152-26-034835,424B5,,2026-07-27,form424b5.htm,offering
02cdc6d0-a738-48f6-b2d0-89820c97f10c,CODX,2026-08-10,0001692415,selected,0001493152-26-025630,S-3,,2026-05-28,forms-3.htm,shelf
02cdc6d0-a738-48f6-b2d0-89820c97f10c,CODX,2026-08-10,0001692415,selected,0001493152-26-022504,S-3,,2026-05-12,forms-3.htm,shelf
952df64b-1ed3-4fc4-8108-a9ede2b15c24,NCT,2026-08-10,0002018529,selected,0001213900-26-075881,424B4,,2026-07-07,ea0291199-05.htm,offering
952df64b-1ed3-4fc4-8108-a9ede2b15c24,NCT,2026-08-10,0002018529,selected,0001213900-26-069967,F-1/A,,2026-06-18,ea0291199-04.htm,shelf
952df64b-1ed3-4fc4-8108-a9ede2b15c24,NCT,2026-08-10,0002018529,selected,0001213900-26-066161,F-1,,2026-06-08,ea0291199-03.htm,shelf
952df64b-1ed3-4fc4-8108-a9ede2b15c24,NCT,2026-08-10,0002018529,selected,0001213900-26-040544,424B3,,2026-04-06,ea028468402-424b3_intercont.htm,offering
7bc45258-f221-4c53-8fc2-2cb3d17beb0d,ATPC,2026-08-10,0001713210,selected,0001493152-26-033881,S-1/A,,2026-07-20,forms-1a.htm,shelf
7bc45258-f221-4c53-8fc2-2cb3d17beb0d,ATPC,2026-08-10,0001713210,selected,0001493152-26-027669,S-1,,2026-06-08,forms-1.htm,shelf
de8e31db-5b90-46c7-8138-34f530276c04,MASK,2026-08-10,0001993097,selected,0001185185-26-003135,F-1,,2026-07-27,maskf1072426.htm,shelf
de8e31db-5b90-46c7-8138-34f530276c04,MASK,2026-08-10,0001993097,selected,0001185185-26-002956,F-1/A,,2026-07-14,maskf1a1071426.htm,shelf
de8e31db-5b90-46c7-8138-34f530276c04,MASK,2026-08-10,0001993097,selected,0001185185-26-002646,F-1,,2026-06-25,maskf1062326.htm,shelf
de8e31db-5b90-46c7-8138-34f530276c04,MASK,2026-08-10,0001993097,selected,0001185185-26-002628,F-1/A,,2026-06-24,maskf1a1062426.htm,shelf
de8e31db-5b90-46c7-8138-34f530276c04,MASK,2026-08-10,0001993097,selected,0001185185-26-002325,F-1,,2026-06-03,maskf1060126.htm,shelf
b26e39f1-3223-44e8-ace0-3efd9eaf609f,SVRN,2026-08-10,0001869467,no_filings,,,,,,
12e2168e-c0bf-437f-8f37-12184a8c07ac,RKDA,2026-08-10,0001469443,selected,0001193125-26-340664,8-K,"3.01,9.01",2026-08-10,rkda-20260804.htm,8k_items:3.01
12e2168e-c0bf-437f-8f37-12184a8c07ac,RKDA,2026-08-10,0001469443,selected,0001193125-26-298841,424B3,,2026-07-09,rkda-424b3-2026-june.htm,offering
12e2168e-c0bf-437f-8f37-12184a8c07ac,RKDA,2026-08-10,0001469443,selected,0001193125-26-285578,S-3,,2026-06-26,rkda-20260626.htm,shelf
12e2168e-c0bf-437f-8f37-12184a8c07ac,RKDA,2026-08-10,0001469443,selected,0001193125-26-045063,424B3,,2026-02-11,rkda-424b3-2026.htm,offering
3a6f8238-1e67-4af3-a3ff-66e57f316b0c,JAGX,2026-08-10,0001585608,selected,0001193125-26-316920,424B3,,2026-07-27,d117884d424b3.htm,offering
3a6f8238-1e67-4af3-a3ff-66e57f316b0c,JAGX,2026-08-10,0001585608,selected,0001193125-26-316918,424B3,,2026-07-27,d47881d424b3.htm,offering
3a6f8238-1e67-4af3-a3ff-66e57f316b0c,JAGX,2026-08-10,0001585608,selected,0001193125-26-315711,S-1/A,,2026-07-24,d47881ds1a.htm,shelf
3a6f8238-1e67-4af3-a3ff-66e57f316b0c,JAGX,2026-08-10,0001585608,selected,0001193125-26-304988,S-1,,2026-07-16,d47881ds1.htm,shelf
3a6f8238-1e67-4af3-a3ff-66e57f316b0c,JAGX,2026-08-10,0001585608,selected,0001193125-26-304985,S-1,,2026-07-16,d117884ds1.htm,shelf
3a6f8238-1e67-4af3-a3ff-66e57f316b0c,JAGX,2026-08-10,0001585608,selected,0001193125-26-303190,8-K,"1.01,9.01",2026-07-14,d144017d8k.htm,8k_items:1.01
7b585488-d0e9-42a4-98bb-baf57926cc47,PW,2026-08-10,0001532619,no_filings,,,,,,
69cbd748-6036-4410-a633-e1270797174f,BNZI,2026-08-10,,no_cik,,,,,,
2a437261-394c-4283-8ee3-a0e3d95d3aa3,CUPR,2026-08-10,0001995704,selected,0001493152-26-032280,F-1,,2026-07-07,formf-1.htm,shelf
af90ea14-d386-4562-bec3-e00454a1a2f0,IOTR,2026-08-10,0001997637,no_filings,,,,,,
e143e7b1-03d0-4bf9-b4fc-0bc83cfd1ac3,TNON,2026-08-10,0001560293,selected,0001213900-26-079415,8-K,"8.01,9.01",2026-07-20,ea0298431-8k_tenon.htm,8k_items:8.01
e143e7b1-03d0-4bf9-b4fc-0bc83cfd1ac3,TNON,2026-08-10,0001560293,selected,0001213900-26-073848,424B4,,2026-06-30,ea0296419-424b4_tenon.htm,offering
e143e7b1-03d0-4bf9-b4fc-0bc83cfd1ac3,TNON,2026-08-10,0001560293,selected,0001213900-26-073332,S-1MEF,,2026-06-29,ea0296406-s1mef_tenon.htm,shelf
e143e7b1-03d0-4bf9-b4fc-0bc83cfd1ac3,TNON,2026-08-10,0001560293,selected,0001213900-26-072460,S-1/A,,2026-06-26,ea0295959-s1a1_tenon.htm,shelf
e143e7b1-03d0-4bf9-b4fc-0bc83cfd1ac3,TNON,2026-08-10,0001560293,selected,0001213900-26-070685,S-1,,2026-06-22,ea0295255-s1_tenon.htm,shelf
e143e7b1-03d0-4bf9-b4fc-0bc83cfd1ac3,TNON,2026-08-10,0001560293,selected,0001213900-26-070396,S-3/A,,2026-06-22,ea0294174-s3a1_tenon.htm,shelf
29993df2-78cf-488b-b956-43fc6089af0d,YJ,2026-08-10,0001759614,no_filings,,,,,,
ea822d18-3a4b-4105-a1c7-a2021f0c79eb,NAMI,2026-08-10,0001967631,no_filings,,,,,,
cf838428-793b-4af1-b1e7-afb29ffb869f,MB,2026-08-10,0002027265,no_filings,,,,,,
b08ca112-3c98-437c-9874-dbb076db1848,HUIZ,2026-08-10,0001778982,no_filings,,,,,,
65b1fd72-0728-4454-aa72-56125f161c27,SNOA,2026-08-10,0001367083,selected,0001683168-26-004971,424B5,,2026-06-18,sonoma_424b5.htm,offering
65b1fd72-0728-4454-aa72-56125f161c27,SNOA,2026-08-10,0001367083,selected,0001683168-26-003212,424B4,,2026-04-27,sonoma_424b4.htm,offering
65b1fd72-0728-4454-aa72-56125f161c27,SNOA,2026-08-10,0001367083,selected,0001683168-26-003139,S-1/A,,2026-04-23,sonoma_s1a1.htm,shelf
65b1fd72-0728-4454-aa72-56125f161c27,SNOA,2026-08-10,0001367083,selected,0001683168-26-003052,S-1,,2026-04-17,sonoma_s1.htm,shelf
eaaf7a95-2009-47e8-83d6-621dfb3a2358,RCEL,2026-08-10,0001762303,selected,0001762303-26-000010,424B5,,2026-06-08,424b5_-_perceptive_warra.htm,offering
eaaf7a95-2009-47e8-83d6-621dfb3a2358,RCEL,2026-08-10,0001762303,selected,0001193125-26-134850,S-3,,2026-03-31,rcel-20260331.htm,shelf
97aa1ead-b690-4805-8791-4310ef16137c,LPSN,2026-08-10,,no_cik,,,,,,
fd1b7579-6962-4744-bfab-30e5c19a900e,CSAI,2026-08-10,0001709628,selected,0001683168-26-005913,8-K,"3.03,5.03,8.01,9.01",2026-08-03,cloud_8k.htm,8k_items:3.03+5.03+8.01
bbc374d5-a136-489b-a078-ef1ccf69faec,ZENA,2026-08-10,0001997403,selected,0001376474-26-000384,424B5,,2026-05-18,zt_424b5.htm,offering
bbc374d5-a136-489b-a078-ef1ccf69faec,ZENA,2026-08-10,0001997403,selected,0001376474-26-000208,F-3/A,,2026-02-23,zt_f3z.htm,shelf
53ad4723-75af-4b3b-ae09-4ddffdbf5267,JAGX,2026-08-11,0001585608,selected,0001193125-26-316920,424B3,,2026-07-27,d117884d424b3.htm,offering
53ad4723-75af-4b3b-ae09-4ddffdbf5267,JAGX,2026-08-11,0001585608,selected,0001193125-26-316918,424B3,,2026-07-27,d47881d424b3.htm,offering
53ad4723-75af-4b3b-ae09-4ddffdbf5267,JAGX,2026-08-11,0001585608,selected,0001193125-26-315711,S-1/A,,2026-07-24,d47881ds1a.htm,shelf
53ad4723-75af-4b3b-ae09-4ddffdbf5267,JAGX,2026-08-11,0001585608,selected,0001193125-26-304988,S-1,,2026-07-16,d47881ds1.htm,shelf
53ad4723-75af-4b3b-ae09-4ddffdbf5267,JAGX,2026-08-11,0001585608,selected,0001193125-26-304985,S-1,,2026-07-16,d117884ds1.htm,shelf
53ad4723-75af-4b3b-ae09-4ddffdbf5267,JAGX,2026-08-11,0001585608,selected,0001193125-26-303190,8-K,"1.01,9.01",2026-07-14,d144017d8k.htm,8k_items:1.01
d7f91c1a-8627-4ecc-88ee-b605cc88846b,HKIT,2026-08-11,0001742341,selected,0001213900-26-064589,424B5,,2026-06-03,ea0293322-424b5_hitek.htm,offering
d7f91c1a-8627-4ecc-88ee-b605cc88846b,HKIT,2026-08-11,0001742341,selected,0001213900-26-036372,424B5,,2026-03-30,ea0283951-424b5_hitek.htm,offering
d7f91c1a-8627-4ecc-88ee-b605cc88846b,HKIT,2026-08-11,0001742341,selected,0001213900-26-027662,424B5,,2026-03-13,ea0281563-424b5_hitek.htm,offering
44b6c4a6-81b4-4f86-9dfc-b665a02cb8f9,VMAR,2026-08-11,0001813783,no_filings,,,,,,
31d90d2e-c6e2-418a-8070-306ae2e59731,CUPR,2026-08-11,0001995704,selected,0001493152-26-032280,F-1,,2026-07-07,formf-1.htm,shelf
76c45da1-9a1c-4ff4-84f8-af35fa1cecc3,BJDX,2026-08-11,0001704287,selected,0001213900-26-072672,424B3,,2026-06-26,ea0296012-424b3_bluejay.htm,offering
76c45da1-9a1c-4ff4-84f8-af35fa1cecc3,BJDX,2026-08-11,0001704287,selected,0001213900-26-069727,S-3,,2026-06-17,ea0294889-s3_bluejay.htm,shelf
317d0263-a161-4371-b6aa-81e7f453302c,PW,2026-08-11,0001532619,no_filings,,,,,,
78117645-2b6a-4f3a-902f-b24d2de169a7,RKDA,2026-08-11,0001469443,selected,0001193125-26-340664,8-K,"3.01,9.01",2026-08-10,rkda-20260804.htm,8k_items:3.01
78117645-2b6a-4f3a-902f-b24d2de169a7,RKDA,2026-08-11,0001469443,selected,0001193125-26-298841,424B3,,2026-07-09,rkda-424b3-2026-june.htm,offering
78117645-2b6a-4f3a-902f-b24d2de169a7,RKDA,2026-08-11,0001469443,selected,0001193125-26-285578,S-3,,2026-06-26,rkda-20260626.htm,shelf
e8d06387-7076-4d0d-9720-54ff0646c22e,SVRN,2026-08-11,0001869467,no_filings,,,,,,
01a90cbf-0ee4-49c0-8f90-d278b76a9dfe,NCT,2026-08-11,0002018529,selected,0001213900-26-075881,424B4,,2026-07-07,ea0291199-05.htm,offering
01a90cbf-0ee4-49c0-8f90-d278b76a9dfe,NCT,2026-08-11,0002018529,selected,0001213900-26-069967,F-1/A,,2026-06-18,ea0291199-04.htm,shelf
01a90cbf-0ee4-49c0-8f90-d278b76a9dfe,NCT,2026-08-11,0002018529,selected,0001213900-26-066161,F-1,,2026-06-08,ea0291199-03.htm,shelf
01a90cbf-0ee4-49c0-8f90-d278b76a9dfe,NCT,2026-08-11,0002018529,selected,0001213900-26-040544,424B3,,2026-04-06,ea028468402-424b3_intercont.htm,offering
8281082b-f311-4303-a4a3-05cd4189d3bb,MASK,2026-08-11,0001993097,selected,0001185185-26-003135,F-1,,2026-07-27,maskf1072426.htm,shelf
8281082b-f311-4303-a4a3-05cd4189d3bb,MASK,2026-08-11,0001993097,selected,0001185185-26-002956,F-1/A,,2026-07-14,maskf1a1071426.htm,shelf
8281082b-f311-4303-a4a3-05cd4189d3bb,MASK,2026-08-11,0001993097,selected,0001185185-26-002646,F-1,,2026-06-25,maskf1062326.htm,shelf
8281082b-f311-4303-a4a3-05cd4189d3bb,MASK,2026-08-11,0001993097,selected,0001185185-26-002628,F-1/A,,2026-06-24,maskf1a1062426.htm,shelf
8281082b-f311-4303-a4a3-05cd4189d3bb,MASK,2026-08-11,0001993097,selected,0001185185-26-002325,F-1,,2026-06-03,maskf1060126.htm,shelf
37d16dc8-35c2-4491-ab86-e72d3cd5ce45,SUGP,2026-08-11,0001969863,selected,0001753926-26-001031,424B3,,2026-06-22,g085773_424.htm,offering
37d16dc8-35c2-4491-ab86-e72d3cd5ce45,SUGP,2026-08-11,0001969863,selected,0001753926-26-001005,F-1,,2026-06-12,g085763_f1.htm,shelf
37d16dc8-35c2-4491-ab86-e72d3cd5ce45,SUGP,2026-08-11,0001969863,selected,0001753926-26-000819,424B3,,2026-05-12,g085728_424b3.htm,offering
8447bb2d-f978-4ea8-ae49-3c3affea3835,BNZI,2026-08-11,,no_cik,,,,,,
3cd206dc-f968-403c-8a37-d3387612dd96,ATPC,2026-08-11,0001713210,selected,0001493152-26-033881,S-1/A,,2026-07-20,forms-1a.htm,shelf
3cd206dc-f968-403c-8a37-d3387612dd96,ATPC,2026-08-11,0001713210,selected,0001493152-26-027669,S-1,,2026-06-08,forms-1.htm,shelf
d35c3ae9-bfc8-4c44-b599-9ec087cd7088,CODX,2026-08-11,0001692415,selected,0001493152-26-035553,8-K,"1.01,3.02,9.01",2026-07-31,form8-k.htm,8k_items:1.01+3.02
d35c3ae9-bfc8-4c44-b599-9ec087cd7088,CODX,2026-08-11,0001692415,selected,0001493152-26-034837,8-K,"1.01,9.01",2026-07-27,form8-k.htm,8k_items:1.01
d35c3ae9-bfc8-4c44-b599-9ec087cd7088,CODX,2026-08-11,0001692415,selected,0001493152-26-034835,424B5,,2026-07-27,form424b5.htm,offering
d35c3ae9-bfc8-4c44-b599-9ec087cd7088,CODX,2026-08-11,0001692415,selected,0001493152-26-025630,S-3,,2026-05-28,forms-3.htm,shelf
d35c3ae9-bfc8-4c44-b599-9ec087cd7088,CODX,2026-08-11,0001692415,selected,0001493152-26-022504,S-3,,2026-05-12,forms-3.htm,shelf
e6ad657b-adce-48f7-82b0-b60c144452ad,IOTR,2026-08-11,0001997637,no_filings,,,,,,
8fa05f9d-6e5f-46f6-b26a-34d37dbf31ca,JWEL,2026-08-11,0001805594,no_filings,,,,,,
5bb71ba3-02b8-4e03-a13f-788ac332e2c2,ZJYL,2026-08-11,0001837821,no_filings,,,,,,
c0d552ab-3e91-4691-ac5e-1c994402e33d,XHLD,2026-08-11,0002030954,selected,0001493152-26-036560,424B3,,2026-08-07,form424b3.htm,offering
c0d552ab-3e91-4691-ac5e-1c994402e33d,XHLD,2026-08-11,0002030954,selected,0001493152-26-034585,S-3,,2026-07-24,forms-3.htm,shelf
c0d552ab-3e91-4691-ac5e-1c994402e33d,XHLD,2026-08-11,0002030954,selected,0001493152-26-033904,8-K,"3.01,9.01",2026-07-20,form8-k.htm,8k_items:3.01
c0d552ab-3e91-4691-ac5e-1c994402e33d,XHLD,2026-08-11,0002030954,selected,0001493152-26-031078,424B4,,2026-06-29,form424b4.htm,offering
c0d552ab-3e91-4691-ac5e-1c994402e33d,XHLD,2026-08-11,0002030954,selected,0001493152-26-030314,S-1MEF,,2026-06-26,forms-1mef.htm,shelf
c0d552ab-3e91-4691-ac5e-1c994402e33d,XHLD,2026-08-11,0002030954,selected,0001493152-26-029720,S-1/A,,2026-06-23,forms-1a.htm,shelf
714d0a8c-a1de-4fab-99f0-956c5049c4cc,AUUD,2026-08-11,0001554818,selected,0001683168-26-005735,8-K,"1.01,9.01",2026-07-23,auddia_8k.htm,8k_items:1.01
714d0a8c-a1de-4fab-99f0-956c5049c4cc,AUUD,2026-08-11,0001554818,selected,0001683168-26-003222,424B4,,2026-04-27,auddia_424b4.htm,offering
714d0a8c-a1de-4fab-99f0-956c5049c4cc,AUUD,2026-08-11,0001554818,selected,0001683168-26-003148,FWP,,2026-04-23,auddia_fwp.htm,offering
714d0a8c-a1de-4fab-99f0-956c5049c4cc,AUUD,2026-08-11,0001554818,selected,0001683168-26-002724,S-1/A,,2026-04-07,auddia_s1a1.htm,shelf
714d0a8c-a1de-4fab-99f0-956c5049c4cc,AUUD,2026-08-11,0001554818,selected,0001683168-26-002663,S-1,,2026-04-03,auddia_s1.htm,shelf
a66ec67d-631c-4946-a530-0238d7089eb6,SCKT,2026-08-11,0000944075,selected,0000944075-26-000055,8-K,"5.03,9.01",2026-08-07,form-8k0803.htm,8k_items:5.03
a66ec67d-631c-4946-a530-0238d7089eb6,SCKT,2026-08-11,0000944075,selected,0000944075-26-000051,8-K,"5.03,9.01",2026-07-17,form-8k0717.htm,8k_items:5.03
a2594cd7-0948-43cb-9ca8-b349bef272e8,ARTW,2026-08-11,0000007623,no_filings,,,,,,
af6b9b0e-1d87-43ec-b3f7-be3852e51966,SQFTP,2026-08-11,0001080657,no_filings,,,,,,
67e65386-3330-4b15-9f74-4c0b91a0923c,RDGT,2026-08-11,0001856084,selected,0001213900-26-082575,424B5,,2026-07-29,ea0299318-424b5_ridgetech.htm,offering
d795f4ad-1afd-4d39-91be-a69df9e75cfb,HUDI,2026-08-11,0001791725,no_filings,,,,,,
6536cf6e-833c-43e9-8ebc-6e63d8361148,MTEN,2026-08-11,0001948099,selected,0001213900-26-081222,F-1/A,,2026-07-24,ea0299036-f1a1_mingteng.htm,shelf
6536cf6e-833c-43e9-8ebc-6e63d8361148,MTEN,2026-08-11,0001948099,selected,0001213900-26-077280,F-1,,2026-07-10,ea0297202-f1_mingteng.htm,shelf
6536cf6e-833c-43e9-8ebc-6e63d8361148,MTEN,2026-08-11,0001948099,selected,0001213900-26-069961,424B5,,2026-06-18,ea0294955-424b5_mingteng.htm,offering
6536cf6e-833c-43e9-8ebc-6e63d8361148,MTEN,2026-08-11,0001948099,selected,0001213900-26-067198,424B5,,2026-06-10,ea0294199-424b5_mingteng.htm,offering
6536cf6e-833c-43e9-8ebc-6e63d8361148,MTEN,2026-08-11,0001948099,selected,0001213900-26-066369,424B3,,2026-06-08,ea0294032-424b3_mingteng.htm,offering
b9a1ac78-a147-4b58-966f-9259f3482eec,IOTR,2026-08-12,0001997637,no_filings,,,,,,
7b68671a-b5f9-4ca0-baba-39f8c4ef4c7e,JAGX,2026-08-12,0001585608,selected,0001193125-26-316920,424B3,,2026-07-27,d117884d424b3.htm,offering
7b68671a-b5f9-4ca0-baba-39f8c4ef4c7e,JAGX,2026-08-12,0001585608,selected,0001193125-26-316918,424B3,,2026-07-27,d47881d424b3.htm,offering
7b68671a-b5f9-4ca0-baba-39f8c4ef4c7e,JAGX,2026-08-12,0001585608,selected,0001193125-26-315711,S-1/A,,2026-07-24,d47881ds1a.htm,shelf
7b68671a-b5f9-4ca0-baba-39f8c4ef4c7e,JAGX,2026-08-12,0001585608,selected,0001193125-26-304988,S-1,,2026-07-16,d47881ds1.htm,shelf
7b68671a-b5f9-4ca0-baba-39f8c4ef4c7e,JAGX,2026-08-12,0001585608,selected,0001193125-26-304985,S-1,,2026-07-16,d117884ds1.htm,shelf
7b68671a-b5f9-4ca0-baba-39f8c4ef4c7e,JAGX,2026-08-12,0001585608,selected,0001193125-26-303190,8-K,"1.01,9.01",2026-07-14,d144017d8k.htm,8k_items:1.01
feb9c418-3e2e-4815-a203-a7c37c2cf084,BJDX,2026-08-12,0001704287,selected,0001213900-26-072672,424B3,,2026-06-26,ea0296012-424b3_bluejay.htm,offering
feb9c418-3e2e-4815-a203-a7c37c2cf084,BJDX,2026-08-12,0001704287,selected,0001213900-26-069727,S-3,,2026-06-17,ea0294889-s3_bluejay.htm,shelf
b5f70b42-752b-4155-a64a-00724b3c9733,SUGP,2026-08-12,0001969863,selected,0001753926-26-001031,424B3,,2026-06-22,g085773_424.htm,offering
b5f70b42-752b-4155-a64a-00724b3c9733,SUGP,2026-08-12,0001969863,selected,0001753926-26-001005,F-1,,2026-06-12,g085763_f1.htm,shelf
b5f70b42-752b-4155-a64a-00724b3c9733,SUGP,2026-08-12,0001969863,selected,0001753926-26-000819,424B3,,2026-05-12,g085728_424b3.htm,offering
a2f75faa-f4d0-429a-8fed-1e187297acfa,SVRN,2026-08-12,0001869467,no_filings,,,,,,
69a92ec5-0a73-428a-ac39-fb86927a3128,NCT,2026-08-12,0002018529,selected,0001213900-26-075881,424B4,,2026-07-07,ea0291199-05.htm,offering
69a92ec5-0a73-428a-ac39-fb86927a3128,NCT,2026-08-12,0002018529,selected,0001213900-26-069967,F-1/A,,2026-06-18,ea0291199-04.htm,shelf
69a92ec5-0a73-428a-ac39-fb86927a3128,NCT,2026-08-12,0002018529,selected,0001213900-26-066161,F-1,,2026-06-08,ea0291199-03.htm,shelf
69a92ec5-0a73-428a-ac39-fb86927a3128,NCT,2026-08-12,0002018529,selected,0001213900-26-040544,424B3,,2026-04-06,ea028468402-424b3_intercont.htm,offering
a7142725-1b21-4f0a-bd81-70959cc1b677,HKIT,2026-08-12,0001742341,selected,0001213900-26-064589,424B5,,2026-06-03,ea0293322-424b5_hitek.htm,offering
a7142725-1b21-4f0a-bd81-70959cc1b677,HKIT,2026-08-12,0001742341,selected,0001213900-26-036372,424B5,,2026-03-30,ea0283951-424b5_hitek.htm,offering
a7142725-1b21-4f0a-bd81-70959cc1b677,HKIT,2026-08-12,0001742341,selected,0001213900-26-027662,424B5,,2026-03-13,ea0281563-424b5_hitek.htm,offering
0ae17456-8e00-48ae-9751-aee530315705,MASK,2026-08-12,0001993097,selected,0001185185-26-003135,F-1,,2026-07-27,maskf1072426.htm,shelf
0ae17456-8e00-48ae-9751-aee530315705,MASK,2026-08-12,0001993097,selected,0001185185-26-002956,F-1/A,,2026-07-14,maskf1a1071426.htm,shelf
0ae17456-8e00-48ae-9751-aee530315705,MASK,2026-08-12,0001993097,selected,0001185185-26-002646,F-1,,2026-06-25,maskf1062326.htm,shelf
0ae17456-8e00-48ae-9751-aee530315705,MASK,2026-08-12,0001993097,selected,0001185185-26-002628,F-1/A,,2026-06-24,maskf1a1062426.htm,shelf
0ae17456-8e00-48ae-9751-aee530315705,MASK,2026-08-12,0001993097,selected,0001185185-26-002325,F-1,,2026-06-03,maskf1060126.htm,shelf
eb0eb751-59dd-4d71-8fc8-d229f43eb302,RKDA,2026-08-12,0001469443,selected,0001193125-26-340664,8-K,"3.01,9.01",2026-08-10,rkda-20260804.htm,8k_items:3.01
eb0eb751-59dd-4d71-8fc8-d229f43eb302,RKDA,2026-08-12,0001469443,selected,0001193125-26-298841,424B3,,2026-07-09,rkda-424b3-2026-june.htm,offering
eb0eb751-59dd-4d71-8fc8-d229f43eb302,RKDA,2026-08-12,0001469443,selected,0001193125-26-285578,S-3,,2026-06-26,rkda-20260626.htm,shelf
88b35e70-2bdc-4f3f-ae4d-3d92e867d887,ATPC,2026-08-12,0001713210,selected,0001493152-26-033881,S-1/A,,2026-07-20,forms-1a.htm,shelf
88b35e70-2bdc-4f3f-ae4d-3d92e867d887,ATPC,2026-08-12,0001713210,selected,0001493152-26-027669,S-1,,2026-06-08,forms-1.htm,shelf
c0b177c2-1d24-4169-86fa-ae88905efd5f,PW,2026-08-12,0001532619,no_filings,,,,,,
9933cae6-0ad1-4c20-83dc-070f75ee0820,CUPR,2026-08-12,0001995704,selected,0001493152-26-032280,F-1,,2026-07-07,formf-1.htm,shelf
2b63d0b5-0249-486c-82c4-709edf798a87,BNZI,2026-08-12,,no_cik,,,,,,
0b55655e-948f-42eb-b46c-db2b41f65d26,VMAR,2026-08-12,0001813783,no_filings,,,,,,
af71bd7b-ed72-4c3e-9200-66828c41e32b,CODX,2026-08-12,0001692415,selected,0001493152-26-035553,8-K,"1.01,3.02,9.01",2026-07-31,form8-k.htm,8k_items:1.01+3.02
af71bd7b-ed72-4c3e-9200-66828c41e32b,CODX,2026-08-12,0001692415,selected,0001493152-26-034837,8-K,"1.01,9.01",2026-07-27,form8-k.htm,8k_items:1.01
af71bd7b-ed72-4c3e-9200-66828c41e32b,CODX,2026-08-12,0001692415,selected,0001493152-26-034835,424B5,,2026-07-27,form424b5.htm,offering
af71bd7b-ed72-4c3e-9200-66828c41e32b,CODX,2026-08-12,0001692415,selected,0001493152-26-025630,S-3,,2026-05-28,forms-3.htm,shelf
af71bd7b-ed72-4c3e-9200-66828c41e32b,CODX,2026-08-12,0001692415,selected,0001493152-26-022504,S-3,,2026-05-12,forms-3.htm,shelf
2695bd6a-d029-4a65-832a-57f13df6ce29,WXM,2026-08-12,0001979610,selected,0001731122-26-000704,F-3,,2026-05-11,e7618_f3.htm,shelf
d4f83474-718e-4941-a44c-d8a1d1b4e532,MSGY,2026-08-12,0002020228,no_filings,,,,,,
e78ca397-d428-4265-8109-5659218e704e,GRI,2026-08-12,0001824293,no_filings,,,,,,
6fd8362a-fcc8-41b1-aed5-edb0c531a4a1,AIFA,2026-08-12,0001708341,no_filings,,,,,,
2bfc8e69-62ab-4fa9-bfee-cf8282a4c884,KPLT,2026-08-12,0001785424,selected,0001104659-26-094116,8-K,"1.01,2.01,2.03,3.02,5.01,5.02,8.01,9.01",2026-08-11,tm2622446d5_8k.htm,8k_items:1.01+3.02+8.01
2bfc8e69-62ab-4fa9-bfee-cf8282a4c884,KPLT,2026-08-12,0001785424,selected,0000950103-26-011213,424B3,,2026-07-27,dp250643_424b3.htm,offering
2bfc8e69-62ab-4fa9-bfee-cf8282a4c884,KPLT,2026-08-12,0001785424,selected,0000950103-26-011207,8-K,"8.01,9.01",2026-07-27,dp250641_8k.htm,8k_items:8.01
2bfc8e69-62ab-4fa9-bfee-cf8282a4c884,KPLT,2026-08-12,0001785424,selected,0001104659-26-081337,424B3,,2026-07-07,tm2533703-23_424b3.htm,offering
1942b037-03dc-4743-964d-78bff55e36b7,NTHI,2026-08-12,0001979414,selected,0001829126-26-006772,424B5,,2026-06-23,neonctechnologies_424b5.htm,offering
1942b037-03dc-4743-964d-78bff55e36b7,NTHI,2026-08-12,0001979414,selected,0001829126-26-006487,S-3,,2026-06-15,neonctechnologies_s3.htm,shelf
1942b037-03dc-4743-964d-78bff55e36b7,NTHI,2026-08-12,0001979414,selected,0001829126-26-003565,424B5,,2026-04-16,neonctechnologies_424b5.htm,offering
1942b037-03dc-4743-964d-78bff55e36b7,NTHI,2026-08-12,0001979414,selected,0001829126-26-003412,S-3,,2026-04-10,neonctechnologies_s3.htm,shelf
1942b037-03dc-4743-964d-78bff55e36b7,NTHI,2026-08-12,0001979414,selected,0001829126-26-003400,424B5,,2026-04-10,neonctechnologies_424b5.htm,offering
1942b037-03dc-4743-964d-78bff55e36b7,NTHI,2026-08-12,0001979414,selected,0001829126-26-003080,S-3,,2026-04-02,neonctechnologies_s3.htm,shelf
f2729287-cf1c-4216-8c64-db63d41d38b5,PLAG,2026-08-12,0001117057,selected,0001213900-26-077736,8-K,"1.01,9.01",2026-07-14,ea0297814-8k_planet.htm,8k_items:1.01
f2729287-cf1c-4216-8c64-db63d41d38b5,PLAG,2026-08-12,0001117057,selected,0001213900-26-077727,424B5,,2026-07-14,ea0294608-424b5_planet.htm,offering
f2729287-cf1c-4216-8c64-db63d41d38b5,PLAG,2026-08-12,0001117057,selected,0001213900-26-039497,S-3/A,,2026-04-02,ea0284782-s3a1_planet.htm,shelf
f2729287-cf1c-4216-8c64-db63d41d38b5,PLAG,2026-08-12,0001117057,selected,0001213900-26-029188,S-3,,2026-03-17,ea0279233-s3_planet.htm,shelf
80a88a33-94c2-4c5c-bf49-9ca4f3eb7fc7,FRTT,2026-08-12,0002092967,no_filings,,,,,,
3e884c16-2f22-4a7b-8c27-8ad418493e77,TPST,2026-08-12,0001544227,selected,0001193125-26-321176,8-K,"5.07,8.01",2026-07-28,d105624d8k.htm,8k_items:8.01
3e884c16-2f22-4a7b-8c27-8ad418493e77,TPST,2026-08-12,0001544227,selected,0001193125-26-312391,8-K,"1.01,7.01,9.01",2026-07-22,d107304d8k.htm,8k_items:1.01
3e884c16-2f22-4a7b-8c27-8ad418493e77,TPST,2026-08-12,0001544227,selected,0001193125-26-298528,424B3,,2026-07-08,d135184d424b3.htm,offering
3e884c16-2f22-4a7b-8c27-8ad418493e77,TPST,2026-08-12,0001544227,selected,0001193125-26-285430,S-3,,2026-06-26,d135184ds3.htm,shelf
3e884c16-2f22-4a7b-8c27-8ad418493e77,TPST,2026-08-12,0001544227,selected,0001193125-26-150470,424B3,,2026-04-10,d17525d424b3.htm,offering
3e884c16-2f22-4a7b-8c27-8ad418493e77,TPST,2026-08-12,0001544227,selected,0001193125-26-150469,424B3,,2026-04-10,d104843d424b3.htm,offering
4e4f820f-1032-4ae7-97d4-1d5bd7fb9a12,FF,2026-08-12,0001337298,selected,0001437749-26-024674,8-K,"8.01,9.01",2026-07-28,ff20260728_8k.htm,8k_items:8.01
5cdfec8e-deb1-428a-8c7c-435eaf049e3c,GCDT,2026-08-13,0001926293,no_filings,,,,,,
7ade464f-7076-4d29-87fc-76b8b75e6a45,IOTR,2026-08-13,0001997637,no_filings,,,,,,
1be0112e-777c-4d85-88b4-107eb1214873,JAGX,2026-08-13,0001585608,selected,0001193125-26-316920,424B3,,2026-07-27,d117884d424b3.htm,offering
1be0112e-777c-4d85-88b4-107eb1214873,JAGX,2026-08-13,0001585608,selected,0001193125-26-316918,424B3,,2026-07-27,d47881d424b3.htm,offering
1be0112e-777c-4d85-88b4-107eb1214873,JAGX,2026-08-13,0001585608,selected,0001193125-26-315711,S-1/A,,2026-07-24,d47881ds1a.htm,shelf
1be0112e-777c-4d85-88b4-107eb1214873,JAGX,2026-08-13,0001585608,selected,0001193125-26-304988,S-1,,2026-07-16,d47881ds1.htm,shelf
1be0112e-777c-4d85-88b4-107eb1214873,JAGX,2026-08-13,0001585608,selected,0001193125-26-304985,S-1,,2026-07-16,d117884ds1.htm,shelf
1be0112e-777c-4d85-88b4-107eb1214873,JAGX,2026-08-13,0001585608,selected,0001193125-26-303190,8-K,"1.01,9.01",2026-07-14,d144017d8k.htm,8k_items:1.01
27a9b405-103f-4c63-ad48-bf1b68e758e3,SUGP,2026-08-13,0001969863,selected,0001753926-26-001031,424B3,,2026-06-22,g085773_424.htm,offering
27a9b405-103f-4c63-ad48-bf1b68e758e3,SUGP,2026-08-13,0001969863,selected,0001753926-26-001005,F-1,,2026-06-12,g085763_f1.htm,shelf
27a9b405-103f-4c63-ad48-bf1b68e758e3,SUGP,2026-08-13,0001969863,selected,0001753926-26-000819,424B3,,2026-05-12,g085728_424b3.htm,offering
cd98e33c-769a-443d-b52e-14bcdd4b3395,MASK,2026-08-13,0001993097,selected,0001185185-26-003135,F-1,,2026-07-27,maskf1072426.htm,shelf
cd98e33c-769a-443d-b52e-14bcdd4b3395,MASK,2026-08-13,0001993097,selected,0001185185-26-002956,F-1/A,,2026-07-14,maskf1a1071426.htm,shelf
cd98e33c-769a-443d-b52e-14bcdd4b3395,MASK,2026-08-13,0001993097,selected,0001185185-26-002646,F-1,,2026-06-25,maskf1062326.htm,shelf
cd98e33c-769a-443d-b52e-14bcdd4b3395,MASK,2026-08-13,0001993097,selected,0001185185-26-002628,F-1/A,,2026-06-24,maskf1a1062426.htm,shelf
cd98e33c-769a-443d-b52e-14bcdd4b3395,MASK,2026-08-13,0001993097,selected,0001185185-26-002325,F-1,,2026-06-03,maskf1060126.htm,shelf
6e42c663-b140-41c4-b003-ef450803a483,SVRN,2026-08-13,0001869467,no_filings,,,,,,
76514a25-0238-42f5-8f26-9fa764ac164c,RKDA,2026-08-13,0001469443,selected,0001193125-26-340664,8-K,"3.01,9.01",2026-08-10,rkda-20260804.htm,8k_items:3.01
76514a25-0238-42f5-8f26-9fa764ac164c,RKDA,2026-08-13,0001469443,selected,0001193125-26-298841,424B3,,2026-07-09,rkda-424b3-2026-june.htm,offering
76514a25-0238-42f5-8f26-9fa764ac164c,RKDA,2026-08-13,0001469443,selected,0001193125-26-285578,S-3,,2026-06-26,rkda-20260626.htm,shelf
897865f2-7289-482b-8b83-4e9c05decffc,VMAR,2026-08-13,0001813783,no_filings,,,,,,
9f6a981c-c3e7-4d24-a408-0f7497a8f10e,NCT,2026-08-13,0002018529,selected,0001213900-26-075881,424B4,,2026-07-07,ea0291199-05.htm,offering
9f6a981c-c3e7-4d24-a408-0f7497a8f10e,NCT,2026-08-13,0002018529,selected,0001213900-26-069967,F-1/A,,2026-06-18,ea0291199-04.htm,shelf
9f6a981c-c3e7-4d24-a408-0f7497a8f10e,NCT,2026-08-13,0002018529,selected,0001213900-26-066161,F-1,,2026-06-08,ea0291199-03.htm,shelf
9f6a981c-c3e7-4d24-a408-0f7497a8f10e,NCT,2026-08-13,0002018529,selected,0001213900-26-040544,424B3,,2026-04-06,ea028468402-424b3_intercont.htm,offering
8c09119c-1e51-4756-88d2-6777ad56bfa4,HKIT,2026-08-13,0001742341,selected,0001213900-26-064589,424B5,,2026-06-03,ea0293322-424b5_hitek.htm,offering
8c09119c-1e51-4756-88d2-6777ad56bfa4,HKIT,2026-08-13,0001742341,selected,0001213900-26-036372,424B5,,2026-03-30,ea0283951-424b5_hitek.htm,offering
8c09119c-1e51-4756-88d2-6777ad56bfa4,HKIT,2026-08-13,0001742341,selected,0001213900-26-027662,424B5,,2026-03-13,ea0281563-424b5_hitek.htm,offering
c37a891b-32f2-4bd1-a78c-2a42d6fd5a74,BJDX,2026-08-13,0001704287,selected,0001213900-26-072672,424B3,,2026-06-26,ea0296012-424b3_bluejay.htm,offering
c37a891b-32f2-4bd1-a78c-2a42d6fd5a74,BJDX,2026-08-13,0001704287,selected,0001213900-26-069727,S-3,,2026-06-17,ea0294889-s3_bluejay.htm,shelf
48618701-4992-4d6c-a4a7-0a00bbf1c5ef,BNZI,2026-08-13,,no_cik,,,,,,
5ee2c70e-93e3-4422-bfbb-98a87a8f96ca,PW,2026-08-13,0001532619,no_filings,,,,,,
25d57c04-803b-4611-8071-0458c0077653,ATPC,2026-08-13,0001713210,selected,0001493152-26-033881,S-1/A,,2026-07-20,forms-1a.htm,shelf
25d57c04-803b-4611-8071-0458c0077653,ATPC,2026-08-13,0001713210,selected,0001493152-26-027669,S-1,,2026-06-08,forms-1.htm,shelf
42938770-6775-4215-84d6-7f83441d6f13,CUPR,2026-08-13,0001995704,selected,0001493152-26-032280,F-1,,2026-07-07,formf-1.htm,shelf
9a33b7b1-7f15-4786-bc69-3fa13217310f,CODX,2026-08-13,0001692415,selected,0001493152-26-035553,8-K,"1.01,3.02,9.01",2026-07-31,form8-k.htm,8k_items:1.01+3.02
9a33b7b1-7f15-4786-bc69-3fa13217310f,CODX,2026-08-13,0001692415,selected,0001493152-26-034837,8-K,"1.01,9.01",2026-07-27,form8-k.htm,8k_items:1.01
9a33b7b1-7f15-4786-bc69-3fa13217310f,CODX,2026-08-13,0001692415,selected,0001493152-26-034835,424B5,,2026-07-27,form424b5.htm,offering
9a33b7b1-7f15-4786-bc69-3fa13217310f,CODX,2026-08-13,0001692415,selected,0001493152-26-025630,S-3,,2026-05-28,forms-3.htm,shelf
9a33b7b1-7f15-4786-bc69-3fa13217310f,CODX,2026-08-13,0001692415,selected,0001493152-26-022504,S-3,,2026-05-12,forms-3.htm,shelf
2ff7dbd5-4cd2-4bd9-a19a-b3c6a21ad2e5,BOXL,2026-08-13,0001624512,selected,0001213900-26-087806,8-K,"1.01,3.02,5.03,8.01,9.01",2026-08-11,ea0301003-8k_boxlight.htm,8k_items:1.01+3.02+5.03+8.01
0c98848f-bd87-4546-a88d-d944be175af0,OFAL,2026-08-13,0002036307,selected,0001493152-26-028000,S-1,,2026-06-10,forms-1.htm,shelf
0c98848f-bd87-4546-a88d-d944be175af0,OFAL,2026-08-13,0002036307,selected,0001493152-26-011640,F-1/A,,2026-03-19,formf-1a.htm,shelf
0c98848f-bd87-4546-a88d-d944be175af0,OFAL,2026-08-13,0002036307,selected,0001493152-26-009368,F-1/A,,2026-03-09,formf-1a.htm,shelf
71e42b4c-7bd5-4a9a-9fe0-9e8433f149b4,BANL,2026-08-13,0001914805,no_filings,,,,,,
a0d493ae-86e2-4b7b-b47d-c73dd299d3dd,DOGZ,2026-08-13,0001707303,no_filings,,,,,,
8cca5d40-3b43-4411-9286-5c45a1c7886e,PTN,2026-08-13,0000911216,no_filings,,,,,,
2f120447-10d4-412d-8186-50b1230a877e,RMCF,2026-08-13,0001616262,selected,0001213900-26-075602,424B5,,2026-07-06,ea0297146-424b5_rocky.htm,offering
2f120447-10d4-412d-8186-50b1230a877e,RMCF,2026-08-13,0001616262,selected,0001213900-26-071160,S-3,,2026-06-23,ea0295162-s3_rocky.htm,shelf
c9ba525b-1f1b-4e94-ab60-fe053fe8de1d,BQ,2026-08-13,0001815021,selected,0001213900-26-070162,424B3,,2026-06-18,ea0295127-424b3_boqii.htm,offering
c9ba525b-1f1b-4e94-ab60-fe053fe8de1d,BQ,2026-08-13,0001815021,selected,0001213900-26-065804,F-3,,2026-06-05,ea0293544-f3_boqii.htm,shelf
48a62f83-a751-4d6f-b65c-46b907cf9942,BIVI,2026-08-13,0001580149,selected,0001520138-26-000324,FWP,,2026-08-07,bivi-fwp.htm,offering
48a62f83-a751-4d6f-b65c-46b907cf9942,BIVI,2026-08-13,0001580149,selected,0001520138-26-000320,FWP,,2026-08-06,bivi-fwp.htm,offering
48a62f83-a751-4d6f-b65c-46b907cf9942,BIVI,2026-08-13,0001580149,selected,0001520138-26-000314,FWP,,2026-08-06,bivi-fwp.htm,offering
48a62f83-a751-4d6f-b65c-46b907cf9942,BIVI,2026-08-13,0001580149,selected,0001520138-26-000313,S-1/A,,2026-08-06,bivi_s1a2.htm,shelf
48a62f83-a751-4d6f-b65c-46b907cf9942,BIVI,2026-08-13,0001580149,selected,0001520138-26-000299,S-1/A,,2026-07-31,bivi_s1a1.htm,shelf
48a62f83-a751-4d6f-b65c-46b907cf9942,BIVI,2026-08-13,0001580149,selected,0001520138-26-000276,S-1,,2026-07-17,bivi_s1.htm,shelf
6ed6438b-b357-476e-8d8e-72cc855c0393,BCG,2026-08-13,0001953984,no_filings,,,,,,
351b0729-2697-4a7a-a38a-d8ed7729745e,XHLD,2026-08-13,0002030954,selected,0001493152-26-036560,424B3,,2026-08-07,form424b3.htm,offering
351b0729-2697-4a7a-a38a-d8ed7729745e,XHLD,2026-08-13,0002030954,selected,0001493152-26-034585,S-3,,2026-07-24,forms-3.htm,shelf
351b0729-2697-4a7a-a38a-d8ed7729745e,XHLD,2026-08-13,0002030954,selected,0001493152-26-033904,8-K,"3.01,9.01",2026-07-20,form8-k.htm,8k_items:3.01
351b0729-2697-4a7a-a38a-d8ed7729745e,XHLD,2026-08-13,0002030954,selected,0001493152-26-031078,424B4,,2026-06-29,form424b4.htm,offering
351b0729-2697-4a7a-a38a-d8ed7729745e,XHLD,2026-08-13,0002030954,selected,0001493152-26-030314,S-1MEF,,2026-06-26,forms-1mef.htm,shelf
351b0729-2697-4a7a-a38a-d8ed7729745e,XHLD,2026-08-13,0002030954,selected,0001493152-26-029720,S-1/A,,2026-06-23,forms-1a.htm,shelf
c84715ec-7ca0-41e7-a0bf-0bea577539d1,RKDA,2026-08-14,0001469443,selected,0001193125-26-340664,8-K,"3.01,9.01",2026-08-10,rkda-20260804.htm,8k_items:3.01
c84715ec-7ca0-41e7-a0bf-0bea577539d1,RKDA,2026-08-14,0001469443,selected,0001193125-26-298841,424B3,,2026-07-09,rkda-424b3-2026-june.htm,offering
c84715ec-7ca0-41e7-a0bf-0bea577539d1,RKDA,2026-08-14,0001469443,selected,0001193125-26-285578,S-3,,2026-06-26,rkda-20260626.htm,shelf
21509276-9eaf-4bad-b747-cb565cbda981,NCT,2026-08-14,0002018529,selected,0001213900-26-075881,424B4,,2026-07-07,ea0291199-05.htm,offering
21509276-9eaf-4bad-b747-cb565cbda981,NCT,2026-08-14,0002018529,selected,0001213900-26-069967,F-1/A,,2026-06-18,ea0291199-04.htm,shelf
21509276-9eaf-4bad-b747-cb565cbda981,NCT,2026-08-14,0002018529,selected,0001213900-26-066161,F-1,,2026-06-08,ea0291199-03.htm,shelf
21509276-9eaf-4bad-b747-cb565cbda981,NCT,2026-08-14,0002018529,selected,0001213900-26-040544,424B3,,2026-04-06,ea028468402-424b3_intercont.htm,offering
5ec05cd8-aabc-40ec-a7dc-534814bfb7e9,GCDT,2026-08-14,0001926293,no_filings,,,,,,
df47b171-3d81-4465-baf9-544f14ca3a32,SVRN,2026-08-14,0001869467,no_filings,,,,,,
9024853b-1029-45a8-9491-55c390df1585,JAGX,2026-08-14,0001585608,selected,0001193125-26-316920,424B3,,2026-07-27,d117884d424b3.htm,offering
9024853b-1029-45a8-9491-55c390df1585,JAGX,2026-08-14,0001585608,selected,0001193125-26-316918,424B3,,2026-07-27,d47881d424b3.htm,offering
9024853b-1029-45a8-9491-55c390df1585,JAGX,2026-08-14,0001585608,selected,0001193125-26-315711,S-1/A,,2026-07-24,d47881ds1a.htm,shelf
9024853b-1029-45a8-9491-55c390df1585,JAGX,2026-08-14,0001585608,selected,0001193125-26-304988,S-1,,2026-07-16,d47881ds1.htm,shelf
9024853b-1029-45a8-9491-55c390df1585,JAGX,2026-08-14,0001585608,selected,0001193125-26-304985,S-1,,2026-07-16,d117884ds1.htm,shelf
5c81e526-e3a7-471b-86f1-36c4bc8334c9,VMAR,2026-08-14,0001813783,no_filings,,,,,,
ac3df7c1-4534-4a47-a682-69d75911c36b,CUPR,2026-08-14,0001995704,selected,0001493152-26-032280,F-1,,2026-07-07,formf-1.htm,shelf
92354b27-4e49-491f-bc8b-dd3375238a35,SUGP,2026-08-14,0001969863,selected,0001753926-26-001031,424B3,,2026-06-22,g085773_424.htm,offering
92354b27-4e49-491f-bc8b-dd3375238a35,SUGP,2026-08-14,0001969863,selected,0001753926-26-001005,F-1,,2026-06-12,g085763_f1.htm,shelf
92354b27-4e49-491f-bc8b-dd3375238a35,SUGP,2026-08-14,0001969863,selected,0001753926-26-000819,424B3,,2026-05-12,g085728_424b3.htm,offering
87a86411-9e0a-4724-87b9-30ebd30805b3,ATPC,2026-08-14,0001713210,selected,0001493152-26-033881,S-1/A,,2026-07-20,forms-1a.htm,shelf
87a86411-9e0a-4724-87b9-30ebd30805b3,ATPC,2026-08-14,0001713210,selected,0001493152-26-027669,S-1,,2026-06-08,forms-1.htm,shelf
2dd69b8a-dea5-4035-91bd-fb2f9592d15c,BNZI,2026-08-14,,no_cik,,,,,,
18fa8dc2-98d9-4c89-a9e1-1f3db8d3eeaf,MASK,2026-08-14,0001993097,selected,0001185185-26-003135,F-1,,2026-07-27,maskf1072426.htm,shelf
18fa8dc2-98d9-4c89-a9e1-1f3db8d3eeaf,MASK,2026-08-14,0001993097,selected,0001185185-26-002956,F-1/A,,2026-07-14,maskf1a1071426.htm,shelf
18fa8dc2-98d9-4c89-a9e1-1f3db8d3eeaf,MASK,2026-08-14,0001993097,selected,0001185185-26-002646,F-1,,2026-06-25,maskf1062326.htm,shelf
18fa8dc2-98d9-4c89-a9e1-1f3db8d3eeaf,MASK,2026-08-14,0001993097,selected,0001185185-26-002628,F-1/A,,2026-06-24,maskf1a1062426.htm,shelf
18fa8dc2-98d9-4c89-a9e1-1f3db8d3eeaf,MASK,2026-08-14,0001993097,selected,0001185185-26-002325,F-1,,2026-06-03,maskf1060126.htm,shelf
6eed25e3-bd89-4708-8e24-1fa2e46bdf27,BJDX,2026-08-14,0001704287,selected,0001213900-26-072672,424B3,,2026-06-26,ea0296012-424b3_bluejay.htm,offering
6eed25e3-bd89-4708-8e24-1fa2e46bdf27,BJDX,2026-08-14,0001704287,selected,0001213900-26-069727,S-3,,2026-06-17,ea0294889-s3_bluejay.htm,shelf
c70ea258-4888-407f-9b81-674ea670fe97,HKIT,2026-08-14,0001742341,selected,0001213900-26-064589,424B5,,2026-06-03,ea0293322-424b5_hitek.htm,offering
c70ea258-4888-407f-9b81-674ea670fe97,HKIT,2026-08-14,0001742341,selected,0001213900-26-036372,424B5,,2026-03-30,ea0283951-424b5_hitek.htm,offering
c70ea258-4888-407f-9b81-674ea670fe97,HKIT,2026-08-14,0001742341,selected,0001213900-26-027662,424B5,,2026-03-13,ea0281563-424b5_hitek.htm,offering
dc615043-181c-4b06-8e93-385f140a61a0,CODX,2026-08-14,0001692415,selected,0001493152-26-035553,8-K,"1.01,3.02,9.01",2026-07-31,form8-k.htm,8k_items:1.01+3.02
dc615043-181c-4b06-8e93-385f140a61a0,CODX,2026-08-14,0001692415,selected,0001493152-26-034837,8-K,"1.01,9.01",2026-07-27,form8-k.htm,8k_items:1.01
dc615043-181c-4b06-8e93-385f140a61a0,CODX,2026-08-14,0001692415,selected,0001493152-26-034835,424B5,,2026-07-27,form424b5.htm,offering
dc615043-181c-4b06-8e93-385f140a61a0,CODX,2026-08-14,0001692415,selected,0001493152-26-025630,S-3,,2026-05-28,forms-3.htm,shelf
dc615043-181c-4b06-8e93-385f140a61a0,CODX,2026-08-14,0001692415,selected,0001493152-26-022504,S-3,,2026-05-12,forms-3.htm,shelf
6ec71f74-2b3b-4e08-ac32-bfb928da7d27,PW,2026-08-14,0001532619,no_filings,,,,,,
4a825911-4d79-4f02-831a-60580313223c,IOTR,2026-08-14,0001997637,no_filings,,,,,,
afec5d17-ab2e-486f-8a67-b98f68a00a90,DFSC,2026-08-14,0001889823,selected,0001062993-26-003775,F-1,,2026-07-22,formf1.htm,shelf
afec5d17-ab2e-486f-8a67-b98f68a00a90,DFSC,2026-08-14,0001889823,selected,0001062993-26-003367,424B5,,2026-06-26,form424b5.htm,offering
2e8ba8b8-9823-47ab-ac22-ac5e225b2625,LNSR,2026-08-14,0001320350,no_filings,,,,,,
aadbff40-bba3-4d3a-acff-e49faf812121,GXAI,2026-08-14,0001895618,selected,0001213900-26-032409,424B5,,2026-03-20,ea0282684-424b5_gaxos.htm,offering
e58b8d7c-a696-47a0-9585-1fc9601fc6af,LEXX,2026-08-14,0001348362,selected,0001640334-26-001302,8-K,3.01,2026-08-10,lxrp_8k.htm,8k_items:3.01
e58b8d7c-a696-47a0-9585-1fc9601fc6af,LEXX,2026-08-14,0001348362,selected,0001640334-26-001258,8-K,"3.03,5.03,9.01",2026-07-30,lxrp_8k.htm,8k_items:3.03+5.03
c1eb79c4-9354-4484-a8de-320c15163ea6,PSQH,2026-08-14,0001847064,selected,0001104659-26-088966,8-K,"1.01,7.01,9.01",2026-07-31,tm2621695d1_8k.htm,8k_items:1.01
164db6cc-54d6-41ea-888c-6fb5b97b6626,HCTI,2026-08-14,0001839285,selected,0001213900-26-082514,8-K,"3.02,7.01,9.01",2026-07-29,ea0299551-8k_healthcare.htm,8k_items:3.02
164db6cc-54d6-41ea-888c-6fb5b97b6626,HCTI,2026-08-14,0001839285,selected,0001213900-26-078700,424B3,,2026-07-16,ea0298207-424b3_healthcare.htm,offering
164db6cc-54d6-41ea-888c-6fb5b97b6626,HCTI,2026-08-14,0001839285,selected,0001213900-26-077268,S-1,,2026-07-10,ea0297552-s1_healthcare.htm,shelf
164db6cc-54d6-41ea-888c-6fb5b97b6626,HCTI,2026-08-14,0001839285,selected,0001213900-26-075601,S-3,,2026-07-06,ea0297056-s3_healthcare.htm,shelf
164db6cc-54d6-41ea-888c-6fb5b97b6626,HCTI,2026-08-14,0001839285,selected,0001213900-26-037401,424B5,,2026-03-31,ea0284441-424b5_health.htm,offering
164db6cc-54d6-41ea-888c-6fb5b97b6626,HCTI,2026-08-14,0001839285,selected,0001213900-26-021235,424B5,,2026-02-27,f424b50226_healthcare.htm,offering
f611e7e4-c053-4af7-8b81-251bd2a4dbd5,AACG,2026-08-14,0001420529,no_filings,,,,,,
7375afd6-14a2-4486-8288-374675baee07,PRHI,2026-08-14,0001502292,no_filings,,,,,,
b3a0b67f-3a0d-40b8-9c08-94d0816488bc,INAB,2026-08-14,0001740279,selected,0001193125-26-249564,424B5,,2026-06-01,d18796d424b5.htm,offering
b3a0b67f-3a0d-40b8-9c08-94d0816488bc,INAB,2026-08-14,0001740279,selected,0001193125-26-229132,S-3/A,,2026-05-18,d147989ds3a.htm,shelf
29aea707-d582-47e1-85e1-0cb6e991ff93,FFAI,2026-08-14,0001805521,selected,0001213900-26-089124,8-K,"2.02,8.01,9.01",2026-08-13,ea0302056-8k_faraday.htm,8k_items:8.01
29aea707-d582-47e1-85e1-0cb6e991ff93,FFAI,2026-08-14,0001805521,selected,0001213900-26-088759,8-K,"5.07,8.01,9.01",2026-08-13,ea0301841-8k_faraday.htm,8k_items:8.01
29aea707-d582-47e1-85e1-0cb6e991ff93,FFAI,2026-08-14,0001805521,selected,0001213900-26-087005,8-K,"3.01,8.01,9.01",2026-08-10,ea0301305-8k_faraday.htm,8k_items:3.01+8.01
29aea707-d582-47e1-85e1-0cb6e991ff93,FFAI,2026-08-14,0001805521,selected,0001213900-26-085834,8-K,"8.01,9.01",2026-08-06,ea0300824-8k_faraday.htm,8k_items:8.01
29aea707-d582-47e1-85e1-0cb6e991ff93,FFAI,2026-08-14,0001805521,selected,0001213900-26-084934,8-K,"8.01,9.01",2026-08-04,ea0300482-8k_faraday.htm,8k_items:8.01
29aea707-d582-47e1-85e1-0cb6e991ff93,FFAI,2026-08-14,0001805521,selected,0001213900-26-084296,8-K,"8.01,9.01",2026-08-03,ea0300217-8k_faraday.htm,8k_items:8.01
31b57e02-370c-47cb-bc0d-8726d8ac6521,JAGX,2026-08-17,0001585608,selected,0001193125-26-316920,424B3,,2026-07-27,d117884d424b3.htm,offering
31b57e02-370c-47cb-bc0d-8726d8ac6521,JAGX,2026-08-17,0001585608,selected,0001193125-26-316918,424B3,,2026-07-27,d47881d424b3.htm,offering
31b57e02-370c-47cb-bc0d-8726d8ac6521,JAGX,2026-08-17,0001585608,selected,0001193125-26-315711,S-1/A,,2026-07-24,d47881ds1a.htm,shelf
31b57e02-370c-47cb-bc0d-8726d8ac6521,JAGX,2026-08-17,0001585608,selected,0001193125-26-304988,S-1,,2026-07-16,d47881ds1.htm,shelf
31b57e02-370c-47cb-bc0d-8726d8ac6521,JAGX,2026-08-17,0001585608,selected,0001193125-26-304985,S-1,,2026-07-16,d117884ds1.htm,shelf
706b4cc7-4a50-4d3d-beab-63aa561e3963,RKDA,2026-08-17,0001469443,selected,0001193125-26-340664,8-K,"3.01,9.01",2026-08-10,rkda-20260804.htm,8k_items:3.01
706b4cc7-4a50-4d3d-beab-63aa561e3963,RKDA,2026-08-17,0001469443,selected,0001193125-26-298841,424B3,,2026-07-09,rkda-424b3-2026-june.htm,offering
706b4cc7-4a50-4d3d-beab-63aa561e3963,RKDA,2026-08-17,0001469443,selected,0001193125-26-285578,S-3,,2026-06-26,rkda-20260626.htm,shelf
a20cd4eb-5853-4732-b4a4-6837be8961c9,NCT,2026-08-17,0002018529,selected,0001213900-26-089705,F-3,,2026-08-14,ea0296968-f3_intercont.htm,shelf
a20cd4eb-5853-4732-b4a4-6837be8961c9,NCT,2026-08-17,0002018529,selected,0001213900-26-075881,424B4,,2026-07-07,ea0291199-05.htm,offering
a20cd4eb-5853-4732-b4a4-6837be8961c9,NCT,2026-08-17,0002018529,selected,0001213900-26-069967,F-1/A,,2026-06-18,ea0291199-04.htm,shelf
a20cd4eb-5853-4732-b4a4-6837be8961c9,NCT,2026-08-17,0002018529,selected,0001213900-26-066161,F-1,,2026-06-08,ea0291199-03.htm,shelf
a20cd4eb-5853-4732-b4a4-6837be8961c9,NCT,2026-08-17,0002018529,selected,0001213900-26-040544,424B3,,2026-04-06,ea028468402-424b3_intercont.htm,offering
c936616f-5bef-41fe-ba6e-f60a38f7b933,SVRN,2026-08-17,0001869467,no_filings,,,,,,
c10890a0-1687-4d4e-b86b-c2788bf97521,CODX,2026-08-17,0001692415,selected,0001493152-26-035553,8-K,"1.01,3.02,9.01",2026-07-31,form8-k.htm,8k_items:1.01+3.02
c10890a0-1687-4d4e-b86b-c2788bf97521,CODX,2026-08-17,0001692415,selected,0001493152-26-034837,8-K,"1.01,9.01",2026-07-27,form8-k.htm,8k_items:1.01
c10890a0-1687-4d4e-b86b-c2788bf97521,CODX,2026-08-17,0001692415,selected,0001493152-26-034835,424B5,,2026-07-27,form424b5.htm,offering
c10890a0-1687-4d4e-b86b-c2788bf97521,CODX,2026-08-17,0001692415,selected,0001493152-26-025630,S-3,,2026-05-28,forms-3.htm,shelf
c10890a0-1687-4d4e-b86b-c2788bf97521,CODX,2026-08-17,0001692415,selected,0001493152-26-022504,S-3,,2026-05-12,forms-3.htm,shelf
cea72312-4bde-48c4-b7f1-6a815d68f2bb,IOTR,2026-08-17,0001997637,no_filings,,,,,,
9b61dbd6-521d-4ca6-86e7-940384251c82,CUPR,2026-08-17,0001995704,selected,0001493152-26-032280,F-1,,2026-07-07,formf-1.htm,shelf
f681cc46-c44e-42f0-aab9-ad2f78620291,HKIT,2026-08-17,0001742341,selected,0001213900-26-064589,424B5,,2026-06-03,ea0293322-424b5_hitek.htm,offering
f681cc46-c44e-42f0-aab9-ad2f78620291,HKIT,2026-08-17,0001742341,selected,0001213900-26-036372,424B5,,2026-03-30,ea0283951-424b5_hitek.htm,offering
f681cc46-c44e-42f0-aab9-ad2f78620291,HKIT,2026-08-17,0001742341,selected,0001213900-26-027662,424B5,,2026-03-13,ea0281563-424b5_hitek.htm,offering
d2442a23-4514-4e7a-aee3-85a72247a232,BNZI,2026-08-17,,no_cik,,,,,,
65ccca29-2d4f-4165-bdaa-db2886f8e556,SUGP,2026-08-17,0001969863,selected,0001753926-26-001031,424B3,,2026-06-22,g085773_424.htm,offering
65ccca29-2d4f-4165-bdaa-db2886f8e556,SUGP,2026-08-17,0001969863,selected,0001753926-26-001005,F-1,,2026-06-12,g085763_f1.htm,shelf
65ccca29-2d4f-4165-bdaa-db2886f8e556,SUGP,2026-08-17,0001969863,selected,0001753926-26-000819,424B3,,2026-05-12,g085728_424b3.htm,offering
f69f4422-2a9b-4043-a3f7-63e5bf721a5c,BJDX,2026-08-17,0001704287,selected,0001213900-26-072672,424B3,,2026-06-26,ea0296012-424b3_bluejay.htm,offering
f69f4422-2a9b-4043-a3f7-63e5bf721a5c,BJDX,2026-08-17,0001704287,selected,0001213900-26-069727,S-3,,2026-06-17,ea0294889-s3_bluejay.htm,shelf
7e7fb3a2-f8b2-4eb9-af8b-b186fa010da4,VMAR,2026-08-17,0001813783,no_filings,,,,,,
f20b6bbc-bf2f-4153-9b9e-f01dfc8acd37,ATPC,2026-08-17,0001713210,selected,0001493152-26-033881,S-1/A,,2026-07-20,forms-1a.htm,shelf
f20b6bbc-bf2f-4153-9b9e-f01dfc8acd37,ATPC,2026-08-17,0001713210,selected,0001493152-26-027669,S-1,,2026-06-08,forms-1.htm,shelf
b66112b5-cd07-42f3-b966-c139712e5982,PW,2026-08-17,0001532619,no_filings,,,,,,
ff16891e-018b-4e45-b64a-ea44de5b84f3,MASK,2026-08-17,0001993097,selected,0001185185-26-003135,F-1,,2026-07-27,maskf1072426.htm,shelf
ff16891e-018b-4e45-b64a-ea44de5b84f3,MASK,2026-08-17,0001993097,selected,0001185185-26-002956,F-1/A,,2026-07-14,maskf1a1071426.htm,shelf
ff16891e-018b-4e45-b64a-ea44de5b84f3,MASK,2026-08-17,0001993097,selected,0001185185-26-002646,F-1,,2026-06-25,maskf1062326.htm,shelf
ff16891e-018b-4e45-b64a-ea44de5b84f3,MASK,2026-08-17,0001993097,selected,0001185185-26-002628,F-1/A,,2026-06-24,maskf1a1062426.htm,shelf
ff16891e-018b-4e45-b64a-ea44de5b84f3,MASK,2026-08-17,0001993097,selected,0001185185-26-002325,F-1,,2026-06-03,maskf1060126.htm,shelf
af5ba5f3-1d03-4213-a2ae-23d95c4b39ce,YYAI,2026-08-17,0001674440,selected,0001493152-26-034704,8-K,"1.01,2.01,7.01,9.01",2026-07-27,form8-k.htm,8k_items:1.01
206493fe-7fd6-4bbc-8065-513872398929,WETO,2026-08-17,0001941158,selected,0001213900-26-075590,424B5,,2026-07-06,ea0297083-424b5_wetour.htm,offering
206493fe-7fd6-4bbc-8065-513872398929,WETO,2026-08-17,0001941158,selected,0001213900-26-057982,424B5,,2026-05-15,ea0290010-424b5_wetour.htm,offering
206493fe-7fd6-4bbc-8065-513872398929,WETO,2026-08-17,0001941158,selected,0001213900-26-050290,F-3,,2026-04-30,ea0288018-f3_wetour.htm,shelf
206493fe-7fd6-4bbc-8065-513872398929,WETO,2026-08-17,0001941158,selected,0001213900-26-029040,F-3,,2026-03-17,ea0278314-01.htm,shelf
4028e995-4e8a-44a0-bddf-4e3f1652eeb7,SXTC,2026-08-17,0001723980,selected,0001213900-26-081135,424B5,,2026-07-24,ea0299103-424b5_chinasxt.htm,offering
4028e995-4e8a-44a0-bddf-4e3f1652eeb7,SXTC,2026-08-17,0001723980,selected,0001213900-26-075977,F-3,,2026-07-07,ea0296874-f3_chinasxt.htm,shelf
4028e995-4e8a-44a0-bddf-4e3f1652eeb7,SXTC,2026-08-17,0001723980,selected,0001213900-26-063590,424B5,,2026-06-01,ea0292898-424b5_chinasxt.htm,offering
4028e995-4e8a-44a0-bddf-4e3f1652eeb7,SXTC,2026-08-17,0001723980,selected,0001213900-26-041766,424B5,,2026-04-09,ea0285552-424b5_chinasxt.htm,offering
771edf7c-0e97-44a4-a9c4-180f8e8dc16d,DFSC,2026-08-17,0001889823,selected,0001062993-26-003775,F-1,,2026-07-22,formf1.htm,shelf
771edf7c-0e97-44a4-a9c4-180f8e8dc16d,DFSC,2026-08-17,0001889823,selected,0001062993-26-003367,424B5,,2026-06-26,form424b5.htm,offering
cc1a0007-b0ea-4e1f-b6a2-eaf77515d1d3,HHS,2026-08-17,0000045919,no_filings,,,,,,
decbfe65-8aa1-455f-a01a-f9b8b475d73a,SST,2026-08-17,0001805833,selected,0001628280-26-052737,S-3,,2026-08-04,system1inc-formsx3july2026.htm,shelf
decbfe65-8aa1-455f-a01a-f9b8b475d73a,SST,2026-08-17,0001805833,selected,0001805833-26-000044,8-K,"3.03,5.02,5.03,5.07,8.01,9.01",2026-07-24,sst-20260722.htm,8k_items:3.03+5.03+8.01
5ae0b59c-424f-48d1-869a-49e7557e6619,TPCS,2026-08-17,0001328792,no_filings,,,,,,
bd49ba29-7bc1-4db6-b39c-d11e6484f151,JAGX,2026-08-17,0001585608,selected,0001193125-26-316920,424B3,,2026-07-27,d117884d424b3.htm,offering
bd49ba29-7bc1-4db6-b39c-d11e6484f151,JAGX,2026-08-17,0001585608,selected,0001193125-26-316918,424B3,,2026-07-27,d47881d424b3.htm,offering
bd49ba29-7bc1-4db6-b39c-d11e6484f151,JAGX,2026-08-17,0001585608,selected,0001193125-26-315711,S-1/A,,2026-07-24,d47881ds1a.htm,shelf
bd49ba29-7bc1-4db6-b39c-d11e6484f151,JAGX,2026-08-17,0001585608,selected,0001193125-26-304988,S-1,,2026-07-16,d47881ds1.htm,shelf
bd49ba29-7bc1-4db6-b39c-d11e6484f151,JAGX,2026-08-17,0001585608,selected,0001193125-26-304985,S-1,,2026-07-16,d117884ds1.htm,shelf
ed488421-b06d-4f3c-9f1d-567ed22c67bb,SPAI,2026-08-17,0002011208,no_filings,,,,,,
90f8d58e-9b00-4bb3-86eb-e6191f4bbf4a,VWAV,2026-08-17,0002038439,selected,0001731122-26-001032,8-K,"1.01,3.02,9.01",2026-08-10,e7839_8k.htm,8k_items:1.01+3.02
90f8d58e-9b00-4bb3-86eb-e6191f4bbf4a,VWAV,2026-08-17,0002038439,selected,0001731122-26-001022,8-K,"7.01,8.01,9.01",2026-08-05,e7830_8-k.htm,8k_items:8.01
90f8d58e-9b00-4bb3-86eb-e6191f4bbf4a,VWAV,2026-08-17,0002038439,selected,0001731122-26-001005,S-3,,2026-08-03,e7818_s3.htm,shelf
90f8d58e-9b00-4bb3-86eb-e6191f4bbf4a,VWAV,2026-08-17,0002038439,selected,0001731122-26-000987,8-K,"1.01,9.01",2026-07-30,e7812_8-k.htm,8k_items:1.01
90f8d58e-9b00-4bb3-86eb-e6191f4bbf4a,VWAV,2026-08-17,0002038439,selected,0001731122-26-000974,8-K,8.01,2026-07-24,e7799_8-k.htm,8k_items:8.01
90f8d58e-9b00-4bb3-86eb-e6191f4bbf4a,VWAV,2026-08-17,0002038439,selected,0001731122-26-000969,424B3,,2026-07-23,e7802_424b3.htm,offering
cb48ce9c-a248-46c1-87b0-18dd7b1c9298,NCT,2026-08-18,0002018529,selected,0001213900-26-089705,F-3,,2026-08-14,ea0296968-f3_intercont.htm,shelf
cb48ce9c-a248-46c1-87b0-18dd7b1c9298,NCT,2026-08-18,0002018529,selected,0001213900-26-075881,424B4,,2026-07-07,ea0291199-05.htm,offering
cb48ce9c-a248-46c1-87b0-18dd7b1c9298,NCT,2026-08-18,0002018529,selected,0001213900-26-069967,F-1/A,,2026-06-18,ea0291199-04.htm,shelf
cb48ce9c-a248-46c1-87b0-18dd7b1c9298,NCT,2026-08-18,0002018529,selected,0001213900-26-066161,F-1,,2026-06-08,ea0291199-03.htm,shelf
cb48ce9c-a248-46c1-87b0-18dd7b1c9298,NCT,2026-08-18,0002018529,selected,0001213900-26-040544,424B3,,2026-04-06,ea028468402-424b3_intercont.htm,offering
670e5e72-72d5-4607-b98d-6c402d4b1972,VMAR,2026-08-18,0001813783,no_filings,,,,,,
76618d85-65aa-4c3f-b2b8-07d8a2c514e7,JAGX,2026-08-18,0001585608,selected,0001193125-26-316920,424B3,,2026-07-27,d117884d424b3.htm,offering
76618d85-65aa-4c3f-b2b8-07d8a2c514e7,JAGX,2026-08-18,0001585608,selected,0001193125-26-316918,424B3,,2026-07-27,d47881d424b3.htm,offering
76618d85-65aa-4c3f-b2b8-07d8a2c514e7,JAGX,2026-08-18,0001585608,selected,0001193125-26-315711,S-1/A,,2026-07-24,d47881ds1a.htm,shelf
76618d85-65aa-4c3f-b2b8-07d8a2c514e7,JAGX,2026-08-18,0001585608,selected,0001193125-26-304988,S-1,,2026-07-16,d47881ds1.htm,shelf
76618d85-65aa-4c3f-b2b8-07d8a2c514e7,JAGX,2026-08-18,0001585608,selected,0001193125-26-304985,S-1,,2026-07-16,d117884ds1.htm,shelf
96cb6dab-681f-4a4c-b5b4-cc1a26d74a43,MASK,2026-08-18,0001993097,selected,0001185185-26-003135,F-1,,2026-07-27,maskf1072426.htm,shelf
96cb6dab-681f-4a4c-b5b4-cc1a26d74a43,MASK,2026-08-18,0001993097,selected,0001185185-26-002956,F-1/A,,2026-07-14,maskf1a1071426.htm,shelf
96cb6dab-681f-4a4c-b5b4-cc1a26d74a43,MASK,2026-08-18,0001993097,selected,0001185185-26-002646,F-1,,2026-06-25,maskf1062326.htm,shelf
96cb6dab-681f-4a4c-b5b4-cc1a26d74a43,MASK,2026-08-18,0001993097,selected,0001185185-26-002628,F-1/A,,2026-06-24,maskf1a1062426.htm,shelf
96cb6dab-681f-4a4c-b5b4-cc1a26d74a43,MASK,2026-08-18,0001993097,selected,0001185185-26-002325,F-1,,2026-06-03,maskf1060126.htm,shelf
c451c37c-489a-4931-b305-3f3af7bbd022,SVRN,2026-08-18,0001869467,no_filings,,,,,,
810be973-3ca4-4ec3-8c18-f79f365c1f56,BJDX,2026-08-18,0001704287,selected,0001213900-26-072672,424B3,,2026-06-26,ea0296012-424b3_bluejay.htm,offering
810be973-3ca4-4ec3-8c18-f79f365c1f56,BJDX,2026-08-18,0001704287,selected,0001213900-26-069727,S-3,,2026-06-17,ea0294889-s3_bluejay.htm,shelf
af816cf4-4744-4f94-abf4-5c39ed1ffde6,CUPR,2026-08-18,0001995704,selected,0001493152-26-032280,F-1,,2026-07-07,formf-1.htm,shelf
e9c3330d-2963-43ab-8a8b-6c17aa2c4fcc,CODX,2026-08-18,0001692415,selected,0001493152-26-035553,8-K,"1.01,3.02,9.01",2026-07-31,form8-k.htm,8k_items:1.01+3.02
e9c3330d-2963-43ab-8a8b-6c17aa2c4fcc,CODX,2026-08-18,0001692415,selected,0001493152-26-034837,8-K,"1.01,9.01",2026-07-27,form8-k.htm,8k_items:1.01
e9c3330d-2963-43ab-8a8b-6c17aa2c4fcc,CODX,2026-08-18,0001692415,selected,0001493152-26-034835,424B5,,2026-07-27,form424b5.htm,offering
e9c3330d-2963-43ab-8a8b-6c17aa2c4fcc,CODX,2026-08-18,0001692415,selected,0001493152-26-025630,S-3,,2026-05-28,forms-3.htm,shelf
e9c3330d-2963-43ab-8a8b-6c17aa2c4fcc,CODX,2026-08-18,0001692415,selected,0001493152-26-022504,S-3,,2026-05-12,forms-3.htm,shelf
8f392a7a-cf49-43e4-9f1a-b59a3678770c,HKIT,2026-08-18,0001742341,selected,0001213900-26-064589,424B5,,2026-06-03,ea0293322-424b5_hitek.htm,offering
8f392a7a-cf49-43e4-9f1a-b59a3678770c,HKIT,2026-08-18,0001742341,selected,0001213900-26-036372,424B5,,2026-03-30,ea0283951-424b5_hitek.htm,offering
8f392a7a-cf49-43e4-9f1a-b59a3678770c,HKIT,2026-08-18,0001742341,selected,0001213900-26-027662,424B5,,2026-03-13,ea0281563-424b5_hitek.htm,offering
4f27b9a4-2783-4f2b-b659-290261a36aaa,PW,2026-08-18,0001532619,no_filings,,,,,,
0454c05f-b985-48ed-83a0-ae0d8d230cc2,BNZI,2026-08-18,,no_cik,,,,,,
a6168c57-3008-48d0-b565-814f88ebf9ad,ATPC,2026-08-18,0001713210,selected,0001493152-26-033881,S-1/A,,2026-07-20,forms-1a.htm,shelf
a6168c57-3008-48d0-b565-814f88ebf9ad,ATPC,2026-08-18,0001713210,selected,0001493152-26-027669,S-1,,2026-06-08,forms-1.htm,shelf
b61dad45-36ae-4b1d-8fab-fea5060b81ed,SUGP,2026-08-18,0001969863,selected,0001753926-26-001031,424B3,,2026-06-22,g085773_424.htm,offering
b61dad45-36ae-4b1d-8fab-fea5060b81ed,SUGP,2026-08-18,0001969863,selected,0001753926-26-001005,F-1,,2026-06-12,g085763_f1.htm,shelf
b61dad45-36ae-4b1d-8fab-fea5060b81ed,SUGP,2026-08-18,0001969863,selected,0001753926-26-000819,424B3,,2026-05-12,g085728_424b3.htm,offering
8a18c0b4-2f70-4f40-a760-d99e05aaff34,IOTR,2026-08-18,0001997637,no_filings,,,,,,
7430d4bb-26c0-4d52-a8fb-ea90e306b4f0,IPST,2026-08-18,0001788230,selected,0001493152-26-026907,S-3,,2026-06-02,forms-3.htm,shelf
fc20ad84-1db1-4347-8a49-46f5f54d3c98,IVF,2026-08-18,0001417926,selected,0001493152-26-036567,424B3,,2026-08-07,form424b3.htm,offering
fc20ad84-1db1-4347-8a49-46f5f54d3c98,IVF,2026-08-18,0001417926,selected,0001493152-26-034621,S-1,,2026-07-24,forms-1.htm,shelf
fc20ad84-1db1-4347-8a49-46f5f54d3c98,IVF,2026-08-18,0001417926,selected,0001493152-26-034616,8-K,"1.01,3.02,5.03,5.07,9.01",2026-07-24,form8-k.htm,8k_items:1.01+3.02+5.03
599ac8e1-fa5e-467c-866e-74fb091569a8,TRUG,2026-08-18,0001857086,selected,0001493152-26-038904,8-K,"1.01,3.02,8.01,9.01",2026-08-18,form8-k.htm,8k_items:1.01+3.02+8.01
ab551cc7-b9da-4c3c-9e63-f9dd879455c4,WFF,2026-08-18,0001980210,selected,0001213900-26-083640,424B5,,2026-07-31,ea0299868-424b5_wfholding.htm,offering
ab551cc7-b9da-4c3c-9e63-f9dd879455c4,WFF,2026-08-18,0001980210,selected,0001213900-26-063548,F-3,,2026-06-01,ea0292671-f3_wfholding.htm,shelf
0ef55472-ec27-4162-a03b-5c7de50f6216,CDTG,2026-08-18,0001793895,selected,0001731122-26-000591,424B3,,2026-04-17,e7431_424b3.htm,offering
0ef55472-ec27-4162-a03b-5c7de50f6216,CDTG,2026-08-18,0001793895,selected,0001731122-26-000330,F-1,,2026-03-04,e7383_f-1.htm,shelf
ac019205-4cd8-4441-9a38-bb523f77cd65,PFSA,2026-08-18,0001859807,selected,0001213900-26-089362,8-K,"3.03,5.03,8.01,9.01",2026-08-14,ea030148402-8k_profusa.htm,8k_items:3.03+5.03+8.01
ac019205-4cd8-4441-9a38-bb523f77cd65,PFSA,2026-08-18,0001859807,selected,0001213900-26-084064,8-K,"1.01,3.02,5.03,7.01,8.01,9.01",2026-07-31,ea0300017-8k_profusa.htm,8k_items:1.01+3.02+5.03+8.01
ac019205-4cd8-4441-9a38-bb523f77cd65,PFSA,2026-08-18,0001859807,selected,0001213900-26-081560,8-K,"5.02,7.01,8.01,9.01",2026-07-27,ea0298832-8k_profusa.htm,8k_items:8.01
ac019205-4cd8-4441-9a38-bb523f77cd65,PFSA,2026-08-18,0001859807,selected,0001213900-26-075771,424B3,,2026-07-07,ea029714405-424b3_profusa.htm,offering
ac019205-4cd8-4441-9a38-bb523f77cd65,PFSA,2026-08-18,0001859807,selected,0001213900-26-075770,424B3,,2026-07-07,ea029714404-424b3_profusa.htm,offering
ac019205-4cd8-4441-9a38-bb523f77cd65,PFSA,2026-08-18,0001859807,selected,0001213900-26-075768,424B3,,2026-07-07,ea029714403-424b3_profusa.htm,offering
629444ef-9ce2-4bd0-ba82-61c80afa7f83,RETO,2026-08-18,0001687277,selected,0001213900-26-086731,424B5,,2026-08-07,ea0300676-424b5_reto.htm,offering
629444ef-9ce2-4bd0-ba82-61c80afa7f83,RETO,2026-08-18,0001687277,selected,0001213900-26-075775,F-3/A,,2026-07-07,ea0297237-f3a1_reto.htm,shelf
629444ef-9ce2-4bd0-ba82-61c80afa7f83,RETO,2026-08-18,0001687277,selected,0001213900-26-071764,F-3,,2026-06-25,ea0292924-f3_reto.htm,shelf
c3e895a9-97a6-48ba-bf77-e98234d6caea,SLE,2026-08-18,0001621672,selected,0001437749-26-028267,8-K,"1.01,3.02,8.01,9.01",2026-08-18,slgg20260818_8k.htm,8k_items:1.01+3.02+8.01
c3e895a9-97a6-48ba-bf77-e98234d6caea,SLE,2026-08-18,0001621672,selected,0001437749-26-026444,S-3/A,,2026-08-07,slgg20260804_s3a.htm,shelf
c3e895a9-97a6-48ba-bf77-e98234d6caea,SLE,2026-08-18,0001621672,selected,0001437749-26-025731,8-K,"1.01,9.01",2026-08-04,slgg20260804_8k.htm,8k_items:1.01
c3e895a9-97a6-48ba-bf77-e98234d6caea,SLE,2026-08-18,0001621672,selected,0001437749-26-020503,S-3,,2026-06-12,slgg20260611_s3.htm,shelf
19a2232a-7669-4943-ab53-e443bfb1c682,AEI,2026-08-18,0001750106,no_filings,,,,,,
e4d5bfc4-8476-46a7-bfe7-1b9dc4ff07b4,ACXP,2026-08-18,0001736243,selected,0001104659-26-059298,424B3,,2026-05-12,tm2611792d5_424b3.htm,offering
e4d5bfc4-8476-46a7-bfe7-1b9dc4ff07b4,ACXP,2026-08-18,0001736243,selected,0001104659-26-059296,424B3,,2026-05-12,tm2611792d6_424b3.htm,offering
e4d5bfc4-8476-46a7-bfe7-1b9dc4ff07b4,ACXP,2026-08-18,0001736243,selected,0001104659-26-054887,S-1,,2026-05-04,tm2611792d1_s1.htm,shelf
e4d5bfc4-8476-46a7-bfe7-1b9dc4ff07b4,ACXP,2026-08-18,0001736243,selected,0001104659-26-054884,S-1,,2026-05-04,tm2611792d2_s1.htm,shelf
e4d5bfc4-8476-46a7-bfe7-1b9dc4ff07b4,ACXP,2026-08-18,0001736243,selected,0001104659-26-044092,424B5,,2026-04-16,tm2611961d1_424b5.htm,offering
5ae97a02-5e1c-49b9-96f7-a620534d9333,SUGP,2026-08-19,0001969863,selected,0001753926-26-001031,424B3,,2026-06-22,g085773_424.htm,offering
5ae97a02-5e1c-49b9-96f7-a620534d9333,SUGP,2026-08-19,0001969863,selected,0001753926-26-001005,F-1,,2026-06-12,g085763_f1.htm,shelf
5ae97a02-5e1c-49b9-96f7-a620534d9333,SUGP,2026-08-19,0001969863,selected,0001753926-26-000819,424B3,,2026-05-12,g085728_424b3.htm,offering
e07343c3-35b8-49ad-be08-c3773b9258a2,JAGX,2026-08-19,0001585608,selected,0001193125-26-316920,424B3,,2026-07-27,d117884d424b3.htm,offering
e07343c3-35b8-49ad-be08-c3773b9258a2,JAGX,2026-08-19,0001585608,selected,0001193125-26-316918,424B3,,2026-07-27,d47881d424b3.htm,offering
e07343c3-35b8-49ad-be08-c3773b9258a2,JAGX,2026-08-19,0001585608,selected,0001193125-26-315711,S-1/A,,2026-07-24,d47881ds1a.htm,shelf
e07343c3-35b8-49ad-be08-c3773b9258a2,JAGX,2026-08-19,0001585608,selected,0001193125-26-304988,S-1,,2026-07-16,d47881ds1.htm,shelf
e07343c3-35b8-49ad-be08-c3773b9258a2,JAGX,2026-08-19,0001585608,selected,0001193125-26-304985,S-1,,2026-07-16,d117884ds1.htm,shelf
99cbc654-73c9-46ed-b41c-0fe287b8896b,NCT,2026-08-19,0002018529,selected,0001213900-26-089705,F-3,,2026-08-14,ea0296968-f3_intercont.htm,shelf
99cbc654-73c9-46ed-b41c-0fe287b8896b,NCT,2026-08-19,0002018529,selected,0001213900-26-075881,424B4,,2026-07-07,ea0291199-05.htm,offering
99cbc654-73c9-46ed-b41c-0fe287b8896b,NCT,2026-08-19,0002018529,selected,0001213900-26-069967,F-1/A,,2026-06-18,ea0291199-04.htm,shelf
99cbc654-73c9-46ed-b41c-0fe287b8896b,NCT,2026-08-19,0002018529,selected,0001213900-26-066161,F-1,,2026-06-08,ea0291199-03.htm,shelf
99cbc654-73c9-46ed-b41c-0fe287b8896b,NCT,2026-08-19,0002018529,selected,0001213900-26-040544,424B3,,2026-04-06,ea028468402-424b3_intercont.htm,offering
ed987857-6fad-4758-80be-aa0afd1757dd,IOTR,2026-08-19,0001997637,no_filings,,,,,,
0967d7c9-f5bc-45e8-abf1-fd2e7d7460cd,BJDX,2026-08-19,0001704287,selected,0001213900-26-072672,424B3,,2026-06-26,ea0296012-424b3_bluejay.htm,offering
0967d7c9-f5bc-45e8-abf1-fd2e7d7460cd,BJDX,2026-08-19,0001704287,selected,0001213900-26-069727,S-3,,2026-06-17,ea0294889-s3_bluejay.htm,shelf
eb98d3b3-d6c7-4fe1-b2b6-547d91825a8b,CODX,2026-08-19,0001692415,selected,0001493152-26-035553,8-K,"1.01,3.02,9.01",2026-07-31,form8-k.htm,8k_items:1.01+3.02
eb98d3b3-d6c7-4fe1-b2b6-547d91825a8b,CODX,2026-08-19,0001692415,selected,0001493152-26-034837,8-K,"1.01,9.01",2026-07-27,form8-k.htm,8k_items:1.01
eb98d3b3-d6c7-4fe1-b2b6-547d91825a8b,CODX,2026-08-19,0001692415,selected,0001493152-26-034835,424B5,,2026-07-27,form424b5.htm,offering
eb98d3b3-d6c7-4fe1-b2b6-547d91825a8b,CODX,2026-08-19,0001692415,selected,0001493152-26-025630,S-3,,2026-05-28,forms-3.htm,shelf
eb98d3b3-d6c7-4fe1-b2b6-547d91825a8b,CODX,2026-08-19,0001692415,selected,0001493152-26-022504,S-3,,2026-05-12,forms-3.htm,shelf
2837464e-a442-45f5-82a5-668b63a2a62a,MASK,2026-08-19,0001993097,selected,0001185185-26-003599,F-1/A,,2026-08-18,maskf1a1081726.htm,shelf
2837464e-a442-45f5-82a5-668b63a2a62a,MASK,2026-08-19,0001993097,selected,0001185185-26-003135,F-1,,2026-07-27,maskf1072426.htm,shelf
2837464e-a442-45f5-82a5-668b63a2a62a,MASK,2026-08-19,0001993097,selected,0001185185-26-002956,F-1/A,,2026-07-14,maskf1a1071426.htm,shelf
2837464e-a442-45f5-82a5-668b63a2a62a,MASK,2026-08-19,0001993097,selected,0001185185-26-002646,F-1,,2026-06-25,maskf1062326.htm,shelf
2837464e-a442-45f5-82a5-668b63a2a62a,MASK,2026-08-19,0001993097,selected,0001185185-26-002628,F-1/A,,2026-06-24,maskf1a1062426.htm,shelf
2837464e-a442-45f5-82a5-668b63a2a62a,MASK,2026-08-19,0001993097,selected,0001185185-26-002325,F-1,,2026-06-03,maskf1060126.htm,shelf
18303c10-4bba-4c10-9fa5-f3c2921b1d86,PW,2026-08-19,0001532619,no_filings,,,,,,
70718082-7d73-4e6c-8fec-78390e656a1b,ATPC,2026-08-19,0001713210,selected,0001493152-26-033881,S-1/A,,2026-07-20,forms-1a.htm,shelf
70718082-7d73-4e6c-8fec-78390e656a1b,ATPC,2026-08-19,0001713210,selected,0001493152-26-027669,S-1,,2026-06-08,forms-1.htm,shelf
8862b443-cae2-46de-8109-940f7dcc353c,HKIT,2026-08-19,0001742341,selected,0001213900-26-064589,424B5,,2026-06-03,ea0293322-424b5_hitek.htm,offering
8862b443-cae2-46de-8109-940f7dcc353c,HKIT,2026-08-19,0001742341,selected,0001213900-26-036372,424B5,,2026-03-30,ea0283951-424b5_hitek.htm,offering
8862b443-cae2-46de-8109-940f7dcc353c,HKIT,2026-08-19,0001742341,selected,0001213900-26-027662,424B5,,2026-03-13,ea0281563-424b5_hitek.htm,offering
b6705298-ebfe-429f-ad3e-05c7796916f2,VMAR,2026-08-19,0001813783,no_filings,,,,,,
17ec4e64-a13b-4cfb-9a38-c37c007985be,SVRN,2026-08-19,0001869467,no_filings,,,,,,
872bef70-8e05-4b10-bff0-fe2d96334bce,CUPR,2026-08-19,0001995704,selected,0001493152-26-032280,F-1,,2026-07-07,formf-1.htm,shelf
87c6a9b7-c927-4b9a-9f6a-65eaf97e217f,BNZI,2026-08-19,,no_cik,,,,,,
fddc392b-fea6-424d-8f70-8b0e573c8401,SLE,2026-08-19,0001621672,selected,0001437749-26-028348,8-K,"1.01,9.01",2026-08-18,slgg20260818c_8k.htm,8k_items:1.01
fddc392b-fea6-424d-8f70-8b0e573c8401,SLE,2026-08-19,0001621672,selected,0001437749-26-028345,424B5,,2026-08-18,slgg20260818_424b5.htm,offering
fddc392b-fea6-424d-8f70-8b0e573c8401,SLE,2026-08-19,0001621672,selected,0001437749-26-028267,8-K,"1.01,3.02,8.01,9.01",2026-08-18,slgg20260818_8k.htm,8k_items:1.01+3.02+8.01
fddc392b-fea6-424d-8f70-8b0e573c8401,SLE,2026-08-19,0001621672,selected,0001437749-26-026444,S-3/A,,2026-08-07,slgg20260804_s3a.htm,shelf
fddc392b-fea6-424d-8f70-8b0e573c8401,SLE,2026-08-19,0001621672,selected,0001437749-26-025731,8-K,"1.01,9.01",2026-08-04,slgg20260804_8k.htm,8k_items:1.01
fddc392b-fea6-424d-8f70-8b0e573c8401,SLE,2026-08-19,0001621672,selected,0001437749-26-020503,S-3,,2026-06-12,slgg20260611_s3.htm,shelf
dd0d7f31-dc1f-4b57-9759-2f109a3b3577,GNLN,2026-08-19,0001743745,no_filings,,,,,,
25c5f527-0f1f-4b35-84ae-d2acb933480e,SXTC,2026-08-19,0001723980,selected,0001213900-26-081135,424B5,,2026-07-24,ea0299103-424b5_chinasxt.htm,offering
25c5f527-0f1f-4b35-84ae-d2acb933480e,SXTC,2026-08-19,0001723980,selected,0001213900-26-075977,F-3,,2026-07-07,ea0296874-f3_chinasxt.htm,shelf
25c5f527-0f1f-4b35-84ae-d2acb933480e,SXTC,2026-08-19,0001723980,selected,0001213900-26-063590,424B5,,2026-06-01,ea0292898-424b5_chinasxt.htm,offering
25c5f527-0f1f-4b35-84ae-d2acb933480e,SXTC,2026-08-19,0001723980,selected,0001213900-26-041766,424B5,,2026-04-09,ea0285552-424b5_chinasxt.htm,offering
aa859629-c424-493a-8840-1b76043a448c,EJH,2026-08-19,0001769768,no_filings,,,,,,
85bda270-9330-4662-b6cd-be12719b1c26,XOS,2026-08-19,0001819493,selected,0001213900-26-070815,424B5,,2026-06-23,ea0295358-424b5_xos.htm,offering
85bda270-9330-4662-b6cd-be12719b1c26,XOS,2026-08-19,0001819493,selected,0001213900-26-065915,S-3,,2026-06-05,ea0293522-s3_xos.htm,shelf
85bda270-9330-4662-b6cd-be12719b1c26,XOS,2026-08-19,0001819493,selected,0001213900-26-065862,424B5,,2026-06-05,ea0293694-424b5_xos.htm,offering
85bda270-9330-4662-b6cd-be12719b1c26,XOS,2026-08-19,0001819493,selected,0001213900-26-065503,424B5,,2026-06-05,ea0252793-02.htm,offering
119e5d34-be25-44f5-81ec-a47ad5d7026e,YYAI,2026-08-19,0001674440,selected,0001493152-26-034704,8-K,"1.01,2.01,7.01,9.01",2026-07-27,form8-k.htm,8k_items:1.01
0d8efe54-4f1b-4b3c-bc7e-a9498e5d9ef4,PBM,2026-08-19,0001985062,no_filings,,,,,,
f1bafa99-a304-489b-bbed-165a9c0b7d02,AEI,2026-08-19,0001750106,no_filings,,,,,,
e42271d7-7faf-4a21-9aaf-1de1e05084b5,AIXC,2026-08-19,0001460702,selected,0001493152-26-039049,S-1/A,,2026-08-18,forms-1a.htm,shelf
e42271d7-7faf-4a21-9aaf-1de1e05084b5,AIXC,2026-08-19,0001460702,selected,0001493152-26-035628,8-K,"1.01,9.01",2026-07-31,form8-k.htm,8k_items:1.01
e42271d7-7faf-4a21-9aaf-1de1e05084b5,AIXC,2026-08-19,0001460702,selected,0001493152-26-034816,S-1,,2026-07-27,forms-1.htm,shelf
4063e00a-6667-448b-8023-b12f760708b8,CAST,2026-08-19,0001633369,selected,0001213900-26-080643,424B3,,2026-07-23,ea0298817-424b3_freecast.htm,offering
4063e00a-6667-448b-8023-b12f760708b8,CAST,2026-08-19,0001633369,selected,0001213900-26-079417,S-1/A,,2026-07-20,ea0298484-s1a1_freecast.htm,shelf
4063e00a-6667-448b-8023-b12f760708b8,CAST,2026-08-19,0001633369,selected,0001213900-26-078459,S-1,,2026-07-16,ea0298077-s1_freecast.htm,shelf
4063e00a-6667-448b-8023-b12f760708b8,CAST,2026-08-19,0001633369,selected,0001213900-26-045218,S-1,,2026-04-17,ea0286383-s1_freecast.htm,shelf
4063e00a-6667-448b-8023-b12f760708b8,CAST,2026-08-19,0001633369,selected,0001213900-26-024958,FWP,,2026-03-09,ea028054402-fwp_freecast.htm,offering
4063e00a-6667-448b-8023-b12f760708b8,CAST,2026-08-19,0001633369,selected,0001213900-26-024954,FWP,,2026-03-09,ea028054403-fwp_freecast.htm,offering
c43c89b5-6939-4b5b-8ca1-dc7fdc16b6c8,SUGP,2026-08-20,0001969863,selected,0001753926-26-001031,424B3,,2026-06-22,g085773_424.htm,offering
c43c89b5-6939-4b5b-8ca1-dc7fdc16b6c8,SUGP,2026-08-20,0001969863,selected,0001753926-26-001005,F-1,,2026-06-12,g085763_f1.htm,shelf
c43c89b5-6939-4b5b-8ca1-dc7fdc16b6c8,SUGP,2026-08-20,0001969863,selected,0001753926-26-000819,424B3,,2026-05-12,g085728_424b3.htm,offering
6074a541-5ffb-4a1d-8047-39de59d20f3b,CODX,2026-08-20,0001692415,selected,0001493152-26-035553,8-K,"1.01,3.02,9.01",2026-07-31,form8-k.htm,8k_items:1.01+3.02
6074a541-5ffb-4a1d-8047-39de59d20f3b,CODX,2026-08-20,0001692415,selected,0001493152-26-034837,8-K,"1.01,9.01",2026-07-27,form8-k.htm,8k_items:1.01
6074a541-5ffb-4a1d-8047-39de59d20f3b,CODX,2026-08-20,0001692415,selected,0001493152-26-034835,424B5,,2026-07-27,form424b5.htm,offering
6074a541-5ffb-4a1d-8047-39de59d20f3b,CODX,2026-08-20,0001692415,selected,0001493152-26-025630,S-3,,2026-05-28,forms-3.htm,shelf
6074a541-5ffb-4a1d-8047-39de59d20f3b,CODX,2026-08-20,0001692415,selected,0001493152-26-022504,S-3,,2026-05-12,forms-3.htm,shelf
1fd7fdc1-9432-4618-99cd-b2a1a9c41dad,JAGX,2026-08-20,0001585608,selected,0001193125-26-316920,424B3,,2026-07-27,d117884d424b3.htm,offering
1fd7fdc1-9432-4618-99cd-b2a1a9c41dad,JAGX,2026-08-20,0001585608,selected,0001193125-26-316918,424B3,,2026-07-27,d47881d424b3.htm,offering
1fd7fdc1-9432-4618-99cd-b2a1a9c41dad,JAGX,2026-08-20,0001585608,selected,0001193125-26-315711,S-1/A,,2026-07-24,d47881ds1a.htm,shelf
1fd7fdc1-9432-4618-99cd-b2a1a9c41dad,JAGX,2026-08-20,0001585608,selected,0001193125-26-304988,S-1,,2026-07-16,d47881ds1.htm,shelf
1fd7fdc1-9432-4618-99cd-b2a1a9c41dad,JAGX,2026-08-20,0001585608,selected,0001193125-26-304985,S-1,,2026-07-16,d117884ds1.htm,shelf
965dab88-0095-422b-bfd4-100d8e5085a8,HKIT,2026-08-20,0001742341,selected,0001213900-26-064589,424B5,,2026-06-03,ea0293322-424b5_hitek.htm,offering
965dab88-0095-422b-bfd4-100d8e5085a8,HKIT,2026-08-20,0001742341,selected,0001213900-26-036372,424B5,,2026-03-30,ea0283951-424b5_hitek.htm,offering
965dab88-0095-422b-bfd4-100d8e5085a8,HKIT,2026-08-20,0001742341,selected,0001213900-26-027662,424B5,,2026-03-13,ea0281563-424b5_hitek.htm,offering
2964854a-2e04-4c6e-87d6-9181247a2963,MASK,2026-08-20,0001993097,selected,0001185185-26-003599,F-1/A,,2026-08-18,maskf1a1081726.htm,shelf
2964854a-2e04-4c6e-87d6-9181247a2963,MASK,2026-08-20,0001993097,selected,0001185185-26-003135,F-1,,2026-07-27,maskf1072426.htm,shelf
2964854a-2e04-4c6e-87d6-9181247a2963,MASK,2026-08-20,0001993097,selected,0001185185-26-002956,F-1/A,,2026-07-14,maskf1a1071426.htm,shelf
2964854a-2e04-4c6e-87d6-9181247a2963,MASK,2026-08-20,0001993097,selected,0001185185-26-002646,F-1,,2026-06-25,maskf1062326.htm,shelf
2964854a-2e04-4c6e-87d6-9181247a2963,MASK,2026-08-20,0001993097,selected,0001185185-26-002628,F-1/A,,2026-06-24,maskf1a1062426.htm,shelf
2964854a-2e04-4c6e-87d6-9181247a2963,MASK,2026-08-20,0001993097,selected,0001185185-26-002325,F-1,,2026-06-03,maskf1060126.htm,shelf
5cc0ca1a-4173-47d2-9beb-defe8b70a84e,IOTR,2026-08-20,0001997637,no_filings,,,,,,
effd2f9b-1a90-4e32-899d-722af6c9e746,NCT,2026-08-20,0002018529,selected,0001213900-26-089705,F-3,,2026-08-14,ea0296968-f3_intercont.htm,shelf
effd2f9b-1a90-4e32-899d-722af6c9e746,NCT,2026-08-20,0002018529,selected,0001213900-26-075881,424B4,,2026-07-07,ea0291199-05.htm,offering
effd2f9b-1a90-4e32-899d-722af6c9e746,NCT,2026-08-20,0002018529,selected,0001213900-26-069967,F-1/A,,2026-06-18,ea0291199-04.htm,shelf
effd2f9b-1a90-4e32-899d-722af6c9e746,NCT,2026-08-20,0002018529,selected,0001213900-26-066161,F-1,,2026-06-08,ea0291199-03.htm,shelf
effd2f9b-1a90-4e32-899d-722af6c9e746,NCT,2026-08-20,0002018529,selected,0001213900-26-040544,424B3,,2026-04-06,ea028468402-424b3_intercont.htm,offering
39878672-bb3f-4354-a678-27001f33e298,VMAR,2026-08-20,0001813783,no_filings,,,,,,
aa78314a-c661-4f2b-aaf1-7d07ee8111ab,PW,2026-08-20,0001532619,no_filings,,,,,,
9db405e6-6e28-432a-a0f8-322e5c590296,SVRN,2026-08-20,0001869467,no_filings,,,,,,
bbf95f53-0a15-469d-88f2-7c1266f80c29,ATPC,2026-08-20,0001713210,selected,0001493152-26-033881,S-1/A,,2026-07-20,forms-1a.htm,shelf
bbf95f53-0a15-469d-88f2-7c1266f80c29,ATPC,2026-08-20,0001713210,selected,0001493152-26-027669,S-1,,2026-06-08,forms-1.htm,shelf
8a67c801-3856-4fc9-9652-2d2fa65f1e3d,CUPR,2026-08-20,0001995704,selected,0001493152-26-032280,F-1,,2026-07-07,formf-1.htm,shelf
73480190-f083-44fd-b926-32f2be06196a,BNZI,2026-08-20,,no_cik,,,,,,
d16850bd-15eb-467e-9113-75e5caf8dcad,BJDX,2026-08-20,0001704287,selected,0001213900-26-072672,424B3,,2026-06-26,ea0296012-424b3_bluejay.htm,offering
d16850bd-15eb-467e-9113-75e5caf8dcad,BJDX,2026-08-20,0001704287,selected,0001213900-26-069727,S-3,,2026-06-17,ea0294889-s3_bluejay.htm,shelf
d7a52f22-118a-428a-9daa-f6b9073d590c,YJ,2026-08-20,0001759614,no_filings,,,,,,
d8e76519-dec8-4d10-800b-badf3b412b88,SKK,2026-08-20,0001991261,selected,0001493152-26-038282,424B5,,2026-08-14,form424b5.htm,offering
d8e76519-dec8-4d10-800b-badf3b412b88,SKK,2026-08-20,0001991261,selected,0001493152-26-035691,424B5,,2026-07-31,form424b5.htm,offering
d8e76519-dec8-4d10-800b-badf3b412b88,SKK,2026-08-20,0001991261,selected,0001493152-26-024103,424B5,,2026-05-18,form424b5.htm,offering
d8e76519-dec8-4d10-800b-badf3b412b88,SKK,2026-08-20,0001991261,selected,0001493152-26-022637,F-3/A,,2026-05-13,formf-3a.htm,shelf
d8e76519-dec8-4d10-800b-badf3b412b88,SKK,2026-08-20,0001991261,selected,0001493152-26-021236,F-3,,2026-05-05,formf-3.htm,shelf
7959b73e-cc00-458c-bfe9-fb262fbeaaed,GDC,2026-08-20,0001641398,selected,0001213900-26-083981,8-K,"8.01,9.01",2026-07-31,ea0300047-8k_gdculture.htm,8k_items:8.01
7959b73e-cc00-458c-bfe9-fb262fbeaaed,GDC,2026-08-20,0001641398,selected,0001213900-26-071382,424B5,,2026-06-24,ea0295768-424b5_gdculture.htm,offering
7959b73e-cc00-458c-bfe9-fb262fbeaaed,GDC,2026-08-20,0001641398,selected,0001213900-26-048867,424B5,,2026-04-29,ea0287505-424b5_gdculture.htm,offering
937a5c19-3139-4e68-ac0d-e14e91ebd954,ZSTK,2026-08-20,0001790169,selected,0001062993-26-004501,8-K,"1.01,2.01,3.02,5.02,9.01",2026-08-19,form8k.htm,8k_items:1.01+3.02
937a5c19-3139-4e68-ac0d-e14e91ebd954,ZSTK,2026-08-20,0001790169,selected,0001062993-26-004492,8-K12B,"3.03,5.03,8.01,9.01",2026-08-18,form8k12b.htm,8k_items:3.03+5.03+8.01
937a5c19-3139-4e68-ac0d-e14e91ebd954,ZSTK,2026-08-20,0001790169,selected,0001062993-26-003240,424B3,,2026-06-17,form424b3.htm,offering
d4634533-c1c5-4ee1-8ecd-69b22875c0b0,BIVI,2026-08-20,0001580149,selected,0001520138-26-000350,S-1/A,,2026-08-14,bivi_s1a3-3.htm,shelf
d4634533-c1c5-4ee1-8ecd-69b22875c0b0,BIVI,2026-08-20,0001580149,selected,0001520138-26-000324,FWP,,2026-08-07,bivi-fwp.htm,offering
d4634533-c1c5-4ee1-8ecd-69b22875c0b0,BIVI,2026-08-20,0001580149,selected,0001520138-26-000320,FWP,,2026-08-06,bivi-fwp.htm,offering
d4634533-c1c5-4ee1-8ecd-69b22875c0b0,BIVI,2026-08-20,0001580149,selected,0001520138-26-000314,FWP,,2026-08-06,bivi-fwp.htm,offering
d4634533-c1c5-4ee1-8ecd-69b22875c0b0,BIVI,2026-08-20,0001580149,selected,0001520138-26-000313,S-1/A,,2026-08-06,bivi_s1a2.htm,shelf
d4634533-c1c5-4ee1-8ecd-69b22875c0b0,BIVI,2026-08-20,0001580149,selected,0001520138-26-000299,S-1/A,,2026-07-31,bivi_s1a1.htm,shelf
2befdb52-8aae-4430-ad8e-cb3d68bcdf5b,BTCT,2026-08-20,0001796514,selected,0001213900-26-082801,F-1,,2026-07-29,ea0299265-f1_btcdigital.htm,shelf
2b87f97c-f5c6-4aab-88fb-a3f15e2973c2,RDAC,2026-08-20,0002018145,selected,0001213900-26-091870,8-K,3.01,2026-08-20,ea0302829-8k_rising.htm,8k_items:3.01
2b87f97c-f5c6-4aab-88fb-a3f15e2973c2,RDAC,2026-08-20,0002018145,selected,0001213900-26-082432,8-K,"1.01,2.03,9.01",2026-07-29,ea0299452-8k_rising.htm,8k_items:1.01
700bb066-f8cc-408a-85e1-682cdee7a0e6,UUU,2026-08-20,0000102109,selected,0001104659-26-092769,8-K,"5.03,9.01",2026-08-07,tm2622536d1_8k.htm,8k_items:5.03
700bb066-f8cc-408a-85e1-682cdee7a0e6,UUU,2026-08-20,0000102109,selected,0001104659-26-082673,S-1,,2026-07-10,tm2620179d1_s1.htm,shelf
bf0567bc-c526-4fe4-9540-9bd81f458a96,VRAX,2026-08-20,0001885827,selected,0001193125-26-316130,F-3,,2026-07-24,vrax-20260724.htm,shelf
9d746bb4-df94-49f4-9969-b5038804ae2d,AZI,2026-08-20,0001959726,selected,0001493152-26-009791,F-3/A,,2026-03-12,formf-3a.htm,shelf
9d746bb4-df94-49f4-9969-b5038804ae2d,AZI,2026-08-20,0001959726,selected,0001493152-26-009035,F-3/A,,2026-03-06,formf-3a.htm,shelf
990e0945-8bd2-4b49-b024-267d4a37c3d5,SUGP,2026-08-21,0001969863,selected,0001753926-26-001031,424B3,,2026-06-22,g085773_424.htm,offering
990e0945-8bd2-4b49-b024-267d4a37c3d5,SUGP,2026-08-21,0001969863,selected,0001753926-26-001005,F-1,,2026-06-12,g085763_f1.htm,shelf
990e0945-8bd2-4b49-b024-267d4a37c3d5,SUGP,2026-08-21,0001969863,selected,0001753926-26-000819,424B3,,2026-05-12,g085728_424b3.htm,offering
d257848e-d593-4cbe-8b7a-01d44f546931,HKIT,2026-08-21,0001742341,selected,0001213900-26-064589,424B5,,2026-06-03,ea0293322-424b5_hitek.htm,offering
d257848e-d593-4cbe-8b7a-01d44f546931,HKIT,2026-08-21,0001742341,selected,0001213900-26-036372,424B5,,2026-03-30,ea0283951-424b5_hitek.htm,offering
d257848e-d593-4cbe-8b7a-01d44f546931,HKIT,2026-08-21,0001742341,selected,0001213900-26-027662,424B5,,2026-03-13,ea0281563-424b5_hitek.htm,offering
ded69541-0445-4f06-86f5-cddfe8835c0c,SVRN,2026-08-21,0001869467,no_filings,,,,,,
05d2aff3-5888-4c99-ac85-0308ff98bf12,NCT,2026-08-21,0002018529,selected,0001213900-26-089705,F-3,,2026-08-14,ea0296968-f3_intercont.htm,shelf
05d2aff3-5888-4c99-ac85-0308ff98bf12,NCT,2026-08-21,0002018529,selected,0001213900-26-075881,424B4,,2026-07-07,ea0291199-05.htm,offering
05d2aff3-5888-4c99-ac85-0308ff98bf12,NCT,2026-08-21,0002018529,selected,0001213900-26-069967,F-1/A,,2026-06-18,ea0291199-04.htm,shelf
05d2aff3-5888-4c99-ac85-0308ff98bf12,NCT,2026-08-21,0002018529,selected,0001213900-26-066161,F-1,,2026-06-08,ea0291199-03.htm,shelf
05d2aff3-5888-4c99-ac85-0308ff98bf12,NCT,2026-08-21,0002018529,selected,0001213900-26-040544,424B3,,2026-04-06,ea028468402-424b3_intercont.htm,offering
584b42a4-1a08-4c4b-82b5-f581b37a0704,MASK,2026-08-21,0001993097,selected,0001185185-26-003599,F-1/A,,2026-08-18,maskf1a1081726.htm,shelf
584b42a4-1a08-4c4b-82b5-f581b37a0704,MASK,2026-08-21,0001993097,selected,0001185185-26-003135,F-1,,2026-07-27,maskf1072426.htm,shelf
584b42a4-1a08-4c4b-82b5-f581b37a0704,MASK,2026-08-21,0001993097,selected,0001185185-26-002956,F-1/A,,2026-07-14,maskf1a1071426.htm,shelf
584b42a4-1a08-4c4b-82b5-f581b37a0704,MASK,2026-08-21,0001993097,selected,0001185185-26-002646,F-1,,2026-06-25,maskf1062326.htm,shelf
584b42a4-1a08-4c4b-82b5-f581b37a0704,MASK,2026-08-21,0001993097,selected,0001185185-26-002628,F-1/A,,2026-06-24,maskf1a1062426.htm,shelf
584b42a4-1a08-4c4b-82b5-f581b37a0704,MASK,2026-08-21,0001993097,selected,0001185185-26-002325,F-1,,2026-06-03,maskf1060126.htm,shelf
2c095ece-9cd3-4f6c-b608-8408725854a1,JAGX,2026-08-21,0001585608,selected,0001193125-26-316920,424B3,,2026-07-27,d117884d424b3.htm,offering
2c095ece-9cd3-4f6c-b608-8408725854a1,JAGX,2026-08-21,0001585608,selected,0001193125-26-316918,424B3,,2026-07-27,d47881d424b3.htm,offering
2c095ece-9cd3-4f6c-b608-8408725854a1,JAGX,2026-08-21,0001585608,selected,0001193125-26-315711,S-1/A,,2026-07-24,d47881ds1a.htm,shelf
2c095ece-9cd3-4f6c-b608-8408725854a1,JAGX,2026-08-21,0001585608,selected,0001193125-26-304988,S-1,,2026-07-16,d47881ds1.htm,shelf
2c095ece-9cd3-4f6c-b608-8408725854a1,JAGX,2026-08-21,0001585608,selected,0001193125-26-304985,S-1,,2026-07-16,d117884ds1.htm,shelf
db9bf6a5-f97d-4211-9fe1-86eb31bd0acd,VMAR,2026-08-21,0001813783,no_filings,,,,,,
82e4387c-310d-42bc-8df7-8f06e7bedb5d,IOTR,2026-08-21,0001997637,no_filings,,,,,,
d88b8cca-c80c-4776-b3fa-10252f056293,CODX,2026-08-21,0001692415,selected,0001493152-26-035553,8-K,"1.01,3.02,9.01",2026-07-31,form8-k.htm,8k_items:1.01+3.02
d88b8cca-c80c-4776-b3fa-10252f056293,CODX,2026-08-21,0001692415,selected,0001493152-26-034837,8-K,"1.01,9.01",2026-07-27,form8-k.htm,8k_items:1.01
d88b8cca-c80c-4776-b3fa-10252f056293,CODX,2026-08-21,0001692415,selected,0001493152-26-034835,424B5,,2026-07-27,form424b5.htm,offering
d88b8cca-c80c-4776-b3fa-10252f056293,CODX,2026-08-21,0001692415,selected,0001493152-26-025630,S-3,,2026-05-28,forms-3.htm,shelf
d88b8cca-c80c-4776-b3fa-10252f056293,CODX,2026-08-21,0001692415,selected,0001493152-26-022504,S-3,,2026-05-12,forms-3.htm,shelf
ef530a27-4fb4-4f4f-be99-5a0da4ca17c9,CUPR,2026-08-21,0001995704,selected,0001493152-26-032280,F-1,,2026-07-07,formf-1.htm,shelf
43b4e8b7-756a-495a-9cda-70390cb1efe4,BJDX,2026-08-21,0001704287,selected,0001213900-26-072672,424B3,,2026-06-26,ea0296012-424b3_bluejay.htm,offering
43b4e8b7-756a-495a-9cda-70390cb1efe4,BJDX,2026-08-21,0001704287,selected,0001213900-26-069727,S-3,,2026-06-17,ea0294889-s3_bluejay.htm,shelf
b61207ba-1e00-4ab0-a95c-a722de593808,BNZI,2026-08-21,,no_cik,,,,,,
2413e087-3564-4667-ad22-a8ecafbc331f,ATPC,2026-08-21,0001713210,selected,0001493152-26-033881,S-1/A,,2026-07-20,forms-1a.htm,shelf
2413e087-3564-4667-ad22-a8ecafbc331f,ATPC,2026-08-21,0001713210,selected,0001493152-26-027669,S-1,,2026-06-08,forms-1.htm,shelf
20c54122-b90c-4857-90d8-d2c2cc718135,PW,2026-08-21,0001532619,no_filings,,,,,,
9312ee11-1c84-4a70-a668-af450ff90d3c,JZ,2026-08-21,0001852440,selected,0001213900-26-089480,424B5,,2026-08-14,ea0300025-424b5_jianzhi.htm,offering
9312ee11-1c84-4a70-a668-af450ff90d3c,JZ,2026-08-21,0001852440,selected,0001213900-26-064571,424B5,,2026-06-03,ea0293237-424b5_jianzhi.htm,offering
538c80a1-1b6c-4de8-8605-676303d65876,ARBB,2026-08-21,0001930179,no_filings,,,,,,
c33f814d-6037-461b-bae0-b74f84aff232,NXTT,2026-08-21,0001784970,selected,0001213900-26-085658,8-K,"3.03,7.01,9.01",2026-08-05,ea0300559-8k_next.htm,8k_items:3.03
c33f814d-6037-461b-bae0-b74f84aff232,NXTT,2026-08-21,0001784970,selected,0001213900-26-033858,424B5,,2026-03-25,ea0283344-424b5_nexttech.htm,offering
890fa3ee-338b-4779-a008-004082a59830,BRLS,2026-08-21,0001852973,no_filings,,,,,,
9bf00ed9-d962-482f-b608-ffcbebdb3783,INDP,2026-08-21,0001857044,selected,0001493152-26-038780,S-3,,2026-08-17,forms-3.htm,shelf
9bf00ed9-d962-482f-b608-ffcbebdb3783,INDP,2026-08-21,0001857044,selected,0001493152-26-030346,S-3,,2026-06-26,forms-3.htm,shelf
17ea2a65-93a4-4949-a9cd-9568c4471dbb,BIVI,2026-08-21,0001580149,selected,0001520138-26-000350,S-1/A,,2026-08-14,bivi_s1a3-3.htm,shelf
17ea2a65-93a4-4949-a9cd-9568c4471dbb,BIVI,2026-08-21,0001580149,selected,0001520138-26-000324,FWP,,2026-08-07,bivi-fwp.htm,offering
17ea2a65-93a4-4949-a9cd-9568c4471dbb,BIVI,2026-08-21,0001580149,selected,0001520138-26-000320,FWP,,2026-08-06,bivi-fwp.htm,offering
17ea2a65-93a4-4949-a9cd-9568c4471dbb,BIVI,2026-08-21,0001580149,selected,0001520138-26-000314,FWP,,2026-08-06,bivi-fwp.htm,offering
17ea2a65-93a4-4949-a9cd-9568c4471dbb,BIVI,2026-08-21,0001580149,selected,0001520138-26-000313,S-1/A,,2026-08-06,bivi_s1a2.htm,shelf
17ea2a65-93a4-4949-a9cd-9568c4471dbb,BIVI,2026-08-21,0001580149,selected,0001520138-26-000299,S-1/A,,2026-07-31,bivi_s1a1.htm,shelf
b28cbab1-d96a-44e3-8b91-8eef0328bcc6,BTCT,2026-08-21,0001796514,selected,0001213900-26-082801,F-1,,2026-07-29,ea0299265-f1_btcdigital.htm,shelf
91c7e53e-1898-4202-a4a9-128cb9d9d527,HUIZ,2026-08-21,0001778982,no_filings,,,,,,
4a3774dc-5e97-4923-b4b5-4700c38ff073,GNLN,2026-08-21,0001743745,no_filings,,,,,,
227c0bd2-2b54-46ad-a075-4c603daa4336,CLPS,2026-08-21,0001724542,no_filings,,,,,,
78d49fbb-4104-44ed-905d-26b7beb51d58,SUGP,2026-08-24,0001969863,selected,0001753926-26-001031,424B3,,2026-06-22,g085773_424.htm,offering
78d49fbb-4104-44ed-905d-26b7beb51d58,SUGP,2026-08-24,0001969863,selected,0001753926-26-001005,F-1,,2026-06-12,g085763_f1.htm,shelf
78d49fbb-4104-44ed-905d-26b7beb51d58,SUGP,2026-08-24,0001969863,selected,0001753926-26-000819,424B3,,2026-05-12,g085728_424b3.htm,offering
9a8b9c34-7345-4f3f-b9aa-ce503dd717da,IOTR,2026-08-24,0001997637,no_filings,,,,,,
0ed5c778-383a-41db-9009-381517d638e2,VMAR,2026-08-24,0001813783,no_filings,,,,,,
d8362cc0-5c0a-4aab-9000-0750665e8812,CODX,2026-08-24,0001692415,selected,0001493152-26-035553,8-K,"1.01,3.02,9.01",2026-07-31,form8-k.htm,8k_items:1.01+3.02
d8362cc0-5c0a-4aab-9000-0750665e8812,CODX,2026-08-24,0001692415,selected,0001493152-26-034837,8-K,"1.01,9.01",2026-07-27,form8-k.htm,8k_items:1.01
d8362cc0-5c0a-4aab-9000-0750665e8812,CODX,2026-08-24,0001692415,selected,0001493152-26-034835,424B5,,2026-07-27,form424b5.htm,offering
d8362cc0-5c0a-4aab-9000-0750665e8812,CODX,2026-08-24,0001692415,selected,0001493152-26-025630,S-3,,2026-05-28,forms-3.htm,shelf
d8362cc0-5c0a-4aab-9000-0750665e8812,CODX,2026-08-24,0001692415,selected,0001493152-26-022504,S-3,,2026-05-12,forms-3.htm,shelf
b6e4ccaa-419b-4500-a4be-71d3ec52038b,SVRN,2026-08-24,0001869467,no_filings,,,,,,
d6c02abe-a0db-40f2-9e5c-02ca60901d1a,NCT,2026-08-24,0002018529,selected,0001213900-26-089705,F-3,,2026-08-14,ea0296968-f3_intercont.htm,shelf
d6c02abe-a0db-40f2-9e5c-02ca60901d1a,NCT,2026-08-24,0002018529,selected,0001213900-26-075881,424B4,,2026-07-07,ea0291199-05.htm,offering
d6c02abe-a0db-40f2-9e5c-02ca60901d1a,NCT,2026-08-24,0002018529,selected,0001213900-26-069967,F-1/A,,2026-06-18,ea0291199-04.htm,shelf
d6c02abe-a0db-40f2-9e5c-02ca60901d1a,NCT,2026-08-24,0002018529,selected,0001213900-26-066161,F-1,,2026-06-08,ea0291199-03.htm,shelf
d6c02abe-a0db-40f2-9e5c-02ca60901d1a,NCT,2026-08-24,0002018529,selected,0001213900-26-040544,424B3,,2026-04-06,ea028468402-424b3_intercont.htm,offering
bfa06f73-293c-4ed3-a484-4198a0bb08b0,BJDX,2026-08-24,0001704287,selected,0001213900-26-072672,424B3,,2026-06-26,ea0296012-424b3_bluejay.htm,offering
bfa06f73-293c-4ed3-a484-4198a0bb08b0,BJDX,2026-08-24,0001704287,selected,0001213900-26-069727,S-3,,2026-06-17,ea0294889-s3_bluejay.htm,shelf
fe593bf2-6b6b-43a9-adc7-d0649b07ba62,HKIT,2026-08-24,0001742341,selected,0001213900-26-064589,424B5,,2026-06-03,ea0293322-424b5_hitek.htm,offering
fe593bf2-6b6b-43a9-adc7-d0649b07ba62,HKIT,2026-08-24,0001742341,selected,0001213900-26-036372,424B5,,2026-03-30,ea0283951-424b5_hitek.htm,offering
fe593bf2-6b6b-43a9-adc7-d0649b07ba62,HKIT,2026-08-24,0001742341,selected,0001213900-26-027662,424B5,,2026-03-13,ea0281563-424b5_hitek.htm,offering
a95dd51f-1c46-40b1-825d-81104b4235be,CUPR,2026-08-24,0001995704,selected,0001493152-26-032280,F-1,,2026-07-07,formf-1.htm,shelf
8e8fcf59-6779-4120-ba19-cd06ce48053d,JAGX,2026-08-24,0001585608,selected,0001193125-26-360939,424B3,,2026-08-21,d228075d424b3.htm,offering
8e8fcf59-6779-4120-ba19-cd06ce48053d,JAGX,2026-08-24,0001585608,selected,0001193125-26-316920,424B3,,2026-07-27,d117884d424b3.htm,offering
8e8fcf59-6779-4120-ba19-cd06ce48053d,JAGX,2026-08-24,0001585608,selected,0001193125-26-316918,424B3,,2026-07-27,d47881d424b3.htm,offering
8e8fcf59-6779-4120-ba19-cd06ce48053d,JAGX,2026-08-24,0001585608,selected,0001193125-26-315711,S-1/A,,2026-07-24,d47881ds1a.htm,shelf
8e8fcf59-6779-4120-ba19-cd06ce48053d,JAGX,2026-08-24,0001585608,selected,0001193125-26-304988,S-1,,2026-07-16,d47881ds1.htm,shelf
8e8fcf59-6779-4120-ba19-cd06ce48053d,JAGX,2026-08-24,0001585608,selected,0001193125-26-304985,S-1,,2026-07-16,d117884ds1.htm,shelf
a9022f32-77b3-4391-a28d-170b8ef6f7c7,BNZI,2026-08-24,,no_cik,,,,,,
5ee60484-b7d2-42a5-96a0-6a17e76c9df8,MASK,2026-08-24,0001993097,selected,0001185185-26-003599,F-1/A,,2026-08-18,maskf1a1081726.htm,shelf
5ee60484-b7d2-42a5-96a0-6a17e76c9df8,MASK,2026-08-24,0001993097,selected,0001185185-26-003135,F-1,,2026-07-27,maskf1072426.htm,shelf
5ee60484-b7d2-42a5-96a0-6a17e76c9df8,MASK,2026-08-24,0001993097,selected,0001185185-26-002956,F-1/A,,2026-07-14,maskf1a1071426.htm,shelf
5ee60484-b7d2-42a5-96a0-6a17e76c9df8,MASK,2026-08-24,0001993097,selected,0001185185-26-002646,F-1,,2026-06-25,maskf1062326.htm,shelf
5ee60484-b7d2-42a5-96a0-6a17e76c9df8,MASK,2026-08-24,0001993097,selected,0001185185-26-002628,F-1/A,,2026-06-24,maskf1a1062426.htm,shelf
5ee60484-b7d2-42a5-96a0-6a17e76c9df8,MASK,2026-08-24,0001993097,selected,0001185185-26-002325,F-1,,2026-06-03,maskf1060126.htm,shelf
790ab2dc-d13e-43c5-a065-a699fd7a7880,ATPC,2026-08-24,0001713210,selected,0001493152-26-033881,S-1/A,,2026-07-20,forms-1a.htm,shelf
790ab2dc-d13e-43c5-a065-a699fd7a7880,ATPC,2026-08-24,0001713210,selected,0001493152-26-027669,S-1,,2026-06-08,forms-1.htm,shelf
975abc60-c390-4b1e-9566-6d0cdff5c73c,PW,2026-08-24,0001532619,no_filings,,,,,,
51e29728-7117-44b5-8a96-998edfc7864c,EXYN,2026-08-24,0001960355,selected,0001104659-26-099044,424B3,,2026-08-20,tm2621375d4_424b3.htm,offering
51e29728-7117-44b5-8a96-998edfc7864c,EXYN,2026-08-24,0001960355,selected,0001104659-26-080822,424B3,,2026-07-06,tm2619257d3_424b3.htm,offering
51e29728-7117-44b5-8a96-998edfc7864c,EXYN,2026-08-24,0001960355,selected,0001104659-26-078960,S-1,,2026-06-29,exyn-20260331xs1.htm,shelf
51e29728-7117-44b5-8a96-998edfc7864c,EXYN,2026-08-24,0001960355,selected,0001104659-26-062711,424B4,,2026-05-15,tm2525579-34_424b4.htm,offering
51e29728-7117-44b5-8a96-998edfc7864c,EXYN,2026-08-24,0001960355,selected,0001104659-26-058285,S-1/A,,2026-05-11,tm2525579-31_s1a.htm,shelf
51e29728-7117-44b5-8a96-998edfc7864c,EXYN,2026-08-24,0001960355,selected,0001104659-26-045976,S-1/A,,2026-04-21,tm2525579-28_s1a.htm,shelf
f563b237-5e6f-44ab-8d42-d608243dc668,LSTA,2026-08-24,0000320017,selected,0001140361-26-031028,8-K,"2.05,5.02,8.01,9.01",2026-08-04,ef20079399_8k.htm,8k_items:8.01
cda3eb5d-6b12-43ae-811f-607566be102e,ZJK,2026-08-24,0001941506,selected,0001731122-26-001007,424B5,,2026-08-04,e7805_424b5.htm,offering
cda3eb5d-6b12-43ae-811f-607566be102e,ZJK,2026-08-24,0001941506,selected,0001731122-26-000470,F-3/A,,2026-03-23,e7482_f3a1.htm,shelf
ee9bd0b2-4f3e-46a8-af81-d95b38330342,GAME,2026-08-24,0001714562,selected,0001493152-26-039213,8-K,"3.03,5.03,8.01,9.01",2026-08-19,form8-k.htm,8k_items:3.03+5.03+8.01
e080eb0a-29af-461a-90bf-07660ba4573f,CANG,2026-08-24,0001725123,no_filings,,,,,,
5ba70ace-f19f-42d8-a9f2-c2489a327742,SKYE,2026-08-24,0001516551,selected,0001628280-26-058120,8-K/A,3.03,2026-08-20,skye-20260812.htm,8k_items:3.03
5ba70ace-f19f-42d8-a9f2-c2489a327742,SKYE,2026-08-24,0001516551,selected,0001628280-26-057804,8-K,3.01,2026-08-19,skye-20260818.htm,8k_items:3.01
5ba70ace-f19f-42d8-a9f2-c2489a327742,SKYE,2026-08-24,0001516551,selected,0001628280-26-056966,8-K,"1.01,3.02,3.03,5.01,5.02,5.03,7.01,9.01",2026-08-14,skye-20260812.htm,8k_items:1.01+3.02+3.03+5.03
604b9ad4-ada5-4430-97cf-498264299954,NCTY,2026-08-24,0001296774,selected,0001104659-26-084795,F-3/A,,2026-07-20,tm2620836d1_f3a.htm,shelf
604b9ad4-ada5-4430-97cf-498264299954,NCTY,2026-08-24,0001296774,selected,0001104659-26-075465,F-3/A,,2026-06-18,tm2618188d1_f3a.htm,shelf
604b9ad4-ada5-4430-97cf-498264299954,NCTY,2026-08-24,0001296774,selected,0001104659-26-069294,F-3/A,,2026-06-02,tm2616508d1_f3a.htm,shelf
604b9ad4-ada5-4430-97cf-498264299954,NCTY,2026-08-24,0001296774,selected,0001104659-26-057891,F-3/A,,2026-05-08,tm2613471d1_f3a.htm,shelf
604b9ad4-ada5-4430-97cf-498264299954,NCTY,2026-08-24,0001296774,selected,0001104659-26-043914,F-3,,2026-04-16,tm2611663d1_f3.htm,shelf
8b4aa7f9-64bc-46f4-a0b4-674910754696,USDE,2026-08-24,0002080215,selected,0001213900-26-062798,424B3,,2026-05-29,ea0258165-06.htm,offering
3bfe9381-df97-464c-a411-b84a88d66ec4,VCIG,2026-08-24,0001930510,selected,0001213900-26-036624,F-3,,2026-03-31,ea0283753-f3_vciglobal.htm,shelf
3bfe9381-df97-464c-a411-b84a88d66ec4,VCIG,2026-08-24,0001930510,selected,0001213900-26-024573,424B5,,2026-03-06,ea0280322-424b5_vciglobal.htm,offering
301251ec-f9e1-45f7-95c4-6866329c64f6,NTRB,2026-08-24,0001676047,no_filings,,,,,,
0e6069d8-de64-4b12-bcaf-0fbac6027271,SUGP,2026-08-25,0001969863,selected,0001753926-26-001031,424B3,,2026-06-22,g085773_424.htm,offering
0e6069d8-de64-4b12-bcaf-0fbac6027271,SUGP,2026-08-25,0001969863,selected,0001753926-26-001005,F-1,,2026-06-12,g085763_f1.htm,shelf
0e6069d8-de64-4b12-bcaf-0fbac6027271,SUGP,2026-08-25,0001969863,selected,0001753926-26-000819,424B3,,2026-05-12,g085728_424b3.htm,offering
57cc17d1-9b88-4b99-aa74-9de5a424ff66,VMAR,2026-08-25,0001813783,no_filings,,,,,,
094bc217-2014-4984-8d61-14e642e6bebb,JAGX,2026-08-25,0001585608,selected,0001193125-26-360939,424B3,,2026-08-21,d228075d424b3.htm,offering
094bc217-2014-4984-8d61-14e642e6bebb,JAGX,2026-08-25,0001585608,selected,0001193125-26-316920,424B3,,2026-07-27,d117884d424b3.htm,offering
094bc217-2014-4984-8d61-14e642e6bebb,JAGX,2026-08-25,0001585608,selected,0001193125-26-316918,424B3,,2026-07-27,d47881d424b3.htm,offering
094bc217-2014-4984-8d61-14e642e6bebb,JAGX,2026-08-25,0001585608,selected,0001193125-26-315711,S-1/A,,2026-07-24,d47881ds1a.htm,shelf
094bc217-2014-4984-8d61-14e642e6bebb,JAGX,2026-08-25,0001585608,selected,0001193125-26-304988,S-1,,2026-07-16,d47881ds1.htm,shelf
094bc217-2014-4984-8d61-14e642e6bebb,JAGX,2026-08-25,0001585608,selected,0001193125-26-304985,S-1,,2026-07-16,d117884ds1.htm,shelf
32cfe0ab-d7a7-4101-9afc-80d2dd9d28f1,PW,2026-08-25,0001532619,no_filings,,,,,,
4322697e-f81a-4930-8c3b-b42326253f3c,HKIT,2026-08-25,0001742341,selected,0001213900-26-064589,424B5,,2026-06-03,ea0293322-424b5_hitek.htm,offering
4322697e-f81a-4930-8c3b-b42326253f3c,HKIT,2026-08-25,0001742341,selected,0001213900-26-036372,424B5,,2026-03-30,ea0283951-424b5_hitek.htm,offering
4322697e-f81a-4930-8c3b-b42326253f3c,HKIT,2026-08-25,0001742341,selected,0001213900-26-027662,424B5,,2026-03-13,ea0281563-424b5_hitek.htm,offering
62275ffb-e89d-443e-b6b8-49018ac41656,NCT,2026-08-25,0002018529,selected,0001213900-26-089705,F-3,,2026-08-14,ea0296968-f3_intercont.htm,shelf
62275ffb-e89d-443e-b6b8-49018ac41656,NCT,2026-08-25,0002018529,selected,0001213900-26-075881,424B4,,2026-07-07,ea0291199-05.htm,offering
62275ffb-e89d-443e-b6b8-49018ac41656,NCT,2026-08-25,0002018529,selected,0001213900-26-069967,F-1/A,,2026-06-18,ea0291199-04.htm,shelf
62275ffb-e89d-443e-b6b8-49018ac41656,NCT,2026-08-25,0002018529,selected,0001213900-26-066161,F-1,,2026-06-08,ea0291199-03.htm,shelf
62275ffb-e89d-443e-b6b8-49018ac41656,NCT,2026-08-25,0002018529,selected,0001213900-26-040544,424B3,,2026-04-06,ea028468402-424b3_intercont.htm,offering
1ebbc60c-630c-4d5e-970d-acf6cd108905,CUPR,2026-08-25,0001995704,selected,0001493152-26-032280,F-1,,2026-07-07,formf-1.htm,shelf
fe1cf548-e62b-4f29-8945-ad25ea1bfdad,IOTR,2026-08-25,0001997637,no_filings,,,,,,
4fffc128-78f9-4cb2-943a-4108e0b3ff16,SVRN,2026-08-25,0001869467,no_filings,,,,,,
5ec530da-2ca9-4efe-bec7-297e94610d66,ATPC,2026-08-25,0001713210,selected,0001493152-26-033881,S-1/A,,2026-07-20,forms-1a.htm,shelf
5ec530da-2ca9-4efe-bec7-297e94610d66,ATPC,2026-08-25,0001713210,selected,0001493152-26-027669,S-1,,2026-06-08,forms-1.htm,shelf
8b381285-82c2-47c9-b023-db78733065b6,MASK,2026-08-25,0001993097,selected,0001185185-26-003599,F-1/A,,2026-08-18,maskf1a1081726.htm,shelf
8b381285-82c2-47c9-b023-db78733065b6,MASK,2026-08-25,0001993097,selected,0001185185-26-003135,F-1,,2026-07-27,maskf1072426.htm,shelf
8b381285-82c2-47c9-b023-db78733065b6,MASK,2026-08-25,0001993097,selected,0001185185-26-002956,F-1/A,,2026-07-14,maskf1a1071426.htm,shelf
8b381285-82c2-47c9-b023-db78733065b6,MASK,2026-08-25,0001993097,selected,0001185185-26-002646,F-1,,2026-06-25,maskf1062326.htm,shelf
8b381285-82c2-47c9-b023-db78733065b6,MASK,2026-08-25,0001993097,selected,0001185185-26-002628,F-1/A,,2026-06-24,maskf1a1062426.htm,shelf
8b381285-82c2-47c9-b023-db78733065b6,MASK,2026-08-25,0001993097,selected,0001185185-26-002325,F-1,,2026-06-03,maskf1060126.htm,shelf
549a9f77-1a6e-44d9-ad57-5169fb6ad41f,BNZI,2026-08-25,,no_cik,,,,,,
facd855b-763e-4a0c-a185-0e6125f71c58,BJDX,2026-08-25,0001704287,selected,0001213900-26-072672,424B3,,2026-06-26,ea0296012-424b3_bluejay.htm,offering
facd855b-763e-4a0c-a185-0e6125f71c58,BJDX,2026-08-25,0001704287,selected,0001213900-26-069727,S-3,,2026-06-17,ea0294889-s3_bluejay.htm,shelf
4dbcb9e4-1f84-4f11-8cd8-90ec0bdf93a6,CODX,2026-08-25,0001692415,selected,0001493152-26-039875,S-3,,2026-08-24,forms-3.htm,shelf
4dbcb9e4-1f84-4f11-8cd8-90ec0bdf93a6,CODX,2026-08-25,0001692415,selected,0001493152-26-035553,8-K,"1.01,3.02,9.01",2026-07-31,form8-k.htm,8k_items:1.01+3.02
4dbcb9e4-1f84-4f11-8cd8-90ec0bdf93a6,CODX,2026-08-25,0001692415,selected,0001493152-26-034837,8-K,"1.01,9.01",2026-07-27,form8-k.htm,8k_items:1.01
4dbcb9e4-1f84-4f11-8cd8-90ec0bdf93a6,CODX,2026-08-25,0001692415,selected,0001493152-26-034835,424B5,,2026-07-27,form424b5.htm,offering
4dbcb9e4-1f84-4f11-8cd8-90ec0bdf93a6,CODX,2026-08-25,0001692415,selected,0001493152-26-025630,S-3,,2026-05-28,forms-3.htm,shelf
4dbcb9e4-1f84-4f11-8cd8-90ec0bdf93a6,CODX,2026-08-25,0001692415,selected,0001493152-26-022504,S-3,,2026-05-12,forms-3.htm,shelf
a399a9a5-214e-4b78-ab26-302c0afb97d0,DAIC,2026-08-25,0002033770,selected,0001213900-26-091288,8-K,"2.04,3.01,9.01",2026-08-18,ea0302597-8k_cidhold.htm,8k_items:3.01
a399a9a5-214e-4b78-ab26-302c0afb97d0,DAIC,2026-08-25,0002033770,selected,0001213900-26-088070,8-K,"3.01,7.01,9.01",2026-08-12,ea0301685-8k_cidhold.htm,8k_items:3.01
a399a9a5-214e-4b78-ab26-302c0afb97d0,DAIC,2026-08-25,0002033770,selected,0001213900-26-050382,424B3,,2026-04-30,ea0288115-424b3_cidhold.htm,offering
a399a9a5-214e-4b78-ab26-302c0afb97d0,DAIC,2026-08-25,0002033770,selected,0001213900-26-047154,S-1,,2026-04-23,ea0287485-s1_cidhold.htm,shelf
a399a9a5-214e-4b78-ab26-302c0afb97d0,DAIC,2026-08-25,0002033770,selected,0001213900-26-045791,424B3,,2026-04-21,ea0287015-424b3_cidhold.htm,offering
73cfd708-5d80-48ac-851c-e856ab6474d4,GIPR,2026-08-25,0001651721,selected,0001193125-26-346878,8-K,3.01,2026-08-12,gipr-20260806.htm,8k_items:3.01
73cfd708-5d80-48ac-851c-e856ab6474d4,GIPR,2026-08-25,0001651721,selected,0001193125-26-316965,8-K,1.01,2026-07-27,gipr-20260724.htm,8k_items:1.01
73cfd708-5d80-48ac-851c-e856ab6474d4,GIPR,2026-08-25,0001651721,selected,0001193125-26-300342,424B3,,2026-07-10,2026.07.10_prosp_suppl.htm,offering
73cfd708-5d80-48ac-851c-e856ab6474d4,GIPR,2026-08-25,0001651721,selected,0001193125-26-250992,424B4,,2026-06-01,gipr-20260601.htm,offering
73cfd708-5d80-48ac-851c-e856ab6474d4,GIPR,2026-08-25,0001651721,selected,0001193125-26-237445,S-11,,2026-05-26,gipr-20260523.htm,shelf
66f79bb2-d063-4a92-a19b-b27360bf708c,XPON,2026-08-25,0001894954,selected,0001903596-26-000317,8-K,"1.01,5.02,5.03,7.01,9.01",2026-08-24,xpon_8k.htm,8k_items:1.01+5.03
66f79bb2-d063-4a92-a19b-b27360bf708c,XPON,2026-08-25,0001894954,selected,0001903596-26-000291,8-K,"5.02,8.01",2026-08-04,xpon_8k.htm,8k_items:8.01
9903143c-2201-48b6-af4a-a0d8b6b28785,PMI,2026-08-25,0002030617,selected,0001437749-26-024465,8-K,"3.01,8.01,9.01",2026-07-27,pmi20260722_8k.htm,8k_items:3.01+8.01
9903143c-2201-48b6-af4a-a0d8b6b28785,PMI,2026-08-25,0002030617,selected,0001437749-26-019043,424B3,,2026-06-01,pmi20260601_424b3.htm,offering
9903143c-2201-48b6-af4a-a0d8b6b28785,PMI,2026-08-25,0002030617,selected,0001437749-26-017949,S-1,,2026-05-20,pmi20260519_s1.htm,shelf
9903143c-2201-48b6-af4a-a0d8b6b28785,PMI,2026-08-25,0002030617,selected,0001829126-26-004627,424B4,,2026-05-06,picardmedical_424b4.htm,offering
9903143c-2201-48b6-af4a-a0d8b6b28785,PMI,2026-08-25,0002030617,selected,0001829126-26-004376,S-1/A,,2026-05-01,picardmedical_s1a.htm,shelf
9903143c-2201-48b6-af4a-a0d8b6b28785,PMI,2026-08-25,0002030617,selected,0001829126-26-003906,S-1,,2026-04-27,picardmedical_s1.htm,shelf
70b9a84d-9a06-40aa-8375-cb1d51389806,INCR,2026-08-25,0001857030,no_filings,,,,,,
65d16aab-58c0-43f0-9d72-83e328d80857,APRE,2026-08-25,0001781983,selected,0001104659-26-094542,8-K,"2.02,8.01,9.01",2026-08-12,apre-20260812x8k.htm,8k_items:8.01
65d16aab-58c0-43f0-9d72-83e328d80857,APRE,2026-08-25,0001781983,selected,0001104659-26-062631,424B7,,2026-05-15,tm2614801d1_424b7.htm,offering
65d16aab-58c0-43f0-9d72-83e328d80857,APRE,2026-08-25,0001781983,selected,0001104659-26-051739,424B3,,2026-04-29,tm2612147-4_424b3.htm,offering
65d16aab-58c0-43f0-9d72-83e328d80857,APRE,2026-08-25,0001781983,selected,0001104659-26-046900,S-3,,2026-04-22,tm2612147-1_s3.htm,shelf
65d16aab-58c0-43f0-9d72-83e328d80857,APRE,2026-08-25,0001781983,selected,0001104659-26-032181,424B3,,2026-03-19,tm269283-1_424b3.htm,offering
65d16aab-58c0-43f0-9d72-83e328d80857,APRE,2026-08-25,0001781983,selected,0001104659-26-029519,S-3/A,,2026-03-17,tm268966d1_s3a.htm,shelf
c8d53842-01ef-4fb7-988f-fa97163e26cb,LUCY,2026-08-25,0001808377,selected,0001829126-26-007808,S-1,,2026-07-23,innovativeeye_s1.htm,shelf
82f4828c-d78b-482b-b587-fb2ffbb3819a,BTCT,2026-08-25,0001796514,selected,0001213900-26-092955,F-1/A,,2026-08-24,ea0302960-f1a1_btcdigital.htm,shelf
82f4828c-d78b-482b-b587-fb2ffbb3819a,BTCT,2026-08-25,0001796514,selected,0001213900-26-082801,F-1,,2026-07-29,ea0299265-f1_btcdigital.htm,shelf
d02cd3fc-12eb-4ac0-9f57-166ac3d7142d,GGR,2026-08-25,0001886190,no_filings,,,,,,
42450d8a-daf7-41a7-a2a8-fd9975c5664e,TJGC,2026-08-25,0001969928,selected,0001213900-26-044373,424B4,,2026-04-16,ea0284010-424b4_tjgc.htm,offering
42450d8a-daf7-41a7-a2a8-fd9975c5664e,TJGC,2026-08-25,0001969928,selected,0001213900-26-026950,F-1,,2026-03-12,ea0280345-f1_tjgc.htm,shelf
339b245c-e2fd-47dd-9894-5c1c04576f5d,SUGP,2026-08-26,0001969863,selected,0001753926-26-001031,424B3,,2026-06-22,g085773_424.htm,offering
339b245c-e2fd-47dd-9894-5c1c04576f5d,SUGP,2026-08-26,0001969863,selected,0001753926-26-001005,F-1,,2026-06-12,g085763_f1.htm,shelf
339b245c-e2fd-47dd-9894-5c1c04576f5d,SUGP,2026-08-26,0001969863,selected,0001753926-26-000819,424B3,,2026-05-12,g085728_424b3.htm,offering
ef749a57-6a40-4930-8ed3-987551fe02d2,VMAR,2026-08-26,0001813783,no_filings,,,,,,
896d5208-d338-40f0-8e57-901f6ec2dece,CUPR,2026-08-26,0001995704,selected,0001493152-26-032280,F-1,,2026-07-07,formf-1.htm,shelf
eb88d116-1bc0-41e8-82be-585840ddf4e9,PW,2026-08-26,0001532619,no_filings,,,,,,
47e7b147-b174-48ab-a386-a74b073f0480,NCT,2026-08-26,0002018529,selected,0001213900-26-089705,F-3,,2026-08-14,ea0296968-f3_intercont.htm,shelf
47e7b147-b174-48ab-a386-a74b073f0480,NCT,2026-08-26,0002018529,selected,0001213900-26-075881,424B4,,2026-07-07,ea0291199-05.htm,offering
47e7b147-b174-48ab-a386-a74b073f0480,NCT,2026-08-26,0002018529,selected,0001213900-26-069967,F-1/A,,2026-06-18,ea0291199-04.htm,shelf
47e7b147-b174-48ab-a386-a74b073f0480,NCT,2026-08-26,0002018529,selected,0001213900-26-066161,F-1,,2026-06-08,ea0291199-03.htm,shelf
47e7b147-b174-48ab-a386-a74b073f0480,NCT,2026-08-26,0002018529,selected,0001213900-26-040544,424B3,,2026-04-06,ea028468402-424b3_intercont.htm,offering
c68d6693-f8ee-44aa-ad8b-50488db7ff89,SVRN,2026-08-26,0001869467,no_filings,,,,,,
5709edb6-79b5-4d2c-a30f-66962f2a5ff8,HKIT,2026-08-26,0001742341,selected,0001213900-26-064589,424B5,,2026-06-03,ea0293322-424b5_hitek.htm,offering
5709edb6-79b5-4d2c-a30f-66962f2a5ff8,HKIT,2026-08-26,0001742341,selected,0001213900-26-036372,424B5,,2026-03-30,ea0283951-424b5_hitek.htm,offering
5709edb6-79b5-4d2c-a30f-66962f2a5ff8,HKIT,2026-08-26,0001742341,selected,0001213900-26-027662,424B5,,2026-03-13,ea0281563-424b5_hitek.htm,offering
32dd42ee-9ede-4187-91f9-e57df6bb180f,IOTR,2026-08-26,0001997637,no_filings,,,,,,
3d14ab1e-f64c-48a7-b834-d51d54a5b6d8,MASK,2026-08-26,0001993097,selected,0001185185-26-003599,F-1/A,,2026-08-18,maskf1a1081726.htm,shelf
3d14ab1e-f64c-48a7-b834-d51d54a5b6d8,MASK,2026-08-26,0001993097,selected,0001185185-26-003135,F-1,,2026-07-27,maskf1072426.htm,shelf
3d14ab1e-f64c-48a7-b834-d51d54a5b6d8,MASK,2026-08-26,0001993097,selected,0001185185-26-002956,F-1/A,,2026-07-14,maskf1a1071426.htm,shelf
3d14ab1e-f64c-48a7-b834-d51d54a5b6d8,MASK,2026-08-26,0001993097,selected,0001185185-26-002646,F-1,,2026-06-25,maskf1062326.htm,shelf
3d14ab1e-f64c-48a7-b834-d51d54a5b6d8,MASK,2026-08-26,0001993097,selected,0001185185-26-002628,F-1/A,,2026-06-24,maskf1a1062426.htm,shelf
3d14ab1e-f64c-48a7-b834-d51d54a5b6d8,MASK,2026-08-26,0001993097,selected,0001185185-26-002325,F-1,,2026-06-03,maskf1060126.htm,shelf
f7f52ad8-5e0d-4acf-b47d-2392835cea51,BNZI,2026-08-26,,no_cik,,,,,,
bbf78c83-a98e-412c-adf7-9ab3a3e17413,BJDX,2026-08-26,0001704287,selected,0001213900-26-072672,424B3,,2026-06-26,ea0296012-424b3_bluejay.htm,offering
bbf78c83-a98e-412c-adf7-9ab3a3e17413,BJDX,2026-08-26,0001704287,selected,0001213900-26-069727,S-3,,2026-06-17,ea0294889-s3_bluejay.htm,shelf
1dd329b9-9708-4702-a123-ed60be9d2a3f,JAGX,2026-08-26,0001585608,selected,0001193125-26-360939,424B3,,2026-08-21,d228075d424b3.htm,offering
1dd329b9-9708-4702-a123-ed60be9d2a3f,JAGX,2026-08-26,0001585608,selected,0001193125-26-316920,424B3,,2026-07-27,d117884d424b3.htm,offering
1dd329b9-9708-4702-a123-ed60be9d2a3f,JAGX,2026-08-26,0001585608,selected,0001193125-26-316918,424B3,,2026-07-27,d47881d424b3.htm,offering
1dd329b9-9708-4702-a123-ed60be9d2a3f,JAGX,2026-08-26,0001585608,selected,0001193125-26-315711,S-1/A,,2026-07-24,d47881ds1a.htm,shelf
1dd329b9-9708-4702-a123-ed60be9d2a3f,JAGX,2026-08-26,0001585608,selected,0001193125-26-304988,S-1,,2026-07-16,d47881ds1.htm,shelf
1dd329b9-9708-4702-a123-ed60be9d2a3f,JAGX,2026-08-26,0001585608,selected,0001193125-26-304985,S-1,,2026-07-16,d117884ds1.htm,shelf
179141b1-054a-4965-8291-a9a2bb6f186b,ATPC,2026-08-26,0001713210,selected,0001493152-26-033881,S-1/A,,2026-07-20,forms-1a.htm,shelf
179141b1-054a-4965-8291-a9a2bb6f186b,ATPC,2026-08-26,0001713210,selected,0001493152-26-027669,S-1,,2026-06-08,forms-1.htm,shelf
22d7d31f-69b7-40f1-9be6-746b27659766,CODX,2026-08-26,0001692415,selected,0001493152-26-039875,S-3,,2026-08-24,forms-3.htm,shelf
22d7d31f-69b7-40f1-9be6-746b27659766,CODX,2026-08-26,0001692415,selected,0001493152-26-035553,8-K,"1.01,3.02,9.01",2026-07-31,form8-k.htm,8k_items:1.01+3.02
22d7d31f-69b7-40f1-9be6-746b27659766,CODX,2026-08-26,0001692415,selected,0001493152-26-034837,8-K,"1.01,9.01",2026-07-27,form8-k.htm,8k_items:1.01
22d7d31f-69b7-40f1-9be6-746b27659766,CODX,2026-08-26,0001692415,selected,0001493152-26-034835,424B5,,2026-07-27,form424b5.htm,offering
22d7d31f-69b7-40f1-9be6-746b27659766,CODX,2026-08-26,0001692415,selected,0001493152-26-025630,S-3,,2026-05-28,forms-3.htm,shelf
22d7d31f-69b7-40f1-9be6-746b27659766,CODX,2026-08-26,0001692415,selected,0001493152-26-022504,S-3,,2026-05-12,forms-3.htm,shelf
6c2bf3a3-f549-4fa9-8ba9-a596d476140f,AIXI,2026-08-26,0001935172,selected,0001213900-26-073606,424B5,,2026-06-30,ea0296185-424b5_xiao1.htm,offering
6c2bf3a3-f549-4fa9-8ba9-a596d476140f,AIXI,2026-08-26,0001935172,selected,0001213900-26-060946,424B5,,2026-05-26,ea0291728-424b5_xiao1.htm,offering
66c95842-9557-4ec9-b370-f2792eefe5b1,DAIC,2026-08-26,0002033770,selected,0001213900-26-091288,8-K,"2.04,3.01,9.01",2026-08-18,ea0302597-8k_cidhold.htm,8k_items:3.01
66c95842-9557-4ec9-b370-f2792eefe5b1,DAIC,2026-08-26,0002033770,selected,0001213900-26-088070,8-K,"3.01,7.01,9.01",2026-08-12,ea0301685-8k_cidhold.htm,8k_items:3.01
66c95842-9557-4ec9-b370-f2792eefe5b1,DAIC,2026-08-26,0002033770,selected,0001213900-26-050382,424B3,,2026-04-30,ea0288115-424b3_cidhold.htm,offering
66c95842-9557-4ec9-b370-f2792eefe5b1,DAIC,2026-08-26,0002033770,selected,0001213900-26-047154,S-1,,2026-04-23,ea0287485-s1_cidhold.htm,shelf
66c95842-9557-4ec9-b370-f2792eefe5b1,DAIC,2026-08-26,0002033770,selected,0001213900-26-045791,424B3,,2026-04-21,ea0287015-424b3_cidhold.htm,offering
92470e3a-8852-46a2-b686-010e9ffb9290,PMI,2026-08-26,0002030617,selected,0001437749-26-024465,8-K,"3.01,8.01,9.01",2026-07-27,pmi20260722_8k.htm,8k_items:3.01+8.01
92470e3a-8852-46a2-b686-010e9ffb9290,PMI,2026-08-26,0002030617,selected,0001437749-26-019043,424B3,,2026-06-01,pmi20260601_424b3.htm,offering
92470e3a-8852-46a2-b686-010e9ffb9290,PMI,2026-08-26,0002030617,selected,0001437749-26-017949,S-1,,2026-05-20,pmi20260519_s1.htm,shelf
92470e3a-8852-46a2-b686-010e9ffb9290,PMI,2026-08-26,0002030617,selected,0001829126-26-004627,424B4,,2026-05-06,picardmedical_424b4.htm,offering
92470e3a-8852-46a2-b686-010e9ffb9290,PMI,2026-08-26,0002030617,selected,0001829126-26-004376,S-1/A,,2026-05-01,picardmedical_s1a.htm,shelf
92470e3a-8852-46a2-b686-010e9ffb9290,PMI,2026-08-26,0002030617,selected,0001829126-26-003906,S-1,,2026-04-27,picardmedical_s1.htm,shelf
f38d1ee2-41de-4055-9754-5788d3211d94,OFAL,2026-08-26,0002036307,selected,0001493152-26-028000,S-1,,2026-06-10,forms-1.htm,shelf
f38d1ee2-41de-4055-9754-5788d3211d94,OFAL,2026-08-26,0002036307,selected,0001493152-26-011640,F-1/A,,2026-03-19,formf-1a.htm,shelf
f38d1ee2-41de-4055-9754-5788d3211d94,OFAL,2026-08-26,0002036307,selected,0001493152-26-009368,F-1/A,,2026-03-09,formf-1a.htm,shelf
82de8425-10a5-445a-8d60-0f5288bff1ba,TNMG,2026-08-26,0002013186,selected,0001213900-26-029560,424B3,,2026-03-18,ea0276147-02.htm,offering
82de8425-10a5-445a-8d60-0f5288bff1ba,TNMG,2026-08-26,0002013186,selected,0001213900-26-022709,F-1,,2026-03-03,ea0276147-01.htm,shelf
10f0b18e-6b76-4249-a605-0697c98f8ff7,SWVL,2026-08-26,0001875609,no_filings,,,,,,
6f23c753-612c-40f5-8876-6c0362eb68f4,AMIX,2026-08-26,0001617867,selected,0001437749-26-025250,424B5,,2026-07-31,amix20260729_424b5.htm,offering
6f23c753-612c-40f5-8876-6c0362eb68f4,AMIX,2026-08-26,0001617867,selected,0001437749-26-024697,S-3,,2026-07-28,amix20260721_s3.htm,shelf
6f23c753-612c-40f5-8876-6c0362eb68f4,AMIX,2026-08-26,0001617867,selected,0001437749-26-024597,8-K,8.01,2026-07-28,amix20260728_8k.htm,8k_items:8.01
40bdf912-42e2-45e8-af50-95f87e9fcc16,PRZO,2026-08-26,0001916241,selected,0001213900-26-033215,424B5,,2026-03-24,ea0282986-424b5_parazero.htm,offering
a07347ae-87fc-4651-81ab-3515e4f1bb04,EXOD,2026-08-26,0001821534,no_filings,,,,,,
30334839-39b6-419e-8901-840d6feeb419,BRNX,2026-08-26,0001901215,selected,0001213900-26-079617,F-3,,2026-07-20,ea0298103-f3_brenmiller.htm,shelf
30334839-39b6-419e-8901-840d6feeb419,BRNX,2026-08-26,0001901215,selected,0001213900-26-070135,F-3,,2026-06-18,ea0293647-f3_brenmiller.htm,shelf
30334839-39b6-419e-8901-840d6feeb419,BRNX,2026-08-26,0001901215,selected,0001213900-26-065381,F-3,,2026-06-04,ea0290586-f3_brenmiller.htm,shelf
30334839-39b6-419e-8901-840d6feeb419,BRNX,2026-08-26,0001901215,selected,0001213900-26-052800,F-3,,2026-05-06,ea0288759-f3_brenmiller.htm,shelf
30334839-39b6-419e-8901-840d6feeb419,BRNX,2026-08-26,0001901215,selected,0001213900-26-028281,F-3,,2026-03-16,ea0281554-f3_brenmiller.htm,shelf
65954ab5-2ed9-4e5a-8af4-fd04f2cfa7c6,NCT,2026-09-04,0002018529,selected,0001213900-26-089705,F-3,,2026-08-14,ea0296968-f3_intercont.htm,shelf
65954ab5-2ed9-4e5a-8af4-fd04f2cfa7c6,NCT,2026-09-04,0002018529,selected,0001213900-26-075881,424B4,,2026-07-07,ea0291199-05.htm,offering
65954ab5-2ed9-4e5a-8af4-fd04f2cfa7c6,NCT,2026-09-04,0002018529,selected,0001213900-26-069967,F-1/A,,2026-06-18,ea0291199-04.htm,shelf
65954ab5-2ed9-4e5a-8af4-fd04f2cfa7c6,NCT,2026-09-04,0002018529,selected,0001213900-26-066161,F-1,,2026-06-08,ea0291199-03.htm,shelf
65954ab5-2ed9-4e5a-8af4-fd04f2cfa7c6,NCT,2026-09-04,0002018529,selected,0001213900-26-040544,424B3,,2026-04-06,ea028468402-424b3_intercont.htm,offering
974a0c9e-cee8-4d76-b1c9-c131f09aa825,MASK,2026-09-04,0001993097,selected,0001185185-26-003599,F-1/A,,2026-08-18,maskf1a1081726.htm,shelf
974a0c9e-cee8-4d76-b1c9-c131f09aa825,MASK,2026-09-04,0001993097,selected,0001185185-26-003135,F-1,,2026-07-27,maskf1072426.htm,shelf
974a0c9e-cee8-4d76-b1c9-c131f09aa825,MASK,2026-09-04,0001993097,selected,0001185185-26-002956,F-1/A,,2026-07-14,maskf1a1071426.htm,shelf
974a0c9e-cee8-4d76-b1c9-c131f09aa825,MASK,2026-09-04,0001993097,selected,0001185185-26-002646,F-1,,2026-06-25,maskf1062326.htm,shelf
974a0c9e-cee8-4d76-b1c9-c131f09aa825,MASK,2026-09-04,0001993097,selected,0001185185-26-002628,F-1/A,,2026-06-24,maskf1a1062426.htm,shelf
974a0c9e-cee8-4d76-b1c9-c131f09aa825,MASK,2026-09-04,0001993097,selected,0001185185-26-002325,F-1,,2026-06-03,maskf1060126.htm,shelf
3fd76ca0-121c-4642-a97b-efce590b5b0c,JAGX,2026-09-04,0001585608,selected,0001193125-26-381113,424B5,,2026-09-03,d126561d424b5.htm,offering
3fd76ca0-121c-4642-a97b-efce590b5b0c,JAGX,2026-09-04,0001585608,selected,0001193125-26-360939,424B3,,2026-08-21,d228075d424b3.htm,offering
3fd76ca0-121c-4642-a97b-efce590b5b0c,JAGX,2026-09-04,0001585608,selected,0001193125-26-316920,424B3,,2026-07-27,d117884d424b3.htm,offering
3fd76ca0-121c-4642-a97b-efce590b5b0c,JAGX,2026-09-04,0001585608,selected,0001193125-26-316918,424B3,,2026-07-27,d47881d424b3.htm,offering
3fd76ca0-121c-4642-a97b-efce590b5b0c,JAGX,2026-09-04,0001585608,selected,0001193125-26-315711,S-1/A,,2026-07-24,d47881ds1a.htm,shelf
3fd76ca0-121c-4642-a97b-efce590b5b0c,JAGX,2026-09-04,0001585608,selected,0001193125-26-304988,S-1,,2026-07-16,d47881ds1.htm,shelf
619cf01b-d540-459b-b35e-1cfd9357cb71,CUPR,2026-09-04,0001995704,selected,0001493152-26-032280,F-1,,2026-07-07,formf-1.htm,shelf
dc125b2c-255d-4cf4-a512-27279665a91e,SUGP,2026-09-04,0001969863,selected,0001753926-26-001633,424B3,,2026-08-26,g085905_424b3.htm,offering
dc125b2c-255d-4cf4-a512-27279665a91e,SUGP,2026-09-04,0001969863,selected,0001753926-26-001031,424B3,,2026-06-22,g085773_424.htm,offering
dc125b2c-255d-4cf4-a512-27279665a91e,SUGP,2026-09-04,0001969863,selected,0001753926-26-001005,F-1,,2026-06-12,g085763_f1.htm,shelf
dc125b2c-255d-4cf4-a512-27279665a91e,SUGP,2026-09-04,0001969863,selected,0001753926-26-000819,424B3,,2026-05-12,g085728_424b3.htm,offering
7d5fa9fd-094a-4a5f-87fe-bcc3e985ca2f,ATPC,2026-09-04,0001713210,selected,0001493152-26-033881,S-1/A,,2026-07-20,forms-1a.htm,shelf
7d5fa9fd-094a-4a5f-87fe-bcc3e985ca2f,ATPC,2026-09-04,0001713210,selected,0001493152-26-027669,S-1,,2026-06-08,forms-1.htm,shelf
6bf53dfe-75c0-4662-a13a-ba6b1d28e620,IOTR,2026-09-04,0001997637,no_filings,,,,,,
56854f80-cf39-4620-abbe-13abae540a50,PW,2026-09-04,0001532619,no_filings,,,,,,
12c4d00d-13b8-4223-869d-dae920096893,VMAR,2026-09-04,0001813783,no_filings,,,,,,
9d38b2c7-ce17-4865-b463-b23f3969ae84,HKIT,2026-09-04,0001742341,selected,0001213900-26-064589,424B5,,2026-06-03,ea0293322-424b5_hitek.htm,offering
9d38b2c7-ce17-4865-b463-b23f3969ae84,HKIT,2026-09-04,0001742341,selected,0001213900-26-036372,424B5,,2026-03-30,ea0283951-424b5_hitek.htm,offering
9d38b2c7-ce17-4865-b463-b23f3969ae84,HKIT,2026-09-04,0001742341,selected,0001213900-26-027662,424B5,,2026-03-13,ea0281563-424b5_hitek.htm,offering
d79aff5e-9770-499d-9708-b36cd0d2d198,BJDX,2026-09-04,0001704287,selected,0001213900-26-072672,424B3,,2026-06-26,ea0296012-424b3_bluejay.htm,offering
d79aff5e-9770-499d-9708-b36cd0d2d198,BJDX,2026-09-04,0001704287,selected,0001213900-26-069727,S-3,,2026-06-17,ea0294889-s3_bluejay.htm,shelf
70a32d96-7ba1-4b95-a382-0ac66a24d07e,CODX,2026-09-04,0001692415,selected,0001493152-26-039875,S-3,,2026-08-24,forms-3.htm,shelf
70a32d96-7ba1-4b95-a382-0ac66a24d07e,CODX,2026-09-04,0001692415,selected,0001493152-26-034835,424B5,,2026-07-27,form424b5.htm,offering
70a32d96-7ba1-4b95-a382-0ac66a24d07e,CODX,2026-09-04,0001692415,selected,0001493152-26-025630,S-3,,2026-05-28,forms-3.htm,shelf
70a32d96-7ba1-4b95-a382-0ac66a24d07e,CODX,2026-09-04,0001692415,selected,0001493152-26-022504,S-3,,2026-05-12,forms-3.htm,shelf
fd7fa9c6-4b3c-4d2b-9e1b-930a53b751c5,AEHL,2026-09-04,0001470683,selected,0001493152-26-025214,424B5,,2026-05-26,form424b5.htm,offering
fd7fa9c6-4b3c-4d2b-9e1b-930a53b751c5,AEHL,2026-09-04,0001470683,selected,0001493152-26-020826,F-3/A,,2026-05-01,formf-3a.htm,shelf
fd7fa9c6-4b3c-4d2b-9e1b-930a53b751c5,AEHL,2026-09-04,0001470683,selected,0001493152-26-016579,F-3,,2026-04-14,formf-3.htm,shelf
cfbefaaf-195a-47fa-8be3-fc558833a390,GIPR,2026-09-04,0001651721,selected,0001193125-26-346878,8-K,3.01,2026-08-12,gipr-20260806.htm,8k_items:3.01
cfbefaaf-195a-47fa-8be3-fc558833a390,GIPR,2026-09-04,0001651721,selected,0001193125-26-300342,424B3,,2026-07-10,2026.07.10_prosp_suppl.htm,offering
cfbefaaf-195a-47fa-8be3-fc558833a390,GIPR,2026-09-04,0001651721,selected,0001193125-26-250992,424B4,,2026-06-01,gipr-20260601.htm,offering
cfbefaaf-195a-47fa-8be3-fc558833a390,GIPR,2026-09-04,0001651721,selected,0001193125-26-237445,S-11,,2026-05-26,gipr-20260523.htm,shelf
fa93d4b8-1553-4f85-9eb8-5b4a5bb5cd49,ZOOZ,2026-09-04,0001992818,no_filings,,,,,,
072a0c4a-23af-4e0e-a07f-207bb9519c12,YQ,2026-09-04,0001821468,no_filings,,,,,,
625ea2bd-0d96-4c9a-abd1-bb4e22a53333,MIMI,2026-09-04,0001998560,selected,0001213900-26-094900,424B5,,2026-08-28,ea0303716-424b5_mint.htm,offering
625ea2bd-0d96-4c9a-abd1-bb4e22a53333,MIMI,2026-09-04,0001998560,selected,0001213900-26-059054,F-3,,2026-05-19,ea0290805-f3_mint.htm,shelf
bb3b95c8-7f9f-48f4-81f2-849245b4c853,PRHI,2026-09-04,0001502292,no_filings,,,,,,
009ad22c-4856-401e-bf13-a353915fdbdf,DLTH,2026-09-04,0001649744,no_filings,,,,,,
10e81756-9a0a-4961-a50c-fd05d15d79bb,GELS,2026-09-04,0001920092,no_filings,,,,,,
f306e55d-23bb-4885-af85-c0a3874587cc,NTRB,2026-09-04,0001676047,no_filings,,,,,,
c369117a-40cb-4ad6-aaeb-a23b20e4f8a3,AREN,2026-09-04,,no_cik,,,,,,
fd3c0937-757f-4904-82ca-0afcf7461823,SVRN,2026-09-08,0001869467,no_filings,,,,,,
4e12a2a6-5643-4a9a-beb8-96da2cf8f4d4,JAGX,2026-09-08,0001585608,selected,0001193125-26-383673,8-K,8.01,2026-09-04,d111700d8k.htm,8k_items:8.01
4e12a2a6-5643-4a9a-beb8-96da2cf8f4d4,JAGX,2026-09-08,0001585608,selected,0001193125-26-381113,424B5,,2026-09-03,d126561d424b5.htm,offering
4e12a2a6-5643-4a9a-beb8-96da2cf8f4d4,JAGX,2026-09-08,0001585608,selected,0001193125-26-360939,424B3,,2026-08-21,d228075d424b3.htm,offering
4e12a2a6-5643-4a9a-beb8-96da2cf8f4d4,JAGX,2026-09-08,0001585608,selected,0001193125-26-316920,424B3,,2026-07-27,d117884d424b3.htm,offering
4e12a2a6-5643-4a9a-beb8-96da2cf8f4d4,JAGX,2026-09-08,0001585608,selected,0001193125-26-316918,424B3,,2026-07-27,d47881d424b3.htm,offering
4e12a2a6-5643-4a9a-beb8-96da2cf8f4d4,JAGX,2026-09-08,0001585608,selected,0001193125-26-315711,S-1/A,,2026-07-24,d47881ds1a.htm,shelf
42ede581-9adb-419d-aece-e05d67cc9b0e,CUPR,2026-09-08,0001995704,selected,0001493152-26-032280,F-1,,2026-07-07,formf-1.htm,shelf
c6b9a691-460a-4c2b-8187-d24fac9b2301,SUGP,2026-09-08,0001969863,selected,0001753926-26-001633,424B3,,2026-08-26,g085905_424b3.htm,offering
c6b9a691-460a-4c2b-8187-d24fac9b2301,SUGP,2026-09-08,0001969863,selected,0001753926-26-001031,424B3,,2026-06-22,g085773_424.htm,offering
c6b9a691-460a-4c2b-8187-d24fac9b2301,SUGP,2026-09-08,0001969863,selected,0001753926-26-001005,F-1,,2026-06-12,g085763_f1.htm,shelf
c6b9a691-460a-4c2b-8187-d24fac9b2301,SUGP,2026-09-08,0001969863,selected,0001753926-26-000819,424B3,,2026-05-12,g085728_424b3.htm,offering
878d1487-187b-4441-8da8-c99bb6f28877,PW,2026-09-08,0001532619,no_filings,,,,,,
ceafb2ca-357e-4af4-a095-94930badadf8,MASK,2026-09-08,0001993097,selected,0001185185-26-003599,F-1/A,,2026-08-18,maskf1a1081726.htm,shelf
ceafb2ca-357e-4af4-a095-94930badadf8,MASK,2026-09-08,0001993097,selected,0001185185-26-003135,F-1,,2026-07-27,maskf1072426.htm,shelf
ceafb2ca-357e-4af4-a095-94930badadf8,MASK,2026-09-08,0001993097,selected,0001185185-26-002956,F-1/A,,2026-07-14,maskf1a1071426.htm,shelf
ceafb2ca-357e-4af4-a095-94930badadf8,MASK,2026-09-08,0001993097,selected,0001185185-26-002646,F-1,,2026-06-25,maskf1062326.htm,shelf
ceafb2ca-357e-4af4-a095-94930badadf8,MASK,2026-09-08,0001993097,selected,0001185185-26-002628,F-1/A,,2026-06-24,maskf1a1062426.htm,shelf
ceafb2ca-357e-4af4-a095-94930badadf8,MASK,2026-09-08,0001993097,selected,0001185185-26-002325,F-1,,2026-06-03,maskf1060126.htm,shelf
ccbdb8f8-d452-4868-841c-0e66f32f8beb,VMAR,2026-09-08,0001813783,no_filings,,,,,,
614f7799-ac0e-459c-b173-a51ce41244ef,BJDX,2026-09-08,0001704287,selected,0001213900-26-072672,424B3,,2026-06-26,ea0296012-424b3_bluejay.htm,offering
614f7799-ac0e-459c-b173-a51ce41244ef,BJDX,2026-09-08,0001704287,selected,0001213900-26-069727,S-3,,2026-06-17,ea0294889-s3_bluejay.htm,shelf
8707a4a1-04ba-4d69-a580-7258574fe338,IOTR,2026-09-08,0001997637,no_filings,,,,,,
aa9112fd-537a-46b8-8cf6-0ab873868ea0,HKIT,2026-09-08,0001742341,selected,0001213900-26-064589,424B5,,2026-06-03,ea0293322-424b5_hitek.htm,offering
aa9112fd-537a-46b8-8cf6-0ab873868ea0,HKIT,2026-09-08,0001742341,selected,0001213900-26-036372,424B5,,2026-03-30,ea0283951-424b5_hitek.htm,offering
aa9112fd-537a-46b8-8cf6-0ab873868ea0,HKIT,2026-09-08,0001742341,selected,0001213900-26-027662,424B5,,2026-03-13,ea0281563-424b5_hitek.htm,offering
4dd347f5-5f36-49f9-8dd2-b32ac0dd0d6e,ATPC,2026-09-08,0001713210,selected,0001493152-26-033881,S-1/A,,2026-07-20,forms-1a.htm,shelf
4dd347f5-5f36-49f9-8dd2-b32ac0dd0d6e,ATPC,2026-09-08,0001713210,selected,0001493152-26-027669,S-1,,2026-06-08,forms-1.htm,shelf
e01f4605-85ab-4367-a7fc-31593209c90f,CODX,2026-09-08,0001692415,selected,0001493152-26-039875,S-3,,2026-08-24,forms-3.htm,shelf
e01f4605-85ab-4367-a7fc-31593209c90f,CODX,2026-09-08,0001692415,selected,0001493152-26-034835,424B5,,2026-07-27,form424b5.htm,offering
e01f4605-85ab-4367-a7fc-31593209c90f,CODX,2026-09-08,0001692415,selected,0001493152-26-025630,S-3,,2026-05-28,forms-3.htm,shelf
e01f4605-85ab-4367-a7fc-31593209c90f,CODX,2026-09-08,0001692415,selected,0001493152-26-022504,S-3,,2026-05-12,forms-3.htm,shelf
a5b55c98-487f-44cf-ba22-4813b6860fcd,GTBP,2026-09-08,0000109657,selected,0001493152-26-041333,8-K,"3.03,5.03,8.01,9.01",2026-09-03,form8-k.htm,8k_items:3.03+5.03+8.01
a5b55c98-487f-44cf-ba22-4813b6860fcd,GTBP,2026-09-08,0000109657,selected,0001493152-26-022795,424B3,,2026-05-13,form424b3.htm,offering
a5b55c98-487f-44cf-ba22-4813b6860fcd,GTBP,2026-09-08,0000109657,selected,0001493152-26-020697,S-1,,2026-04-30,forms-1.htm,shelf
d03dff2d-90ed-4a8a-a31e-7c1b7b065681,CTSO,2026-09-08,0001175151,no_filings,,,,,,
994c9190-6ee2-4065-bbbd-65b40bead19e,CDTG,2026-09-08,0001793895,selected,0001731122-26-000591,424B3,,2026-04-17,e7431_424b3.htm,offering
f2f8057e-19a6-49ca-b7a6-676fcc08e432,IMRN,2026-09-08,0001660046,no_filings,,,,,,
f69754f6-2f7e-40d2-9860-b1d3b7fe34c4,GRI,2026-09-08,0001824293,selected,0001824293-26-000057,8-K,"7.01,8.01,9.01",2026-09-08,val-20260908.htm,8k_items:8.01
766fc236-0856-4a43-93bd-af5aecb494c1,LRHC,2026-09-08,0001879403,selected,0001213900-26-097860,8-K,"3.03,5.03,7.01,9.01",2026-09-08,ea0304577-8k_larosa.htm,8k_items:3.03+5.03
766fc236-0856-4a43-93bd-af5aecb494c1,LRHC,2026-09-08,0001879403,selected,0001213900-26-093193,8-K,"2.02,3.01,8.01,9.01",2026-08-25,ea0303194-8k_larosa.htm,8k_items:3.01+8.01
766fc236-0856-4a43-93bd-af5aecb494c1,LRHC,2026-09-08,0001879403,selected,0001213900-26-091004,8-K,"1.01,3.02,9.01",2026-08-18,ea0302480-8k_larosa.htm,8k_items:1.01+3.02
8ee0b27f-9c29-41ef-9115-c291b2fcedfb,MTEX,2026-09-08,0001056358,no_filings,,,,,,
f67778a7-4b7a-40f5-b263-8fddf0737dde,MSGM,2026-09-08,0001821175,no_filings,,,,,,
029c0cbe-bea1-42b4-a6b2-273fc0cedfa0,VRXA,2026-09-08,0002079109,selected,0001829126-26-009754,424B3,,2026-09-04,veraxabiotechag_424b3.htm,offering
029c0cbe-bea1-42b4-a6b2-273fc0cedfa0,VRXA,2026-09-08,0002079109,selected,0001829126-26-009753,424B3,,2026-09-04,veraxabiotechag_424b3.htm,offering
029c0cbe-bea1-42b4-a6b2-273fc0cedfa0,VRXA,2026-09-08,0002079109,selected,0001829126-26-008548,424B5,,2026-08-10,veraxabiotech_424b5.htm,offering
029c0cbe-bea1-42b4-a6b2-273fc0cedfa0,VRXA,2026-09-08,0002079109,selected,0001829126-26-008547,424B5,,2026-08-10,veraxabiotech_424b5.htm,offering
029c0cbe-bea1-42b4-a6b2-273fc0cedfa0,VRXA,2026-09-08,0002079109,selected,0001829126-26-008400,F-1/A,,2026-08-05,veraxabiotech_f1a.htm,shelf
029c0cbe-bea1-42b4-a6b2-273fc0cedfa0,VRXA,2026-09-08,0002079109,selected,0001829126-26-008399,F-1/A,,2026-08-05,veraxabiotech_f1a.htm,shelf
2b72a04b-98c4-4b79-9d0d-ca810ddfdfce,AIRS,2026-09-08,0001870940,selected,0001870940-26-000041,8-K,"8.01,9.01",2026-08-12,airs-20260805.htm,8k_items:8.01
02bb71d7-82fe-4a46-bfa2-cb7f050bbabb,GCDT,2026-09-09,0001926293,no_filings,,,,,,
2dbc5c16-db3e-41bd-9add-503d7de5484f,BJDX,2026-09-09,0001704287,selected,0001213900-26-098071,8-K,"1.01,7.01,9.01",2026-09-08,ea0304864-8k_bluejay.htm,8k_items:1.01
2dbc5c16-db3e-41bd-9add-503d7de5484f,BJDX,2026-09-09,0001704287,selected,0001213900-26-072672,424B3,,2026-06-26,ea0296012-424b3_bluejay.htm,offering
2dbc5c16-db3e-41bd-9add-503d7de5484f,BJDX,2026-09-09,0001704287,selected,0001213900-26-069727,S-3,,2026-06-17,ea0294889-s3_bluejay.htm,shelf
61e877d7-3fcf-4b68-93ba-a3838bcbd29e,PW,2026-09-09,0001532619,no_filings,,,,,,
5054ee59-de0f-4a75-8fae-de63c01e1d88,VMAR,2026-09-09,0001813783,no_filings,,,,,,
0fabbcef-8449-494e-bc99-65f042e0cff8,ATPC,2026-09-09,0001713210,selected,0001493152-26-033881,S-1/A,,2026-07-20,forms-1a.htm,shelf
0fabbcef-8449-494e-bc99-65f042e0cff8,ATPC,2026-09-09,0001713210,selected,0001493152-26-027669,S-1,,2026-06-08,forms-1.htm,shelf
9b34c7c9-8277-4555-bec4-788cf4e728b2,CODX,2026-09-09,0001692415,selected,0001493152-26-039875,S-3,,2026-08-24,forms-3.htm,shelf
9b34c7c9-8277-4555-bec4-788cf4e728b2,CODX,2026-09-09,0001692415,selected,0001493152-26-034835,424B5,,2026-07-27,form424b5.htm,offering
9b34c7c9-8277-4555-bec4-788cf4e728b2,CODX,2026-09-09,0001692415,selected,0001493152-26-025630,S-3,,2026-05-28,forms-3.htm,shelf
9b34c7c9-8277-4555-bec4-788cf4e728b2,CODX,2026-09-09,0001692415,selected,0001493152-26-022504,S-3,,2026-05-12,forms-3.htm,shelf
ca6b9137-1849-4b02-a4d3-ea0d9dc92706,HKIT,2026-09-09,0001742341,selected,0001213900-26-064589,424B5,,2026-06-03,ea0293322-424b5_hitek.htm,offering
ca6b9137-1849-4b02-a4d3-ea0d9dc92706,HKIT,2026-09-09,0001742341,selected,0001213900-26-036372,424B5,,2026-03-30,ea0283951-424b5_hitek.htm,offering
ca6b9137-1849-4b02-a4d3-ea0d9dc92706,HKIT,2026-09-09,0001742341,selected,0001213900-26-027662,424B5,,2026-03-13,ea0281563-424b5_hitek.htm,offering
55f9c869-6e4e-430a-ad42-d2430d839880,CUPR,2026-09-09,0001995704,selected,0001493152-26-032280,F-1,,2026-07-07,formf-1.htm,shelf
a328eb3f-8116-404a-a3f1-668ffcb2ab30,MASK,2026-09-09,0001993097,selected,0001185185-26-003599,F-1/A,,2026-08-18,maskf1a1081726.htm,shelf
a328eb3f-8116-404a-a3f1-668ffcb2ab30,MASK,2026-09-09,0001993097,selected,0001185185-26-003135,F-1,,2026-07-27,maskf1072426.htm,shelf
a328eb3f-8116-404a-a3f1-668ffcb2ab30,MASK,2026-09-09,0001993097,selected,0001185185-26-002956,F-1/A,,2026-07-14,maskf1a1071426.htm,shelf
a328eb3f-8116-404a-a3f1-668ffcb2ab30,MASK,2026-09-09,0001993097,selected,0001185185-26-002646,F-1,,2026-06-25,maskf1062326.htm,shelf
a328eb3f-8116-404a-a3f1-668ffcb2ab30,MASK,2026-09-09,0001993097,selected,0001185185-26-002628,F-1/A,,2026-06-24,maskf1a1062426.htm,shelf
a328eb3f-8116-404a-a3f1-668ffcb2ab30,MASK,2026-09-09,0001993097,selected,0001185185-26-002325,F-1,,2026-06-03,maskf1060126.htm,shelf
48a50956-502a-4cce-b71a-a66412dfb66b,SUGP,2026-09-09,0001969863,selected,0001753926-26-001633,424B3,,2026-08-26,g085905_424b3.htm,offering
48a50956-502a-4cce-b71a-a66412dfb66b,SUGP,2026-09-09,0001969863,selected,0001753926-26-001031,424B3,,2026-06-22,g085773_424.htm,offering
48a50956-502a-4cce-b71a-a66412dfb66b,SUGP,2026-09-09,0001969863,selected,0001753926-26-001005,F-1,,2026-06-12,g085763_f1.htm,shelf
48a50956-502a-4cce-b71a-a66412dfb66b,SUGP,2026-09-09,0001969863,selected,0001753926-26-000819,424B3,,2026-05-12,g085728_424b3.htm,offering
64c06dc8-4179-4ba9-8933-bd4bd19c326e,IOTR,2026-09-09,0001997637,no_filings,,,,,,
1a372a1b-a95c-475e-bc84-92d9b73f3a4e,GCDT,2026-09-09,0001926293,no_filings,,,,,,
4dc99e00-ac5a-49f1-b6c0-57e2bfc99a4a,SST,2026-09-09,0001805833,selected,0001628280-26-052737,S-3,,2026-08-04,system1inc-formsx3july2026.htm,shelf
b9a917e3-6eb2-481a-a4c6-247044924338,WYHG,2026-09-09,0001999860,no_filings,,,,,,
97d792e6-de22-4ec0-a372-188373ab7f93,MOBX,2026-09-09,0001855467,selected,0001493152-26-040664,S-1,,2026-08-28,forms-1.htm,shelf
97d792e6-de22-4ec0-a372-188373ab7f93,MOBX,2026-09-09,0001855467,selected,0001493152-26-040658,8-K,"1.01,2.03,3.02,3.03,5.02,9.01",2026-08-28,form8-k.htm,8k_items:1.01+3.02+3.03
97d792e6-de22-4ec0-a372-188373ab7f93,MOBX,2026-09-09,0001855467,selected,0001493152-26-039071,424B3,,2026-08-19,form424b3.htm,offering
97d792e6-de22-4ec0-a372-188373ab7f93,MOBX,2026-09-09,0001855467,selected,0001493152-26-039069,424B3,,2026-08-19,form424b3.htm,offering
97d792e6-de22-4ec0-a372-188373ab7f93,MOBX,2026-09-09,0001855467,selected,0001493152-26-033790,424B3,,2026-07-17,form424b3.htm,offering
97d792e6-de22-4ec0-a372-188373ab7f93,MOBX,2026-09-09,0001855467,selected,0001493152-26-032710,S-1/A,,2026-07-09,forms-1a.htm,shelf
3de3024d-a6f5-45fe-aea8-51e5c7615f8b,BJDX,2026-09-09,0001704287,selected,0001213900-26-098071,8-K,"1.01,7.01,9.01",2026-09-08,ea0304864-8k_bluejay.htm,8k_items:1.01
3de3024d-a6f5-45fe-aea8-51e5c7615f8b,BJDX,2026-09-09,0001704287,selected,0001213900-26-072672,424B3,,2026-06-26,ea0296012-424b3_bluejay.htm,offering
3de3024d-a6f5-45fe-aea8-51e5c7615f8b,BJDX,2026-09-09,0001704287,selected,0001213900-26-069727,S-3,,2026-06-17,ea0294889-s3_bluejay.htm,shelf
8ed9c580-af66-4cf6-9954-92293812278c,TWG,2026-09-09,0001978057,selected,0001213900-26-071364,F-3/A,,2026-06-24,ea0295779-f3a2_topwealth.htm,shelf
8ed9c580-af66-4cf6-9954-92293812278c,TWG,2026-09-09,0001978057,selected,0001213900-26-069627,F-3/A,,2026-06-17,ea0294995-f3a1_topwealth.htm,shelf
8ed9c580-af66-4cf6-9954-92293812278c,TWG,2026-09-09,0001978057,selected,0001213900-26-062093,F-3,,2026-05-28,ea0292292-f3_topwealth.htm,shelf
bd493e6e-a0c2-49fb-8cc9-8dc8935cfd41,ATER,2026-09-09,0001757715,selected,0001437749-26-029837,8-K,"3.01,5.02,9.01",2026-09-08,ater20260902_8k.htm,8k_items:3.01
bd493e6e-a0c2-49fb-8cc9-8dc8935cfd41,ATER,2026-09-09,0001757715,selected,0001437749-26-023882,S-3,,2026-07-20,ater20260717_s3.htm,shelf
4b6a9b1d-ab34-4627-808b-017db6c9f784,INDP,2026-09-09,0001857044,selected,0001493152-26-041636,8-K/A,"1.01,9.01",2026-09-08,form8-ka.htm,8k_items:1.01
4b6a9b1d-ab34-4627-808b-017db6c9f784,INDP,2026-09-09,0001857044,selected,0001493152-26-041526,424B5,,2026-09-04,form424b5.htm,offering
4b6a9b1d-ab34-4627-808b-017db6c9f784,INDP,2026-09-09,0001857044,selected,0001493152-26-040926,8-K,"1.01,9.01",2026-09-01,form8-k.htm,8k_items:1.01
4b6a9b1d-ab34-4627-808b-017db6c9f784,INDP,2026-09-09,0001857044,selected,0001493152-26-040751,424B5,,2026-08-31,form424b5.htm,offering
4b6a9b1d-ab34-4627-808b-017db6c9f784,INDP,2026-09-09,0001857044,selected,0001493152-26-040246,424B3,,2026-08-26,form424b3.htm,offering
4b6a9b1d-ab34-4627-808b-017db6c9f784,INDP,2026-09-09,0001857044,selected,0001493152-26-038780,S-3,,2026-08-17,forms-3.htm,shelf
4ba36279-b400-4f1b-90bd-9379f321fb75,YQ,2026-09-09,0001821468,no_filings,,,,,,
951061bb-7731-41b8-8056-893839229422,BNC,2026-09-09,0001482541,selected,0001482541-26-000045,8-K,"5.03,8.01,9.01",2026-09-04,bnc-20260904.htm,8k_items:5.03+8.01
951061bb-7731-41b8-8056-893839229422,BNC,2026-09-09,0001482541,selected,0001482541-26-000043,8-K,"8.01,9.01",2026-08-10,bnc-20260805.htm,8k_items:8.01
d26fdc37-fe2a-4282-85cf-6d96dcaceb87,GCDT,2026-09-10,0001926293,no_filings,,,,,,
9d63afcc-c05a-412a-b00c-3d9469ce898b,VMAR,2026-09-10,0001813783,no_filings,,,,,,
aaa4a9c8-3502-4240-a599-1e1395d20242,CUPR,2026-09-10,0001995704,selected,0001493152-26-032280,F-1,,2026-07-07,formf-1.htm,shelf
80764403-e937-46d1-85ce-b53d8e0b6d72,HKIT,2026-09-10,0001742341,selected,0001213900-26-064589,424B5,,2026-06-03,ea0293322-424b5_hitek.htm,offering
80764403-e937-46d1-85ce-b53d8e0b6d72,HKIT,2026-09-10,0001742341,selected,0001213900-26-036372,424B5,,2026-03-30,ea0283951-424b5_hitek.htm,offering
5d7eaa29-5e84-4d06-b3bf-7422afe19f5f,IOTR,2026-09-10,0001997637,no_filings,,,,,,
a9d71ae2-ead7-46b2-9d86-51b69da7eb78,PW,2026-09-10,0001532619,no_filings,,,,,,
759a4885-c522-4891-bf75-006c4c7f2b93,ATPC,2026-09-10,0001713210,selected,0001493152-26-033881,S-1/A,,2026-07-20,forms-1a.htm,shelf
759a4885-c522-4891-bf75-006c4c7f2b93,ATPC,2026-09-10,0001713210,selected,0001493152-26-027669,S-1,,2026-06-08,forms-1.htm,shelf
4218e1b3-fca2-45ba-afbd-35d81df5ace9,BJDX,2026-09-10,0001704287,selected,0001213900-26-098071,8-K,"1.01,7.01,9.01",2026-09-08,ea0304864-8k_bluejay.htm,8k_items:1.01
4218e1b3-fca2-45ba-afbd-35d81df5ace9,BJDX,2026-09-10,0001704287,selected,0001213900-26-072672,424B3,,2026-06-26,ea0296012-424b3_bluejay.htm,offering
4218e1b3-fca2-45ba-afbd-35d81df5ace9,BJDX,2026-09-10,0001704287,selected,0001213900-26-069727,S-3,,2026-06-17,ea0294889-s3_bluejay.htm,shelf
8929d7c5-3353-4457-919c-d0702e4d5ce7,MASK,2026-09-10,0001993097,selected,0001185185-26-003599,F-1/A,,2026-08-18,maskf1a1081726.htm,shelf
8929d7c5-3353-4457-919c-d0702e4d5ce7,MASK,2026-09-10,0001993097,selected,0001185185-26-003135,F-1,,2026-07-27,maskf1072426.htm,shelf
8929d7c5-3353-4457-919c-d0702e4d5ce7,MASK,2026-09-10,0001993097,selected,0001185185-26-002956,F-1/A,,2026-07-14,maskf1a1071426.htm,shelf
8929d7c5-3353-4457-919c-d0702e4d5ce7,MASK,2026-09-10,0001993097,selected,0001185185-26-002646,F-1,,2026-06-25,maskf1062326.htm,shelf
8929d7c5-3353-4457-919c-d0702e4d5ce7,MASK,2026-09-10,0001993097,selected,0001185185-26-002628,F-1/A,,2026-06-24,maskf1a1062426.htm,shelf
8929d7c5-3353-4457-919c-d0702e4d5ce7,MASK,2026-09-10,0001993097,selected,0001185185-26-002325,F-1,,2026-06-03,maskf1060126.htm,shelf
1dbb7e2d-b502-4008-a4a0-ac58e9e32287,SUGP,2026-09-10,0001969863,selected,0001753926-26-001633,424B3,,2026-08-26,g085905_424b3.htm,offering
1dbb7e2d-b502-4008-a4a0-ac58e9e32287,SUGP,2026-09-10,0001969863,selected,0001753926-26-001031,424B3,,2026-06-22,g085773_424.htm,offering
1dbb7e2d-b502-4008-a4a0-ac58e9e32287,SUGP,2026-09-10,0001969863,selected,0001753926-26-001005,F-1,,2026-06-12,g085763_f1.htm,shelf
1dbb7e2d-b502-4008-a4a0-ac58e9e32287,SUGP,2026-09-10,0001969863,selected,0001753926-26-000819,424B3,,2026-05-12,g085728_424b3.htm,offering
1d56aac9-1895-446a-8c07-d34e28617b14,CODX,2026-09-10,0001692415,selected,0001493152-26-039875,S-3,,2026-08-24,forms-3.htm,shelf
1d56aac9-1895-446a-8c07-d34e28617b14,CODX,2026-09-10,0001692415,selected,0001493152-26-034835,424B5,,2026-07-27,form424b5.htm,offering
1d56aac9-1895-446a-8c07-d34e28617b14,CODX,2026-09-10,0001692415,selected,0001493152-26-025630,S-3,,2026-05-28,forms-3.htm,shelf
1d56aac9-1895-446a-8c07-d34e28617b14,CODX,2026-09-10,0001692415,selected,0001493152-26-022504,S-3,,2026-05-12,forms-3.htm,shelf
56a7cecc-7fe5-4457-858a-2582f4219c4b,YMAT,2026-09-10,0001875016,selected,0001493152-26-041488,F-3,,2026-09-04,formf-3.htm,shelf
157df4f4-296c-4f7e-acca-8513eca7844d,UFG,2026-09-10,0002021688,no_filings,,,,,,
2aa26a53-d9f1-48c0-83cd-259c7be7641e,SUNE,2026-09-10,0000022701,selected,0001213900-26-098107,8-K,"1.01,9.01",2026-09-08,ea030487602-8k425_sunation.htm,8k_items:1.01
2aa26a53-d9f1-48c0-83cd-259c7be7641e,SUNE,2026-09-10,0000022701,selected,0001213900-26-041767,424B5,,2026-04-09,ea0285361-424b5_sunation.htm,offering
24f79455-1165-4c3c-b36d-e551b9374c52,FTFT,2026-09-10,0001066923,selected,0001213900-26-094034,8-K,"3.03,5.03,7.01,9.01",2026-08-26,ea0303552-8k_future.htm,8k_items:3.03+5.03
3bf956ab-0fee-48fa-9ab9-d7785b4f9314,GLMD,2026-09-10,,no_cik,,,,,,
7b0911ee-7251-4450-a026-a1e8645f981e,SDA,2026-09-10,0001936804,no_filings,,,,,,
2c58a2ef-431c-4bdf-8e2e-24922fab2973,SKYE,2026-09-10,0001516551,selected,0001628280-26-058605,8-K,"1.01,3.02,9.01",2026-08-24,skye-20260821.htm,8k_items:1.01+3.02
2c58a2ef-431c-4bdf-8e2e-24922fab2973,SKYE,2026-09-10,0001516551,selected,0001628280-26-058120,8-K/A,3.03,2026-08-20,skye-20260812.htm,8k_items:3.03
2c58a2ef-431c-4bdf-8e2e-24922fab2973,SKYE,2026-09-10,0001516551,selected,0001628280-26-057804,8-K,3.01,2026-08-19,skye-20260818.htm,8k_items:3.01
2c58a2ef-431c-4bdf-8e2e-24922fab2973,SKYE,2026-09-10,0001516551,selected,0001628280-26-056966,8-K,"1.01,3.02,3.03,5.01,5.02,5.03,7.01,9.01",2026-08-14,skye-20260812.htm,8k_items:1.01+3.02+3.03+5.03
01c71d94-4bf9-47b9-a6d4-c9c316ce78f1,GTBP,2026-09-10,0000109657,selected,0001493152-26-041333,8-K,"3.03,5.03,8.01,9.01",2026-09-03,form8-k.htm,8k_items:3.03+5.03+8.01
01c71d94-4bf9-47b9-a6d4-c9c316ce78f1,GTBP,2026-09-10,0000109657,selected,0001493152-26-022795,424B3,,2026-05-13,form424b3.htm,offering
01c71d94-4bf9-47b9-a6d4-c9c316ce78f1,GTBP,2026-09-10,0000109657,selected,0001493152-26-020697,S-1,,2026-04-30,forms-1.htm,shelf
7aa92920-dc03-4aba-a5bc-41ccb6ed79fb,CDLX,2026-09-10,0001666071,no_filings,,,,,,
9a32df2d-f3de-4d6f-9483-b74ab83721b9,BCHT,2026-09-10,0000728385,no_filings,,,,,,
d591bb28-193d-4673-b0f3-c07c37268b06,GCDT,2026-09-11,0001926293,no_filings,,,,,,
ca89fbb5-ff09-4665-adbe-cf6be4c57795,VMAR,2026-09-11,0001813783,no_filings,,,,,,
f8410ef9-9954-4a9c-b7f8-42bf6063c973,SUGP,2026-09-11,0001969863,selected,0001753926-26-001633,424B3,,2026-08-26,g085905_424b3.htm,offering
f8410ef9-9954-4a9c-b7f8-42bf6063c973,SUGP,2026-09-11,0001969863,selected,0001753926-26-001031,424B3,,2026-06-22,g085773_424.htm,offering
f8410ef9-9954-4a9c-b7f8-42bf6063c973,SUGP,2026-09-11,0001969863,selected,0001753926-26-001005,F-1,,2026-06-12,g085763_f1.htm,shelf
f8410ef9-9954-4a9c-b7f8-42bf6063c973,SUGP,2026-09-11,0001969863,selected,0001753926-26-000819,424B3,,2026-05-12,g085728_424b3.htm,offering
6456f3b1-bb98-4753-8c6b-63b244b95e28,HKIT,2026-09-11,0001742341,selected,0001213900-26-064589,424B5,,2026-06-03,ea0293322-424b5_hitek.htm,offering
6456f3b1-bb98-4753-8c6b-63b244b95e28,HKIT,2026-09-11,0001742341,selected,0001213900-26-036372,424B5,,2026-03-30,ea0283951-424b5_hitek.htm,offering
26035b0a-acd7-4917-b324-28c5e8897d11,PW,2026-09-11,0001532619,no_filings,,,,,,
1f9f46a2-1d41-4f73-b9e9-9c15f88a1b35,IOTR,2026-09-11,0001997637,no_filings,,,,,,
850832d3-4145-4856-81f4-6b3822d37fdb,CUPR,2026-09-11,0001995704,selected,0001493152-26-032280,F-1,,2026-07-07,formf-1.htm,shelf
661a49ca-6c36-472e-ba2e-9461af7a3695,MASK,2026-09-11,0001993097,selected,0001185185-26-003599,F-1/A,,2026-08-18,maskf1a1081726.htm,shelf
661a49ca-6c36-472e-ba2e-9461af7a3695,MASK,2026-09-11,0001993097,selected,0001185185-26-003135,F-1,,2026-07-27,maskf1072426.htm,shelf
661a49ca-6c36-472e-ba2e-9461af7a3695,MASK,2026-09-11,0001993097,selected,0001185185-26-002956,F-1/A,,2026-07-14,maskf1a1071426.htm,shelf
661a49ca-6c36-472e-ba2e-9461af7a3695,MASK,2026-09-11,0001993097,selected,0001185185-26-002646,F-1,,2026-06-25,maskf1062326.htm,shelf
661a49ca-6c36-472e-ba2e-9461af7a3695,MASK,2026-09-11,0001993097,selected,0001185185-26-002628,F-1/A,,2026-06-24,maskf1a1062426.htm,shelf
661a49ca-6c36-472e-ba2e-9461af7a3695,MASK,2026-09-11,0001993097,selected,0001185185-26-002325,F-1,,2026-06-03,maskf1060126.htm,shelf
b4649d40-601f-488c-84a9-9d165aa5bead,CODX,2026-09-11,0001692415,selected,0001493152-26-039875,S-3,,2026-08-24,forms-3.htm,shelf
b4649d40-601f-488c-84a9-9d165aa5bead,CODX,2026-09-11,0001692415,selected,0001493152-26-034835,424B5,,2026-07-27,form424b5.htm,offering
b4649d40-601f-488c-84a9-9d165aa5bead,CODX,2026-09-11,0001692415,selected,0001493152-26-025630,S-3,,2026-05-28,forms-3.htm,shelf
b4649d40-601f-488c-84a9-9d165aa5bead,CODX,2026-09-11,0001692415,selected,0001493152-26-022504,S-3,,2026-05-12,forms-3.htm,shelf
0169631d-ca6b-4546-b380-ca6c7c851197,ATPC,2026-09-11,0001713210,selected,0001493152-26-033881,S-1/A,,2026-07-20,forms-1a.htm,shelf
0169631d-ca6b-4546-b380-ca6c7c851197,ATPC,2026-09-11,0001713210,selected,0001493152-26-027669,S-1,,2026-06-08,forms-1.htm,shelf
b04dffbc-8a44-46eb-bbff-43ea7ce130d2,BJDX,2026-09-11,0001704287,selected,0001213900-26-098071,8-K,"1.01,7.01,9.01",2026-09-08,ea0304864-8k_bluejay.htm,8k_items:1.01
b04dffbc-8a44-46eb-bbff-43ea7ce130d2,BJDX,2026-09-11,0001704287,selected,0001213900-26-072672,424B3,,2026-06-26,ea0296012-424b3_bluejay.htm,offering
b04dffbc-8a44-46eb-bbff-43ea7ce130d2,BJDX,2026-09-11,0001704287,selected,0001213900-26-069727,S-3,,2026-06-17,ea0294889-s3_bluejay.htm,shelf
b013e9f5-6ff9-4172-919f-0f095fb9455d,TNON,2026-09-11,0001560293,selected,0001213900-26-098232,8-K,"8.01,9.01",2026-09-09,ea0304884-8k_tenon.htm,8k_items:8.01
b013e9f5-6ff9-4172-919f-0f095fb9455d,TNON,2026-09-11,0001560293,selected,0001213900-26-097777,424B3,,2026-09-08,ea0304650-424b3_tenon.htm,offering
b013e9f5-6ff9-4172-919f-0f095fb9455d,TNON,2026-09-11,0001560293,selected,0001213900-26-096754,S-3/A,,2026-09-02,ea0302903-s3a2_tenon.htm,shelf
b013e9f5-6ff9-4172-919f-0f095fb9455d,TNON,2026-09-11,0001560293,selected,0001213900-26-095686,8-K,"1.01,3.02,8.01,9.01",2026-08-31,ea0303883-8k_tenon.htm,8k_items:1.01+3.02+8.01
b013e9f5-6ff9-4172-919f-0f095fb9455d,TNON,2026-09-11,0001560293,selected,0001213900-26-093926,8-K/A,"1.01,3.02,8.01,9.01",2026-08-26,ea0303435-8ka1_tenon.htm,8k_items:1.01+3.02+8.01
b013e9f5-6ff9-4172-919f-0f095fb9455d,TNON,2026-09-11,0001560293,selected,0001213900-26-092944,8-K,"8.01,9.01",2026-08-24,ea0303191-8k_tenon.htm,8k_items:8.01
4b52b4f3-e427-492f-ab7e-7828578c1874,DBGI,2026-09-11,0001668010,selected,0001493152-26-021336,S-3,,2026-05-05,forms-3.htm,shelf
4b52b4f3-e427-492f-ab7e-7828578c1874,DBGI,2026-09-11,0001668010,selected,0001493152-26-016699,424B5,,2026-04-15,form424b5.htm,offering
d9277ef6-eb4e-40dd-a0e4-59573fc696c6,AHMA,2026-09-11,0002010959,no_filings,,,,,,
476da09c-c5e8-4130-a443-aeb737b73452,REBN,2026-09-11,0001707910,selected,0001213900-26-096775,8-K,"3.01,7.01,9.01",2026-09-02,ea0304356-8k_reborn.htm,8k_items:3.01
476da09c-c5e8-4130-a443-aeb737b73452,REBN,2026-09-11,0001707910,selected,0001213900-26-087943,8-K,"1.01,9.01",2026-08-12,ea0301651-8k_reborn.htm,8k_items:1.01
65dd2031-a5d3-421b-b7f2-90a56c5864ab,PHGE,2026-09-11,,no_cik,,,,,,
d2574bad-dc7d-4678-99cf-3c538a5e16e3,GLMD,2026-09-11,,no_cik,,,,,,
6b7b4fc1-978c-48f3-b832-178fa7cbc74d,PSIG,2026-09-11,0001997201,selected,0001213900-26-085203,F-3,,2026-08-04,ea0297795-01.htm,shelf
5b74742d-1922-42eb-afd6-bb391059db15,SKYQ,2026-09-11,0001812447,selected,0001096906-26-000586,424B5,,2026-04-22,skyq_424b5.htm,offering
33ab92e5-1cd0-4f1b-baa3-c9b0b93a5b34,INDP,2026-09-11,0001857044,selected,0001493152-26-042037,8-K,"1.01,3.02,9.01",2026-09-10,form8-k.htm,8k_items:1.01+3.02
33ab92e5-1cd0-4f1b-baa3-c9b0b93a5b34,INDP,2026-09-11,0001857044,selected,0001493152-26-041636,8-K/A,"1.01,9.01",2026-09-08,form8-ka.htm,8k_items:1.01
33ab92e5-1cd0-4f1b-baa3-c9b0b93a5b34,INDP,2026-09-11,0001857044,selected,0001493152-26-041526,424B5,,2026-09-04,form424b5.htm,offering
33ab92e5-1cd0-4f1b-baa3-c9b0b93a5b34,INDP,2026-09-11,0001857044,selected,0001493152-26-040926,8-K,"1.01,9.01",2026-09-01,form8-k.htm,8k_items:1.01
33ab92e5-1cd0-4f1b-baa3-c9b0b93a5b34,INDP,2026-09-11,0001857044,selected,0001493152-26-040751,424B5,,2026-08-31,form424b5.htm,offering
33ab92e5-1cd0-4f1b-baa3-c9b0b93a5b34,INDP,2026-09-11,0001857044,selected,0001493152-26-040246,424B3,,2026-08-26,form424b3.htm,offering
97ad7dc9-cbbd-46fc-8678-36205d664214,ATER,2026-09-11,0001757715,selected,0001437749-26-029837,8-K,"3.01,5.02,9.01",2026-09-08,ater20260902_8k.htm,8k_items:3.01
97ad7dc9-cbbd-46fc-8678-36205d664214,ATER,2026-09-11,0001757715,selected,0001437749-26-023882,S-3,,2026-07-20,ater20260717_s3.htm,shelf
73f313e9-f94f-4467-ac77-f7b64ec94e5b,NCT,2026-09-15,0002018529,selected,0001213900-26-089705,F-3,,2026-08-14,ea0296968-f3_intercont.htm,shelf
73f313e9-f94f-4467-ac77-f7b64ec94e5b,NCT,2026-09-15,0002018529,selected,0001213900-26-075881,424B4,,2026-07-07,ea0291199-05.htm,offering
73f313e9-f94f-4467-ac77-f7b64ec94e5b,NCT,2026-09-15,0002018529,selected,0001213900-26-069967,F-1/A,,2026-06-18,ea0291199-04.htm,shelf
73f313e9-f94f-4467-ac77-f7b64ec94e5b,NCT,2026-09-15,0002018529,selected,0001213900-26-066161,F-1,,2026-06-08,ea0291199-03.htm,shelf
73f313e9-f94f-4467-ac77-f7b64ec94e5b,NCT,2026-09-15,0002018529,selected,0001213900-26-040544,424B3,,2026-04-06,ea028468402-424b3_intercont.htm,offering
4bb2458a-a41d-455a-9636-845c92c3e25d,MASK,2026-09-15,0001993097,selected,0001185185-26-003599,F-1/A,,2026-08-18,maskf1a1081726.htm,shelf
4bb2458a-a41d-455a-9636-845c92c3e25d,MASK,2026-09-15,0001993097,selected,0001185185-26-003135,F-1,,2026-07-27,maskf1072426.htm,shelf
4bb2458a-a41d-455a-9636-845c92c3e25d,MASK,2026-09-15,0001993097,selected,0001185185-26-002956,F-1/A,,2026-07-14,maskf1a1071426.htm,shelf
4bb2458a-a41d-455a-9636-845c92c3e25d,MASK,2026-09-15,0001993097,selected,0001185185-26-002646,F-1,,2026-06-25,maskf1062326.htm,shelf
4bb2458a-a41d-455a-9636-845c92c3e25d,MASK,2026-09-15,0001993097,selected,0001185185-26-002628,F-1/A,,2026-06-24,maskf1a1062426.htm,shelf
4bb2458a-a41d-455a-9636-845c92c3e25d,MASK,2026-09-15,0001993097,selected,0001185185-26-002325,F-1,,2026-06-03,maskf1060126.htm,shelf
7c7aa0bd-3da5-4a3e-a1f2-98d67409b9cd,SUGP,2026-09-15,0001969863,selected,0001753926-26-001633,424B3,,2026-08-26,g085905_424b3.htm,offering
7c7aa0bd-3da5-4a3e-a1f2-98d67409b9cd,SUGP,2026-09-15,0001969863,selected,0001753926-26-001031,424B3,,2026-06-22,g085773_424.htm,offering
7c7aa0bd-3da5-4a3e-a1f2-98d67409b9cd,SUGP,2026-09-15,0001969863,selected,0001753926-26-001005,F-1,,2026-06-12,g085763_f1.htm,shelf
7c7aa0bd-3da5-4a3e-a1f2-98d67409b9cd,SUGP,2026-09-15,0001969863,selected,0001753926-26-000819,424B3,,2026-05-12,g085728_424b3.htm,offering
d3dbf43a-a2e6-4461-9e20-c5abb5135a48,IOTR,2026-09-15,0001997637,selected,0001213900-26-099264,F-1,,2026-09-11,ea0298665-f1_iothree.htm,shelf
7f2bba6f-2588-4787-bfee-3627ce35d222,HKIT,2026-09-15,0001742341,selected,0001213900-26-064589,424B5,,2026-06-03,ea0293322-424b5_hitek.htm,offering
7f2bba6f-2588-4787-bfee-3627ce35d222,HKIT,2026-09-15,0001742341,selected,0001213900-26-036372,424B5,,2026-03-30,ea0283951-424b5_hitek.htm,offering
40e01614-50b8-41dc-a35f-74c364797e5b,PW,2026-09-15,0001532619,no_filings,,,,,,
ecd3318c-9a35-4f4c-b175-6912f782c986,BJDX,2026-09-15,0001704287,selected,0001213900-26-098071,8-K,"1.01,7.01,9.01",2026-09-08,ea0304864-8k_bluejay.htm,8k_items:1.01
ecd3318c-9a35-4f4c-b175-6912f782c986,BJDX,2026-09-15,0001704287,selected,0001213900-26-072672,424B3,,2026-06-26,ea0296012-424b3_bluejay.htm,offering
ecd3318c-9a35-4f4c-b175-6912f782c986,BJDX,2026-09-15,0001704287,selected,0001213900-26-069727,S-3,,2026-06-17,ea0294889-s3_bluejay.htm,shelf
d988fe42-ad9d-423c-abd4-2d965869bc63,VMAR,2026-09-15,0001813783,no_filings,,,,,,
30182fc7-d237-433e-b2b6-86fc2972c84d,ATPC,2026-09-15,0001713210,selected,0001493152-26-033881,S-1/A,,2026-07-20,forms-1a.htm,shelf
30182fc7-d237-433e-b2b6-86fc2972c84d,ATPC,2026-09-15,0001713210,selected,0001493152-26-027669,S-1,,2026-06-08,forms-1.htm,shelf
3e5f78d0-a192-4572-9fad-e2a13bcf53d3,CUPR,2026-09-15,0001995704,selected,0001493152-26-042322,F-1/A,,2026-09-11,formf-1a.htm,shelf
3e5f78d0-a192-4572-9fad-e2a13bcf53d3,CUPR,2026-09-15,0001995704,selected,0001493152-26-032280,F-1,,2026-07-07,formf-1.htm,shelf
30dfeb19-6b32-4614-9c45-8c7c3f7450cb,CODX,2026-09-15,0001692415,selected,0001493152-26-039875,S-3,,2026-08-24,forms-3.htm,shelf
30dfeb19-6b32-4614-9c45-8c7c3f7450cb,CODX,2026-09-15,0001692415,selected,0001493152-26-034835,424B5,,2026-07-27,form424b5.htm,offering
30dfeb19-6b32-4614-9c45-8c7c3f7450cb,CODX,2026-09-15,0001692415,selected,0001493152-26-025630,S-3,,2026-05-28,forms-3.htm,shelf
30dfeb19-6b32-4614-9c45-8c7c3f7450cb,CODX,2026-09-15,0001692415,selected,0001493152-26-022504,S-3,,2026-05-12,forms-3.htm,shelf
78be5e24-a9e4-4920-a398-823625c56d0f,BMGL,2026-09-15,0002004489,no_filings,,,,,,
ba6c82f4-5696-45f8-88e3-012372c6c96d,VEEA,2026-09-15,0001840317,selected,0001213900-26-093996,8-K,"1.01,2.03,3.03,5.03,7.01,9.01",2026-08-26,ea0303433-8k_veea.htm,8k_items:1.01+3.03+5.03
ba6c82f4-5696-45f8-88e3-012372c6c96d,VEEA,2026-09-15,0001840317,selected,0001213900-26-091206,8-K/A,"1.01,2.03,5.02,8.01,9.01",2026-08-18,ea0302406-8ka1_veea.htm,8k_items:1.01+8.01
ba6c82f4-5696-45f8-88e3-012372c6c96d,VEEA,2026-09-15,0001840317,selected,0001213900-26-088706,424B5,,2026-08-13,ea0301578-424b5_veea.htm,offering
ba6c82f4-5696-45f8-88e3-012372c6c96d,VEEA,2026-09-15,0001840317,selected,0001213900-26-072701,S-3,,2026-06-26,ea0295954-s3_veea.htm,shelf
ba6c82f4-5696-45f8-88e3-012372c6c96d,VEEA,2026-09-15,0001840317,selected,0001213900-26-053967,S-1/A,,2026-05-08,ea0288866-s1a1_veea.htm,shelf
3aee2c00-d3d3-4f78-be70-9117e1ce8129,LHSW,2026-09-15,0002004024,selected,0001213900-26-096975,424B4,,2026-09-03,ea0304365-424b4_lianhe.htm,offering
3aee2c00-d3d3-4f78-be70-9117e1ce8129,LHSW,2026-09-15,0002004024,selected,0001213900-26-096969,F-1MEF,,2026-09-03,ea0304365-f1mef_lianhe.htm,shelf
3aee2c00-d3d3-4f78-be70-9117e1ce8129,LHSW,2026-09-15,0002004024,selected,0001213900-26-094326,F-1/A,,2026-08-27,ea0303553-f1a1_lianhe.htm,shelf
3aee2c00-d3d3-4f78-be70-9117e1ce8129,LHSW,2026-09-15,0002004024,selected,0001213900-26-091339,F-1,,2026-08-19,ea0298467-f1_lianhe.htm,shelf
7b4565bd-35a7-4b4d-9933-6c58c7697554,VNCE,2026-09-15,0001579157,selected,0001193125-26-369683,8-K,"1.01,7.01,9.01",2026-08-27,vnce-20260827.htm,8k_items:1.01
f871d728-9ea3-4800-bb22-c7f501085e2b,HMR,2026-09-15,0002029471,selected,0000919574-26-001873,424B3,,2026-03-24,d12127138_424b-3.htm,offering
b346cd96-f10d-4001-9b1a-baa9dd43a63f,FTFT,2026-09-15,0001066923,selected,0001213900-26-094034,8-K,"3.03,5.03,7.01,9.01",2026-08-26,ea0303552-8k_future.htm,8k_items:3.03+5.03
65c48305-17dc-4fb9-bdbe-270f1e08c490,VSME,2026-09-15,0001951294,selected,0001493152-26-039654,F-3/A,,2026-08-21,formf-3a.htm,shelf
65c48305-17dc-4fb9-bdbe-270f1e08c490,VSME,2026-09-15,0001951294,selected,0001493152-26-036676,F-3/A,,2026-08-07,formf-3a.htm,shelf
65c48305-17dc-4fb9-bdbe-270f1e08c490,VSME,2026-09-15,0001951294,selected,0001493152-26-035020,F-3,,2026-07-28,formf-3.htm,shelf
7ee3f569-3684-45c0-b291-1112e9dbf04c,ELTK,2026-09-15,0001024672,no_filings,,,,,,
b60391cd-d663-4e57-8ab4-a1a0119facd0,SCNI,2026-09-15,0001611747,selected,0001213900-26-058989,424B3,,2026-05-19,ea0291471-424b3_scinai.htm,offering
b60391cd-d663-4e57-8ab4-a1a0119facd0,SCNI,2026-09-15,0001611747,selected,0001213900-26-053855,F-3,,2026-05-08,ea0289625-f3_scinai.htm,shelf
e3af62e7-9169-404f-baa9-0685ff775a62,PHGE,2026-09-15,,no_cik,,,,,,
948fba57-60c1-4840-a158-08931deb498a,SUGP,2026-09-16,0001969863,selected,0001753926-26-001633,424B3,,2026-08-26,g085905_424b3.htm,offering
948fba57-60c1-4840-a158-08931deb498a,SUGP,2026-09-16,0001969863,selected,0001753926-26-001031,424B3,,2026-06-22,g085773_424.htm,offering
948fba57-60c1-4840-a158-08931deb498a,SUGP,2026-09-16,0001969863,selected,0001753926-26-001005,F-1,,2026-06-12,g085763_f1.htm,shelf
948fba57-60c1-4840-a158-08931deb498a,SUGP,2026-09-16,0001969863,selected,0001753926-26-000819,424B3,,2026-05-12,g085728_424b3.htm,offering
82003ccc-3542-4193-bc36-1fb837999a30,IOTR,2026-09-16,0001997637,selected,0001213900-26-099264,F-1,,2026-09-11,ea0298665-f1_iothree.htm,shelf
3c5b7bb0-2d13-4b4b-844a-856ebcf2efcc,CUPR,2026-09-16,0001995704,selected,0001493152-26-042322,F-1/A,,2026-09-11,formf-1a.htm,shelf
3c5b7bb0-2d13-4b4b-844a-856ebcf2efcc,CUPR,2026-09-16,0001995704,selected,0001493152-26-032280,F-1,,2026-07-07,formf-1.htm,shelf
491b72d2-de5b-46e9-b5b7-c8502f47925e,HKIT,2026-09-16,0001742341,selected,0001213900-26-064589,424B5,,2026-06-03,ea0293322-424b5_hitek.htm,offering
491b72d2-de5b-46e9-b5b7-c8502f47925e,HKIT,2026-09-16,0001742341,selected,0001213900-26-036372,424B5,,2026-03-30,ea0283951-424b5_hitek.htm,offering
a1435295-8757-477a-b6bd-2adf14b698e8,MASK,2026-09-16,0001993097,selected,0001185185-26-003599,F-1/A,,2026-08-18,maskf1a1081726.htm,shelf
a1435295-8757-477a-b6bd-2adf14b698e8,MASK,2026-09-16,0001993097,selected,0001185185-26-003135,F-1,,2026-07-27,maskf1072426.htm,shelf
a1435295-8757-477a-b6bd-2adf14b698e8,MASK,2026-09-16,0001993097,selected,0001185185-26-002956,F-1/A,,2026-07-14,maskf1a1071426.htm,shelf
a1435295-8757-477a-b6bd-2adf14b698e8,MASK,2026-09-16,0001993097,selected,0001185185-26-002646,F-1,,2026-06-25,maskf1062326.htm,shelf
a1435295-8757-477a-b6bd-2adf14b698e8,MASK,2026-09-16,0001993097,selected,0001185185-26-002628,F-1/A,,2026-06-24,maskf1a1062426.htm,shelf
a1435295-8757-477a-b6bd-2adf14b698e8,MASK,2026-09-16,0001993097,selected,0001185185-26-002325,F-1,,2026-06-03,maskf1060126.htm,shelf
c66a5aff-c564-4fca-9f10-cb7b91714016,PW,2026-09-16,0001532619,no_filings,,,,,,
e48875ab-c47f-4318-98fd-e671b040c61e,CODX,2026-09-16,0001692415,selected,0001493152-26-042844,8-K,"8.01,9.01",2026-09-16,form8-k.htm,8k_items:8.01
e48875ab-c47f-4318-98fd-e671b040c61e,CODX,2026-09-16,0001692415,selected,0001493152-26-042744,8-K,8.01,2026-09-15,form8-k.htm,8k_items:8.01
e48875ab-c47f-4318-98fd-e671b040c61e,CODX,2026-09-16,0001692415,selected,0001493152-26-039875,S-3,,2026-08-24,forms-3.htm,shelf
e48875ab-c47f-4318-98fd-e671b040c61e,CODX,2026-09-16,0001692415,selected,0001493152-26-034835,424B5,,2026-07-27,form424b5.htm,offering
e48875ab-c47f-4318-98fd-e671b040c61e,CODX,2026-09-16,0001692415,selected,0001493152-26-025630,S-3,,2026-05-28,forms-3.htm,shelf
e48875ab-c47f-4318-98fd-e671b040c61e,CODX,2026-09-16,0001692415,selected,0001493152-26-022504,S-3,,2026-05-12,forms-3.htm,shelf
ebf3aab1-936f-4ffd-bbf7-b825403c2ddd,VMAR,2026-09-16,0001813783,no_filings,,,,,,
3f71783a-bffe-4518-a5ed-954d195e675c,ATPC,2026-09-16,0001713210,selected,0001493152-26-033881,S-1/A,,2026-07-20,forms-1a.htm,shelf
3f71783a-bffe-4518-a5ed-954d195e675c,ATPC,2026-09-16,0001713210,selected,0001493152-26-027669,S-1,,2026-06-08,forms-1.htm,shelf
dce0c009-d9a9-4d27-b2e7-12f9acd2bd39,BJDX,2026-09-16,0001704287,selected,0001213900-26-098071,8-K,"1.01,7.01,9.01",2026-09-08,ea0304864-8k_bluejay.htm,8k_items:1.01
dce0c009-d9a9-4d27-b2e7-12f9acd2bd39,BJDX,2026-09-16,0001704287,selected,0001213900-26-072672,424B3,,2026-06-26,ea0296012-424b3_bluejay.htm,offering
dce0c009-d9a9-4d27-b2e7-12f9acd2bd39,BJDX,2026-09-16,0001704287,selected,0001213900-26-069727,S-3,,2026-06-17,ea0294889-s3_bluejay.htm,shelf
d206681a-8840-4c9c-9f71-6551255766c9,VEEA,2026-09-16,0001840317,selected,0001213900-26-093996,8-K,"1.01,2.03,3.03,5.03,7.01,9.01",2026-08-26,ea0303433-8k_veea.htm,8k_items:1.01+3.03+5.03
d206681a-8840-4c9c-9f71-6551255766c9,VEEA,2026-09-16,0001840317,selected,0001213900-26-091206,8-K/A,"1.01,2.03,5.02,8.01,9.01",2026-08-18,ea0302406-8ka1_veea.htm,8k_items:1.01+8.01
d206681a-8840-4c9c-9f71-6551255766c9,VEEA,2026-09-16,0001840317,selected,0001213900-26-088706,424B5,,2026-08-13,ea0301578-424b5_veea.htm,offering
d206681a-8840-4c9c-9f71-6551255766c9,VEEA,2026-09-16,0001840317,selected,0001213900-26-072701,S-3,,2026-06-26,ea0295954-s3_veea.htm,shelf
d206681a-8840-4c9c-9f71-6551255766c9,VEEA,2026-09-16,0001840317,selected,0001213900-26-053967,S-1/A,,2026-05-08,ea0288866-s1a1_veea.htm,shelf
357dab5c-34ad-4926-b74d-2b2ba3a89728,MEDS,2026-09-16,0002030763,selected,0001493152-26-036665,S-1,,2026-08-07,forms-1.htm,shelf
357dab5c-34ad-4926-b74d-2b2ba3a89728,MEDS,2026-09-16,0002030763,selected,0001493152-26-016876,S-3,,2026-04-15,forms-3.htm,shelf
9295fcdd-4a81-4d24-8fe9-ff64c3e3324e,NAMI,2026-09-16,0001967631,no_filings,,,,,,
e824fc02-86be-48fa-aff2-01ff979e6812,RETO,2026-09-16,0001687277,selected,0001213900-26-086731,424B5,,2026-08-07,ea0300676-424b5_reto.htm,offering
e824fc02-86be-48fa-aff2-01ff979e6812,RETO,2026-09-16,0001687277,selected,0001213900-26-075775,F-3/A,,2026-07-07,ea0297237-f3a1_reto.htm,shelf
e824fc02-86be-48fa-aff2-01ff979e6812,RETO,2026-09-16,0001687277,selected,0001213900-26-071764,F-3,,2026-06-25,ea0292924-f3_reto.htm,shelf
cd374514-6a17-4a17-944c-0d9081bcbbd2,MYSZ,2026-09-16,0001211805,selected,0001493152-26-042852,8-K,"1.01,3.02,8.01,9.01",2026-09-16,form8-k.htm,8k_items:1.01+3.02+8.01
cd374514-6a17-4a17-944c-0d9081bcbbd2,MYSZ,2026-09-16,0001211805,selected,0001493152-26-040591,8-K,3.01,2026-08-28,form8-k.htm,8k_items:3.01
cd374514-6a17-4a17-944c-0d9081bcbbd2,MYSZ,2026-09-16,0001211805,selected,0001493152-26-037383,424B3,,2026-08-12,form424b3.htm,offering
cd374514-6a17-4a17-944c-0d9081bcbbd2,MYSZ,2026-09-16,0001211805,selected,0001493152-26-036499,S-1,,2026-08-07,forms-1.htm,shelf
3d6cee86-4d1c-47ba-a310-d66c54dd4dd3,BNGO,2026-09-16,0001411690,selected,0001411690-26-000021,S-3,,2026-05-08,bngo-20260508.htm,shelf
929a1128-dba5-468b-8129-ebdd74b85252,IPW,2026-09-16,0001830072,selected,0001683168-26-007176,8-K,"1.01,9.01",2026-09-15,ipower_8k.htm,8k_items:1.01
929a1128-dba5-468b-8129-ebdd74b85252,IPW,2026-09-16,0001830072,selected,0001683168-26-007035,S-1/A,,2026-09-09,ipower_s1a2.htm,shelf
929a1128-dba5-468b-8129-ebdd74b85252,IPW,2026-09-16,0001830072,selected,0001683168-26-006558,S-1/A,,2026-08-18,ipower_s1a1.htm,shelf
929a1128-dba5-468b-8129-ebdd74b85252,IPW,2026-09-16,0001830072,selected,0001683168-26-005462,S-1,,2026-07-10,ipower_s1.htm,shelf
929a1128-dba5-468b-8129-ebdd74b85252,IPW,2026-09-16,0001830072,selected,0001683168-26-003054,S-1MEF,,2026-04-17,ipower_s1mef.htm,shelf
94f535cc-d130-4045-bea7-d6f37c80c322,VRA,2026-09-16,0001495320,no_filings,,,,,,
704a70ae-70cc-4a30-aae5-2aa01afdcd45,REED,2026-09-16,0001140215,no_filings,,,,,,
ca152d24-3c1c-4c93-bdc0-8c18b5aa8100,PHGE,2026-09-16,,no_cik,,,,,,
5e64192d-cff7-49ab-85cd-c9fa03cd98dd,CODX,2026-09-17,0001692415,selected,0001493152-26-042844,8-K,"8.01,9.01",2026-09-16,form8-k.htm,8k_items:8.01
5e64192d-cff7-49ab-85cd-c9fa03cd98dd,CODX,2026-09-17,0001692415,selected,0001493152-26-042744,8-K,8.01,2026-09-15,form8-k.htm,8k_items:8.01
5e64192d-cff7-49ab-85cd-c9fa03cd98dd,CODX,2026-09-17,0001692415,selected,0001493152-26-039875,S-3,,2026-08-24,forms-3.htm,shelf
5e64192d-cff7-49ab-85cd-c9fa03cd98dd,CODX,2026-09-17,0001692415,selected,0001493152-26-034835,424B5,,2026-07-27,form424b5.htm,offering
5e64192d-cff7-49ab-85cd-c9fa03cd98dd,CODX,2026-09-17,0001692415,selected,0001493152-26-025630,S-3,,2026-05-28,forms-3.htm,shelf
5e64192d-cff7-49ab-85cd-c9fa03cd98dd,CODX,2026-09-17,0001692415,selected,0001493152-26-022504,S-3,,2026-05-12,forms-3.htm,shelf
d2d6d7d7-9afa-40eb-9f76-9b2a3442d25f,CUPR,2026-09-17,0001995704,selected,0001493152-26-042872,424B4,,2026-09-16,form424b4.htm,offering
d2d6d7d7-9afa-40eb-9f76-9b2a3442d25f,CUPR,2026-09-17,0001995704,selected,0001493152-26-042322,F-1/A,,2026-09-11,formf-1a.htm,shelf
d2d6d7d7-9afa-40eb-9f76-9b2a3442d25f,CUPR,2026-09-17,0001995704,selected,0001493152-26-032280,F-1,,2026-07-07,formf-1.htm,shelf
3cf65917-b7a4-466e-9e34-b9789754114d,MASK,2026-09-17,0001993097,selected,0001185185-26-003599,F-1/A,,2026-08-18,maskf1a1081726.htm,shelf
3cf65917-b7a4-466e-9e34-b9789754114d,MASK,2026-09-17,0001993097,selected,0001185185-26-003135,F-1,,2026-07-27,maskf1072426.htm,shelf
3cf65917-b7a4-466e-9e34-b9789754114d,MASK,2026-09-17,0001993097,selected,0001185185-26-002956,F-1/A,,2026-07-14,maskf1a1071426.htm,shelf
3cf65917-b7a4-466e-9e34-b9789754114d,MASK,2026-09-17,0001993097,selected,0001185185-26-002646,F-1,,2026-06-25,maskf1062326.htm,shelf
3cf65917-b7a4-466e-9e34-b9789754114d,MASK,2026-09-17,0001993097,selected,0001185185-26-002628,F-1/A,,2026-06-24,maskf1a1062426.htm,shelf
3cf65917-b7a4-466e-9e34-b9789754114d,MASK,2026-09-17,0001993097,selected,0001185185-26-002325,F-1,,2026-06-03,maskf1060126.htm,shelf
4bede21a-4477-4b1e-b78f-2ecc896265bc,HKIT,2026-09-17,0001742341,selected,0001213900-26-064589,424B5,,2026-06-03,ea0293322-424b5_hitek.htm,offering
4bede21a-4477-4b1e-b78f-2ecc896265bc,HKIT,2026-09-17,0001742341,selected,0001213900-26-036372,424B5,,2026-03-30,ea0283951-424b5_hitek.htm,offering
45c015b2-39d6-405c-8d40-6490c95ac815,VMAR,2026-09-17,0001813783,no_filings,,,,,,
579114f9-0672-475c-86f3-66de37313118,IOTR,2026-09-17,0001997637,selected,0001213900-26-099264,F-1,,2026-09-11,ea0298665-f1_iothree.htm,shelf
bc52eea7-776d-4ccd-b2fc-f71ec9c37d77,PW,2026-09-17,0001532619,no_filings,,,,,,
d0f04306-c2ba-42c5-ae68-fe0b964628b9,BJDX,2026-09-17,0001704287,selected,0001213900-26-098071,8-K,"1.01,7.01,9.01",2026-09-08,ea0304864-8k_bluejay.htm,8k_items:1.01
d0f04306-c2ba-42c5-ae68-fe0b964628b9,BJDX,2026-09-17,0001704287,selected,0001213900-26-072672,424B3,,2026-06-26,ea0296012-424b3_bluejay.htm,offering
d0f04306-c2ba-42c5-ae68-fe0b964628b9,BJDX,2026-09-17,0001704287,selected,0001213900-26-069727,S-3,,2026-06-17,ea0294889-s3_bluejay.htm,shelf
1625bc68-4bdb-4e47-8636-5d32c65cdbde,ATPC,2026-09-17,0001713210,selected,0001493152-26-033881,S-1/A,,2026-07-20,forms-1a.htm,shelf
1625bc68-4bdb-4e47-8636-5d32c65cdbde,ATPC,2026-09-17,0001713210,selected,0001493152-26-027669,S-1,,2026-06-08,forms-1.htm,shelf
11c089a2-ff69-47fb-aa07-8afcb4725bbf,MEDS,2026-09-17,0002030763,selected,0001493152-26-042951,8-K,"1.01,2.03,3.02,7.01,9.01",2026-09-16,form8-k.htm,8k_items:1.01+3.02
11c089a2-ff69-47fb-aa07-8afcb4725bbf,MEDS,2026-09-17,0002030763,selected,0001493152-26-036665,S-1,,2026-08-07,forms-1.htm,shelf
11c089a2-ff69-47fb-aa07-8afcb4725bbf,MEDS,2026-09-17,0002030763,selected,0001493152-26-016876,S-3,,2026-04-15,forms-3.htm,shelf
48863d4a-acce-48b6-9699-ce370c206e75,BENF,2026-09-17,0001775734,selected,0001493152-26-042821,8-K,3.02,2026-09-16,form8-k.htm,8k_items:3.02
48863d4a-acce-48b6-9699-ce370c206e75,BENF,2026-09-17,0001775734,selected,0001493152-26-036426,424B3,,2026-08-07,form424b3.htm,offering
48863d4a-acce-48b6-9699-ce370c206e75,BENF,2026-09-17,0001775734,selected,0001493152-26-035225,S-1,,2026-07-29,forms-1.htm,shelf
48863d4a-acce-48b6-9699-ce370c206e75,BENF,2026-09-17,0001775734,selected,0001493152-26-016044,424B3,,2026-04-10,form424b3.htm,offering
48863d4a-acce-48b6-9699-ce370c206e75,BENF,2026-09-17,0001775734,selected,0001493152-26-015353,424B3,,2026-04-07,form424b3.htm,offering
39eefb70-bed7-42a2-b257-d29fb483e63e,KXIN,2026-09-17,0001713539,selected,0001104659-26-075133,F-3/A,,2026-06-17,tm2618055d1_f3a.htm,shelf
586d5e4d-9e9c-4c00-be19-c8a35eb821c1,ZTG,2026-09-17,0002011458,no_filings,,,,,,
ad1b42b3-2d52-4544-ab5d-8b76c74b4459,DLXY,2026-09-17,0002025218,no_filings,,,,,,
dfcc910c-19cc-43e9-847b-900f86570dcb,QCLS,2026-09-17,0001321834,no_filings,,,,,,
1f1cbc85-8a00-4187-99c5-a05572bf6b9b,NRXS,2026-09-17,0001933567,selected,0001493152-26-039247,8-K,"5.02,8.01",2026-08-19,form8-k.htm,8k_items:8.01
1f1cbc85-8a00-4187-99c5-a05572bf6b9b,NRXS,2026-09-17,0001933567,selected,0001493152-26-036227,424B3,,2026-08-06,form424b3.htm,offering
1f1cbc85-8a00-4187-99c5-a05572bf6b9b,NRXS,2026-09-17,0001933567,selected,0001493152-26-035433,S-3/A,,2026-07-30,forms-3a.htm,shelf
1f1cbc85-8a00-4187-99c5-a05572bf6b9b,NRXS,2026-09-17,0001933567,selected,0001493152-26-034417,S-3,,2026-07-23,forms-3.htm,shelf
1f1cbc85-8a00-4187-99c5-a05572bf6b9b,NRXS,2026-09-17,0001933567,selected,0001493152-26-018361,424B5,,2026-04-21,form424b5.htm,offering
58f833d2-5c55-4b28-8024-0acd6c28522d,FRGT,2026-09-17,0001687542,no_filings,,,,,,
0e499c5d-cf21-4dd7-8351-ccfbaa6a477b,TPST,2026-09-17,0001544227,selected,0001193125-26-393151,8-K,"5.07,8.01",2026-09-16,d151966d8k.htm,8k_items:8.01
0e499c5d-cf21-4dd7-8351-ccfbaa6a477b,TPST,2026-09-17,0001544227,selected,0001193125-26-391903,8-K,"1.01,3.02,9.01",2026-09-15,d108044d8k.htm,8k_items:1.01+3.02
0e499c5d-cf21-4dd7-8351-ccfbaa6a477b,TPST,2026-09-17,0001544227,selected,0001193125-26-378588,424B3,,2026-09-01,d181522d424b3.htm,offering
0e499c5d-cf21-4dd7-8351-ccfbaa6a477b,TPST,2026-09-17,0001544227,selected,0001193125-26-361240,S-1,,2026-08-21,d181522ds1.htm,shelf
0e499c5d-cf21-4dd7-8351-ccfbaa6a477b,TPST,2026-09-17,0001544227,selected,0001193125-26-355550,8-K,"5.07,8.01",2026-08-18,d919907d8k.htm,8k_items:8.01
0e499c5d-cf21-4dd7-8351-ccfbaa6a477b,TPST,2026-09-17,0001544227,selected,0001193125-26-298528,424B3,,2026-07-08,d135184d424b3.htm,offering
3f35fd4a-3c9d-42de-be11-c8eb73df2a33,PRFX,2026-09-17,0001801834,selected,0001178913-26-003368,424B3,,2026-06-29,zk2635625.htm,offering
3f35fd4a-3c9d-42de-be11-c8eb73df2a33,PRFX,2026-09-17,0001801834,selected,0001178913-26-003292,F-1,,2026-06-22,zk2635575.htm,shelf
3f35fd4a-3c9d-42de-be11-c8eb73df2a33,PRFX,2026-09-17,0001801834,selected,0001178913-26-002809,424B3,,2026-05-19,zk2635367.htm,offering
3f35fd4a-3c9d-42de-be11-c8eb73df2a33,PRFX,2026-09-17,0001801834,selected,0001178913-26-002645,F-1,,2026-05-13,zk2635242.htm,shelf
a6b104f7-7751-452a-bf83-c88313997c9c,JAGX,2026-09-18,0001585608,selected,0001193125-26-391682,8-K,"1.01,3.02,9.01",2026-09-15,d162139d8k.htm,8k_items:1.01+3.02
a6b104f7-7751-452a-bf83-c88313997c9c,JAGX,2026-09-18,0001585608,selected,0001193125-26-391415,8-K,"3.03,5.03,7.01,9.01",2026-09-15,d105876d8k.htm,8k_items:3.03+5.03
a6b104f7-7751-452a-bf83-c88313997c9c,JAGX,2026-09-18,0001585608,selected,0001193125-26-383673,8-K,8.01,2026-09-04,d111700d8k.htm,8k_items:8.01
a6b104f7-7751-452a-bf83-c88313997c9c,JAGX,2026-09-18,0001585608,selected,0001193125-26-381113,424B5,,2026-09-03,d126561d424b5.htm,offering
a6b104f7-7751-452a-bf83-c88313997c9c,JAGX,2026-09-18,0001585608,selected,0001193125-26-360939,424B3,,2026-08-21,d228075d424b3.htm,offering
a6b104f7-7751-452a-bf83-c88313997c9c,JAGX,2026-09-18,0001585608,selected,0001193125-26-316920,424B3,,2026-07-27,d117884d424b3.htm,offering
90569f56-e902-4d9e-aac4-8ecf1fec6611,CUPR,2026-09-18,0001995704,selected,0001493152-26-042872,424B4,,2026-09-16,form424b4.htm,offering
90569f56-e902-4d9e-aac4-8ecf1fec6611,CUPR,2026-09-18,0001995704,selected,0001493152-26-042322,F-1/A,,2026-09-11,formf-1a.htm,shelf
90569f56-e902-4d9e-aac4-8ecf1fec6611,CUPR,2026-09-18,0001995704,selected,0001493152-26-032280,F-1,,2026-07-07,formf-1.htm,shelf
0fc5c44d-cf83-426c-bef2-7cd8e42e78df,PW,2026-09-18,0001532619,no_filings,,,,,,
d05fdc5a-f7ce-4e8a-8bfd-1f3eea975d44,IOTR,2026-09-18,0001997637,selected,0001213900-26-099264,F-1,,2026-09-11,ea0298665-f1_iothree.htm,shelf
e45981ad-abef-478b-803a-e36ab5ab015e,NCT,2026-09-18,0002018529,selected,0001213900-26-089705,F-3,,2026-08-14,ea0296968-f3_intercont.htm,shelf
e45981ad-abef-478b-803a-e36ab5ab015e,NCT,2026-09-18,0002018529,selected,0001213900-26-075881,424B4,,2026-07-07,ea0291199-05.htm,offering
e45981ad-abef-478b-803a-e36ab5ab015e,NCT,2026-09-18,0002018529,selected,0001213900-26-069967,F-1/A,,2026-06-18,ea0291199-04.htm,shelf
e45981ad-abef-478b-803a-e36ab5ab015e,NCT,2026-09-18,0002018529,selected,0001213900-26-066161,F-1,,2026-06-08,ea0291199-03.htm,shelf
e45981ad-abef-478b-803a-e36ab5ab015e,NCT,2026-09-18,0002018529,selected,0001213900-26-040544,424B3,,2026-04-06,ea028468402-424b3_intercont.htm,offering
394c9123-a621-4663-bca4-8406ed5a3a19,BJDX,2026-09-18,0001704287,selected,0001213900-26-098071,8-K,"1.01,7.01,9.01",2026-09-08,ea0304864-8k_bluejay.htm,8k_items:1.01
394c9123-a621-4663-bca4-8406ed5a3a19,BJDX,2026-09-18,0001704287,selected,0001213900-26-072672,424B3,,2026-06-26,ea0296012-424b3_bluejay.htm,offering
394c9123-a621-4663-bca4-8406ed5a3a19,BJDX,2026-09-18,0001704287,selected,0001213900-26-069727,S-3,,2026-06-17,ea0294889-s3_bluejay.htm,shelf
0eaebbee-d15a-4d9b-bb41-78a8c69d8deb,HKIT,2026-09-18,0001742341,selected,0001213900-26-064589,424B5,,2026-06-03,ea0293322-424b5_hitek.htm,offering
0eaebbee-d15a-4d9b-bb41-78a8c69d8deb,HKIT,2026-09-18,0001742341,selected,0001213900-26-036372,424B5,,2026-03-30,ea0283951-424b5_hitek.htm,offering
ce7502d0-2bce-4091-a587-a5b21981c65a,MASK,2026-09-18,0001993097,selected,0001185185-26-003599,F-1/A,,2026-08-18,maskf1a1081726.htm,shelf
ce7502d0-2bce-4091-a587-a5b21981c65a,MASK,2026-09-18,0001993097,selected,0001185185-26-003135,F-1,,2026-07-27,maskf1072426.htm,shelf
ce7502d0-2bce-4091-a587-a5b21981c65a,MASK,2026-09-18,0001993097,selected,0001185185-26-002956,F-1/A,,2026-07-14,maskf1a1071426.htm,shelf
ce7502d0-2bce-4091-a587-a5b21981c65a,MASK,2026-09-18,0001993097,selected,0001185185-26-002646,F-1,,2026-06-25,maskf1062326.htm,shelf
ce7502d0-2bce-4091-a587-a5b21981c65a,MASK,2026-09-18,0001993097,selected,0001185185-26-002628,F-1/A,,2026-06-24,maskf1a1062426.htm,shelf
ce7502d0-2bce-4091-a587-a5b21981c65a,MASK,2026-09-18,0001993097,selected,0001185185-26-002325,F-1,,2026-06-03,maskf1060126.htm,shelf
fc478164-cc04-412c-a0fe-d97a3fd60037,ATPC,2026-09-18,0001713210,selected,0001493152-26-033881,S-1/A,,2026-07-20,forms-1a.htm,shelf
fc478164-cc04-412c-a0fe-d97a3fd60037,ATPC,2026-09-18,0001713210,selected,0001493152-26-027669,S-1,,2026-06-08,forms-1.htm,shelf
b77382dd-9416-4d37-87ba-6a951da83915,VMAR,2026-09-18,0001813783,no_filings,,,,,,
7873ef46-fdd9-4570-8c09-b53eaea205a1,CODX,2026-09-18,0001692415,selected,0001493152-26-042844,8-K,"8.01,9.01",2026-09-16,form8-k.htm,8k_items:8.01
7873ef46-fdd9-4570-8c09-b53eaea205a1,CODX,2026-09-18,0001692415,selected,0001493152-26-042744,8-K,8.01,2026-09-15,form8-k.htm,8k_items:8.01
7873ef46-fdd9-4570-8c09-b53eaea205a1,CODX,2026-09-18,0001692415,selected,0001493152-26-039875,S-3,,2026-08-24,forms-3.htm,shelf
7873ef46-fdd9-4570-8c09-b53eaea205a1,CODX,2026-09-18,0001692415,selected,0001493152-26-034835,424B5,,2026-07-27,form424b5.htm,offering
7873ef46-fdd9-4570-8c09-b53eaea205a1,CODX,2026-09-18,0001692415,selected,0001493152-26-025630,S-3,,2026-05-28,forms-3.htm,shelf
7873ef46-fdd9-4570-8c09-b53eaea205a1,CODX,2026-09-18,0001692415,selected,0001493152-26-022504,S-3,,2026-05-12,forms-3.htm,shelf
a2ecc8cf-e60e-4dd0-a455-0bd76eb356d4,AEMD,2026-09-18,0000882291,selected,0001683168-26-007206,8-K,"1.01,5.01,7.01,9.01",2026-09-17,aethlon_8k.htm,8k_items:1.01
a2ecc8cf-e60e-4dd0-a455-0bd76eb356d4,AEMD,2026-09-18,0000882291,selected,0001683168-26-006815,8-K,8.01,2026-08-31,aethlon_8k.htm,8k_items:8.01
a2ecc8cf-e60e-4dd0-a455-0bd76eb356d4,AEMD,2026-09-18,0000882291,selected,0001683168-26-005322,424B3,,2026-07-07,aethlon_424b3.htm,offering
a2ecc8cf-e60e-4dd0-a455-0bd76eb356d4,AEMD,2026-09-18,0000882291,selected,0001683168-26-005219,S-1/A,,2026-07-01,aethlon_s1a2.htm,shelf
a2ecc8cf-e60e-4dd0-a455-0bd76eb356d4,AEMD,2026-09-18,0000882291,selected,0001683168-26-005203,S-1/A,,2026-07-01,aethlon_s1a1.htm,shelf
a2ecc8cf-e60e-4dd0-a455-0bd76eb356d4,AEMD,2026-09-18,0000882291,selected,0001683168-26-005003,S-1,,2026-06-22,aethlon_s1.htm,shelf
00c5dbb0-d27b-4f74-bf49-790d7b8939b0,DAIC,2026-09-18,0002033770,selected,0001213900-26-100595,8-K,"1.01,3.02,8.01,9.01",2026-09-16,ea0305699-8k_cidhold.htm,8k_items:1.01+3.02+8.01
00c5dbb0-d27b-4f74-bf49-790d7b8939b0,DAIC,2026-09-18,0002033770,selected,0001213900-26-096294,8-K,"3.01,7.01,9.01",2026-09-01,ea030431201-8k_cidholdco.htm,8k_items:3.01
00c5dbb0-d27b-4f74-bf49-790d7b8939b0,DAIC,2026-09-18,0002033770,selected,0001213900-26-050382,424B3,,2026-04-30,ea0288115-424b3_cidhold.htm,offering
00c5dbb0-d27b-4f74-bf49-790d7b8939b0,DAIC,2026-09-18,0002033770,selected,0001213900-26-047154,S-1,,2026-04-23,ea0287485-s1_cidhold.htm,shelf
00c5dbb0-d27b-4f74-bf49-790d7b8939b0,DAIC,2026-09-18,0002033770,selected,0001213900-26-045791,424B3,,2026-04-21,ea0287015-424b3_cidhold.htm,offering
cee07c3f-e9de-40f3-927e-caf2d5e20f93,KXIN,2026-09-18,0001713539,selected,0001104659-26-075133,F-3/A,,2026-06-17,tm2618055d1_f3a.htm,shelf
dc6669e9-0971-48f6-b9db-c21f43feb503,TCRT,2026-09-18,0001107421,selected,0001193125-26-393462,8-K,"3.03,5.03",2026-09-17,tcrt-20260916.htm,8k_items:3.03+5.03
bd896525-75a8-4024-ae63-2aaf458bd454,TURB,2026-09-18,0001963439,selected,0001213900-26-034192,424B5,,2026-03-25,ea0282598-424b5_turbo.htm,offering
6f3b64aa-e527-4298-8819-24e11cbd54b2,NUWE,2026-09-18,0001506492,selected,0001140361-26-034472,424B3,,2026-08-26,ny20080465x2_424b3.htm,offering
6f3b64aa-e527-4298-8819-24e11cbd54b2,NUWE,2026-09-18,0001506492,selected,0001140361-26-033577,S-3,,2026-08-18,ny20080465x1_s3.htm,shelf
6f3b64aa-e527-4298-8819-24e11cbd54b2,NUWE,2026-09-18,0001506492,selected,0001140361-26-030566,424B5,,2026-08-03,ny20079225x1_424b5.htm,offering
6f3b64aa-e527-4298-8819-24e11cbd54b2,NUWE,2026-09-18,0001506492,selected,0001140361-26-024372,424B4,,2026-06-08,ny20073226x4_424b4.htm,offering
6f3b64aa-e527-4298-8819-24e11cbd54b2,NUWE,2026-09-18,0001506492,selected,0001140361-26-024103,S-1MEF,,2026-06-05,ef20075601_s1mef.htm,shelf
6f3b64aa-e527-4298-8819-24e11cbd54b2,NUWE,2026-09-18,0001506492,selected,0001140361-26-023964,S-1/A,,2026-06-04,ny20073226x3_s1a.htm,shelf
2cda0309-1650-4bb5-88fa-970a155014fb,DTSS,2026-09-18,0002110423,selected,0001213900-26-089176,F-3,,2026-08-13,ea0301080-f3_datasea.htm,shelf
8f3c0f15-2bff-44de-a13e-73dc333d29ab,VRME,2026-09-18,0001104038,selected,0001214659-26-011766,424B3,,2026-09-17,d917262424b3.htm,offering
8f3c0f15-2bff-44de-a13e-73dc333d29ab,VRME,2026-09-18,0001104038,selected,0001214659-26-010142,424B3,,2026-08-14,vrme812261424b3.htm,offering
06fb971b-3bf9-465e-ae52-48fb7a2b9dbe,BIAF,2026-09-18,0001712762,selected,0001493152-26-043052,8-K,"8.01,9.01",2026-09-17,form8-k.htm,8k_items:8.01
06fb971b-3bf9-465e-ae52-48fb7a2b9dbe,BIAF,2026-09-18,0001712762,selected,0001493152-26-041894,8-K,"8.01,9.01",2026-09-09,form8-k.htm,8k_items:8.01
06fb971b-3bf9-465e-ae52-48fb7a2b9dbe,BIAF,2026-09-18,0001712762,selected,0001493152-26-041786,424B3,,2026-09-08,form424b3.htm,offering
06fb971b-3bf9-465e-ae52-48fb7a2b9dbe,BIAF,2026-09-18,0001712762,selected,0001493152-26-041387,8-K,"8.01,9.01",2026-09-03,form8-k.htm,8k_items:8.01
06fb971b-3bf9-465e-ae52-48fb7a2b9dbe,BIAF,2026-09-18,0001712762,selected,0001493152-26-041354,S-3/A,,2026-09-03,forms-3a.htm,shelf
06fb971b-3bf9-465e-ae52-48fb7a2b9dbe,BIAF,2026-09-18,0001712762,selected,0001493152-26-041020,8-K,"8.01,9.01",2026-09-01,form8-k.htm,8k_items:8.01
c05bf5be-6bb0-4c01-aa00-8ffa6d67b579,AGMH,2026-09-18,0001705402,no_filings,,,,,,
4d1c3387-7b92-4ce9-9c53-e9e11b2c3089,JAGX,2026-09-21,0001585608,selected,0001193125-26-391682,8-K,"1.01,3.02,9.01",2026-09-15,d162139d8k.htm,8k_items:1.01+3.02
4d1c3387-7b92-4ce9-9c53-e9e11b2c3089,JAGX,2026-09-21,0001585608,selected,0001193125-26-391415,8-K,"3.03,5.03,7.01,9.01",2026-09-15,d105876d8k.htm,8k_items:3.03+5.03
4d1c3387-7b92-4ce9-9c53-e9e11b2c3089,JAGX,2026-09-21,0001585608,selected,0001193125-26-383673,8-K,8.01,2026-09-04,d111700d8k.htm,8k_items:8.01
4d1c3387-7b92-4ce9-9c53-e9e11b2c3089,JAGX,2026-09-21,0001585608,selected,0001193125-26-381113,424B5,,2026-09-03,d126561d424b5.htm,offering
4d1c3387-7b92-4ce9-9c53-e9e11b2c3089,JAGX,2026-09-21,0001585608,selected,0001193125-26-360939,424B3,,2026-08-21,d228075d424b3.htm,offering
4d1c3387-7b92-4ce9-9c53-e9e11b2c3089,JAGX,2026-09-21,0001585608,selected,0001193125-26-316920,424B3,,2026-07-27,d117884d424b3.htm,offering
90979f7e-103d-431e-8d1a-a87d7f406ec1,NCT,2026-09-21,0002018529,selected,0001213900-26-089705,F-3,,2026-08-14,ea0296968-f3_intercont.htm,shelf
90979f7e-103d-431e-8d1a-a87d7f406ec1,NCT,2026-09-21,0002018529,selected,0001213900-26-075881,424B4,,2026-07-07,ea0291199-05.htm,offering
90979f7e-103d-431e-8d1a-a87d7f406ec1,NCT,2026-09-21,0002018529,selected,0001213900-26-069967,F-1/A,,2026-06-18,ea0291199-04.htm,shelf
90979f7e-103d-431e-8d1a-a87d7f406ec1,NCT,2026-09-21,0002018529,selected,0001213900-26-066161,F-1,,2026-06-08,ea0291199-03.htm,shelf
90979f7e-103d-431e-8d1a-a87d7f406ec1,NCT,2026-09-21,0002018529,selected,0001213900-26-040544,424B3,,2026-04-06,ea028468402-424b3_intercont.htm,offering
5ec0bad5-9e8c-4b0b-8639-4e7a93fad3ae,MASK,2026-09-21,0001993097,selected,0001185185-26-003599,F-1/A,,2026-08-18,maskf1a1081726.htm,shelf
5ec0bad5-9e8c-4b0b-8639-4e7a93fad3ae,MASK,2026-09-21,0001993097,selected,0001185185-26-003135,F-1,,2026-07-27,maskf1072426.htm,shelf
5ec0bad5-9e8c-4b0b-8639-4e7a93fad3ae,MASK,2026-09-21,0001993097,selected,0001185185-26-002956,F-1/A,,2026-07-14,maskf1a1071426.htm,shelf
5ec0bad5-9e8c-4b0b-8639-4e7a93fad3ae,MASK,2026-09-21,0001993097,selected,0001185185-26-002646,F-1,,2026-06-25,maskf1062326.htm,shelf
5ec0bad5-9e8c-4b0b-8639-4e7a93fad3ae,MASK,2026-09-21,0001993097,selected,0001185185-26-002628,F-1/A,,2026-06-24,maskf1a1062426.htm,shelf
5ec0bad5-9e8c-4b0b-8639-4e7a93fad3ae,MASK,2026-09-21,0001993097,selected,0001185185-26-002325,F-1,,2026-06-03,maskf1060126.htm,shelf
6e7b10ed-b65b-4d9f-a185-e36c15054a7c,IOTR,2026-09-21,0001997637,selected,0001213900-26-099264,F-1,,2026-09-11,ea0298665-f1_iothree.htm,shelf
e9fafe4c-4a4b-4206-a14f-ba080aed2348,BJDX,2026-09-21,0001704287,selected,0001213900-26-098071,8-K,"1.01,7.01,9.01",2026-09-08,ea0304864-8k_bluejay.htm,8k_items:1.01
e9fafe4c-4a4b-4206-a14f-ba080aed2348,BJDX,2026-09-21,0001704287,selected,0001213900-26-072672,424B3,,2026-06-26,ea0296012-424b3_bluejay.htm,offering
e9fafe4c-4a4b-4206-a14f-ba080aed2348,BJDX,2026-09-21,0001704287,selected,0001213900-26-069727,S-3,,2026-06-17,ea0294889-s3_bluejay.htm,shelf
2ddeb4b5-98d3-49d0-a46c-88be6526dcb3,ATPC,2026-09-21,0001713210,selected,0001493152-26-033881,S-1/A,,2026-07-20,forms-1a.htm,shelf
2ddeb4b5-98d3-49d0-a46c-88be6526dcb3,ATPC,2026-09-21,0001713210,selected,0001493152-26-027669,S-1,,2026-06-08,forms-1.htm,shelf
7ead196b-8d0c-4fd0-af4d-7b87107b46c5,CUPR,2026-09-21,0001995704,selected,0001493152-26-042872,424B4,,2026-09-16,form424b4.htm,offering
7ead196b-8d0c-4fd0-af4d-7b87107b46c5,CUPR,2026-09-21,0001995704,selected,0001493152-26-042322,F-1/A,,2026-09-11,formf-1a.htm,shelf
7ead196b-8d0c-4fd0-af4d-7b87107b46c5,CUPR,2026-09-21,0001995704,selected,0001493152-26-032280,F-1,,2026-07-07,formf-1.htm,shelf
a7e758a0-f7a6-498e-94e0-05e53c4da2c4,CODX,2026-09-21,0001692415,selected,0001493152-26-042844,8-K,"8.01,9.01",2026-09-16,form8-k.htm,8k_items:8.01
a7e758a0-f7a6-498e-94e0-05e53c4da2c4,CODX,2026-09-21,0001692415,selected,0001493152-26-042744,8-K,8.01,2026-09-15,form8-k.htm,8k_items:8.01
a7e758a0-f7a6-498e-94e0-05e53c4da2c4,CODX,2026-09-21,0001692415,selected,0001493152-26-039875,S-3,,2026-08-24,forms-3.htm,shelf
a7e758a0-f7a6-498e-94e0-05e53c4da2c4,CODX,2026-09-21,0001692415,selected,0001493152-26-034835,424B5,,2026-07-27,form424b5.htm,offering
a7e758a0-f7a6-498e-94e0-05e53c4da2c4,CODX,2026-09-21,0001692415,selected,0001493152-26-025630,S-3,,2026-05-28,forms-3.htm,shelf
a7e758a0-f7a6-498e-94e0-05e53c4da2c4,CODX,2026-09-21,0001692415,selected,0001493152-26-022504,S-3,,2026-05-12,forms-3.htm,shelf
1ef6f255-1899-49ce-8822-f8ae75407300,PW,2026-09-21,0001532619,no_filings,,,,,,
3a9d11e2-cb10-48eb-8ae4-6342fcd52ac3,HKIT,2026-09-21,0001742341,selected,0001213900-26-064589,424B5,,2026-06-03,ea0293322-424b5_hitek.htm,offering
3a9d11e2-cb10-48eb-8ae4-6342fcd52ac3,HKIT,2026-09-21,0001742341,selected,0001213900-26-036372,424B5,,2026-03-30,ea0283951-424b5_hitek.htm,offering
c5a2e98f-43db-49e7-b174-b926710fca25,VMAR,2026-09-21,0001813783,no_filings,,,,,,
4cc16b4f-9b15-4e3f-b0e9-3939b3d52a25,UZX,2026-09-21,0001969401,selected,0001213900-26-082836,F-3,,2026-07-29,ea0299289-f3_linkage.htm,shelf
4cc16b4f-9b15-4e3f-b0e9-3939b3d52a25,UZX,2026-09-21,0001969401,selected,0001213900-26-079619,424B5,,2026-07-20,ea0297855-424b5_linkage.htm,offering
4cc16b4f-9b15-4e3f-b0e9-3939b3d52a25,UZX,2026-09-21,0001969401,selected,0001213900-26-068290,F-3,,2026-06-12,ea0294091-f3_linkage.htm,shelf
6c2d6cf5-5641-42fa-a21a-48819e238ebe,IMCC,2026-09-21,0001792030,selected,0001178913-26-003150,F-3,,2026-06-09,zk2635519.htm,shelf
2a325481-fb7e-422d-8c58-621415845edd,GIPR,2026-09-21,0001651721,selected,0001193125-26-393084,8-K,8.01,2026-09-16,gipr-20260916.htm,8k_items:8.01
2a325481-fb7e-422d-8c58-621415845edd,GIPR,2026-09-21,0001651721,selected,0001193125-26-383669,8-K,1.01,2026-09-04,gipr-20260831.htm,8k_items:1.01
2a325481-fb7e-422d-8c58-621415845edd,GIPR,2026-09-21,0001651721,selected,0001193125-26-300342,424B3,,2026-07-10,2026.07.10_prosp_suppl.htm,offering
2a325481-fb7e-422d-8c58-621415845edd,GIPR,2026-09-21,0001651721,selected,0001193125-26-250992,424B4,,2026-06-01,gipr-20260601.htm,offering
2a325481-fb7e-422d-8c58-621415845edd,GIPR,2026-09-21,0001651721,selected,0001193125-26-237445,S-11,,2026-05-26,gipr-20260523.htm,shelf
576fa149-6eaf-4540-9a3d-2afccefcff13,TNMG,2026-09-21,0002013186,no_filings,,,,,,
8d050e8d-f7e1-49f5-92df-7c9b79999200,PRPL,2026-09-21,0001643953,no_filings,,,,,,
e9331f5e-4801-4eb1-bb47-6b554ff54170,ZTG,2026-09-21,0002011458,no_filings,,,,,,
3a0a7ad0-77f1-400d-8399-8c69af8cbb45,NCPL,2026-09-21,0001414767,selected,0001493152-26-040478,8-K,"3.01,9.01",2026-08-28,form8-k.htm,8k_items:3.01
3a0a7ad0-77f1-400d-8399-8c69af8cbb45,NCPL,2026-09-21,0001414767,selected,0001493152-26-040042,8-K,"5.02,8.01,9.01",2026-08-25,form8-k.htm,8k_items:8.01
3a0a7ad0-77f1-400d-8399-8c69af8cbb45,NCPL,2026-09-21,0001414767,selected,0001493152-26-016448,424B3,,2026-04-14,form424b3.htm,offering
fcac2ca5-4326-40a3-b395-cbc32052018a,OLOX,2026-09-21,0001023994,no_filings,,,,,,
b58807b2-742a-4057-af0f-4b14ca80e1fc,FNUC,2026-09-21,0001769697,no_filings,,,,,,
b5b64867-ce9a-4d04-9192-9ac189349578,DFDV,2026-09-21,0001805526,selected,0001805526-26-000109,8-K,"8.01,9.01",2026-09-21,dfdv-20260921.htm,8k_items:8.01
b5b64867-ce9a-4d04-9192-9ac189349578,DFDV,2026-09-21,0001805526,selected,0001213900-26-100373,8-K,8.01,2026-09-16,ea0305671-8k_defi.htm,8k_items:8.01
b5b64867-ce9a-4d04-9192-9ac189349578,DFDV,2026-09-21,0001805526,selected,0001805526-26-000107,8-K,"8.01,9.01",2026-09-14,dfdv-20260914.htm,8k_items:8.01
b5b64867-ce9a-4d04-9192-9ac189349578,DFDV,2026-09-21,0001805526,selected,0001805526-26-000104,8-K,"1.01,5.03,9.01",2026-09-11,dfdv-20260911.htm,8k_items:1.01+5.03
b5b64867-ce9a-4d04-9192-9ac189349578,DFDV,2026-09-21,0001805526,selected,0001805526-26-000103,424B5,,2026-09-11,preferredatm.htm,offering
b5b64867-ce9a-4d04-9192-9ac189349578,DFDV,2026-09-21,0001805526,selected,0001805526-26-000098,8-K,"1.01,3.03,5.03,8.01,9.01",2026-09-08,dfdv-20260903.htm,8k_items:1.01+3.03+5.03+8.01
e54bf4d7-a047-473f-b711-438da5b53068,JAGX,2026-09-22,0001585608,selected,0001193125-26-396752,8-K,"3.03,5.03,8.01,9.01",2026-09-21,d79729d8k.htm,8k_items:3.03+5.03+8.01
e54bf4d7-a047-473f-b711-438da5b53068,JAGX,2026-09-22,0001585608,selected,0001193125-26-391682,8-K,"1.01,3.02,9.01",2026-09-15,d162139d8k.htm,8k_items:1.01+3.02
e54bf4d7-a047-473f-b711-438da5b53068,JAGX,2026-09-22,0001585608,selected,0001193125-26-391415,8-K,"3.03,5.03,7.01,9.01",2026-09-15,d105876d8k.htm,8k_items:3.03+5.03
e54bf4d7-a047-473f-b711-438da5b53068,JAGX,2026-09-22,0001585608,selected,0001193125-26-383673,8-K,8.01,2026-09-04,d111700d8k.htm,8k_items:8.01
e54bf4d7-a047-473f-b711-438da5b53068,JAGX,2026-09-22,0001585608,selected,0001193125-26-381113,424B5,,2026-09-03,d126561d424b5.htm,offering
e54bf4d7-a047-473f-b711-438da5b53068,JAGX,2026-09-22,0001585608,selected,0001193125-26-360939,424B3,,2026-08-21,d228075d424b3.htm,offering
36d357ee-4b22-4042-9cd1-df98342b8501,NCT,2026-09-22,0002018529,selected,0001213900-26-089705,F-3,,2026-08-14,ea0296968-f3_intercont.htm,shelf
36d357ee-4b22-4042-9cd1-df98342b8501,NCT,2026-09-22,0002018529,selected,0001213900-26-075881,424B4,,2026-07-07,ea0291199-05.htm,offering
36d357ee-4b22-4042-9cd1-df98342b8501,NCT,2026-09-22,0002018529,selected,0001213900-26-069967,F-1/A,,2026-06-18,ea0291199-04.htm,shelf
36d357ee-4b22-4042-9cd1-df98342b8501,NCT,2026-09-22,0002018529,selected,0001213900-26-066161,F-1,,2026-06-08,ea0291199-03.htm,shelf
36d357ee-4b22-4042-9cd1-df98342b8501,NCT,2026-09-22,0002018529,selected,0001213900-26-040544,424B3,,2026-04-06,ea028468402-424b3_intercont.htm,offering
33459ac5-841c-4694-94ca-768bfdde20b7,CODX,2026-09-22,0001692415,selected,0001493152-26-042844,8-K,"8.01,9.01",2026-09-16,form8-k.htm,8k_items:8.01
33459ac5-841c-4694-94ca-768bfdde20b7,CODX,2026-09-22,0001692415,selected,0001493152-26-042744,8-K,8.01,2026-09-15,form8-k.htm,8k_items:8.01
33459ac5-841c-4694-94ca-768bfdde20b7,CODX,2026-09-22,0001692415,selected,0001493152-26-039875,S-3,,2026-08-24,forms-3.htm,shelf
33459ac5-841c-4694-94ca-768bfdde20b7,CODX,2026-09-22,0001692415,selected,0001493152-26-034835,424B5,,2026-07-27,form424b5.htm,offering
33459ac5-841c-4694-94ca-768bfdde20b7,CODX,2026-09-22,0001692415,selected,0001493152-26-025630,S-3,,2026-05-28,forms-3.htm,shelf
33459ac5-841c-4694-94ca-768bfdde20b7,CODX,2026-09-22,0001692415,selected,0001493152-26-022504,S-3,,2026-05-12,forms-3.htm,shelf
a10789b0-2c5f-4073-bca7-cf24c04adb09,MASK,2026-09-22,0001993097,selected,0001185185-26-003599,F-1/A,,2026-08-18,maskf1a1081726.htm,shelf
a10789b0-2c5f-4073-bca7-cf24c04adb09,MASK,2026-09-22,0001993097,selected,0001185185-26-003135,F-1,,2026-07-27,maskf1072426.htm,shelf
a10789b0-2c5f-4073-bca7-cf24c04adb09,MASK,2026-09-22,0001993097,selected,0001185185-26-002956,F-1/A,,2026-07-14,maskf1a1071426.htm,shelf
a10789b0-2c5f-4073-bca7-cf24c04adb09,MASK,2026-09-22,0001993097,selected,0001185185-26-002646,F-1,,2026-06-25,maskf1062326.htm,shelf
a10789b0-2c5f-4073-bca7-cf24c04adb09,MASK,2026-09-22,0001993097,selected,0001185185-26-002628,F-1/A,,2026-06-24,maskf1a1062426.htm,shelf
a10789b0-2c5f-4073-bca7-cf24c04adb09,MASK,2026-09-22,0001993097,selected,0001185185-26-002325,F-1,,2026-06-03,maskf1060126.htm,shelf
ba74a1a6-04a3-45af-8082-6768f715ed50,CUPR,2026-09-22,0001995704,selected,0001493152-26-042872,424B4,,2026-09-16,form424b4.htm,offering
ba74a1a6-04a3-45af-8082-6768f715ed50,CUPR,2026-09-22,0001995704,selected,0001493152-26-042322,F-1/A,,2026-09-11,formf-1a.htm,shelf
ba74a1a6-04a3-45af-8082-6768f715ed50,CUPR,2026-09-22,0001995704,selected,0001493152-26-032280,F-1,,2026-07-07,formf-1.htm,shelf
d1c13731-c4ab-4c97-baeb-6793085f9dee,ATPC,2026-09-22,0001713210,selected,0001493152-26-033881,S-1/A,,2026-07-20,forms-1a.htm,shelf
d1c13731-c4ab-4c97-baeb-6793085f9dee,ATPC,2026-09-22,0001713210,selected,0001493152-26-027669,S-1,,2026-06-08,forms-1.htm,shelf
719cc021-c03a-44fc-adc2-44fb41c2a2c8,VMAR,2026-09-22,0001813783,no_filings,,,,,,
ffd07b73-6ff7-405f-906f-c6cf772ed246,IOTR,2026-09-22,0001997637,selected,0001213900-26-099264,F-1,,2026-09-11,ea0298665-f1_iothree.htm,shelf
eb082d40-83ea-4858-98d0-e88bac2bd9c1,HKIT,2026-09-22,0001742341,selected,0001213900-26-064589,424B5,,2026-06-03,ea0293322-424b5_hitek.htm,offering
eb082d40-83ea-4858-98d0-e88bac2bd9c1,HKIT,2026-09-22,0001742341,selected,0001213900-26-036372,424B5,,2026-03-30,ea0283951-424b5_hitek.htm,offering
f83ac63a-800d-4bcd-bd31-7e8806eb2260,PW,2026-09-22,0001532619,no_filings,,,,,,
60a6a5cb-f6d7-49fd-8ef1-4054ec7a3a89,BJDX,2026-09-22,0001704287,selected,0001213900-26-098071,8-K,"1.01,7.01,9.01",2026-09-08,ea0304864-8k_bluejay.htm,8k_items:1.01
60a6a5cb-f6d7-49fd-8ef1-4054ec7a3a89,BJDX,2026-09-22,0001704287,selected,0001213900-26-072672,424B3,,2026-06-26,ea0296012-424b3_bluejay.htm,offering
60a6a5cb-f6d7-49fd-8ef1-4054ec7a3a89,BJDX,2026-09-22,0001704287,selected,0001213900-26-069727,S-3,,2026-06-17,ea0294889-s3_bluejay.htm,shelf
787cfea5-07b8-4285-923e-fa4e10c46246,PULM,2026-09-22,0001574235,selected,0001493152-26-036642,S-3/A,,2026-08-07,forms-3a.htm,shelf
787cfea5-07b8-4285-923e-fa4e10c46246,PULM,2026-09-22,0001574235,selected,0001493152-26-027179,S-3,,2026-06-04,forms-3.htm,shelf
e388dc5d-cdf4-4ff5-8974-7d25d03fc451,VRME,2026-09-22,0001104038,selected,0001214659-26-011766,424B3,,2026-09-17,d917262424b3.htm,offering
e388dc5d-cdf4-4ff5-8974-7d25d03fc451,VRME,2026-09-22,0001104038,selected,0001214659-26-010142,424B3,,2026-08-14,vrme812261424b3.htm,offering
cd2857e4-a405-43b5-b4b8-4e1142360191,BTTC,2026-09-22,0002034400,selected,0001493152-26-023984,424B3,,2026-05-18,form424b3.htm,offering
cd2857e4-a405-43b5-b4b8-4e1142360191,BTTC,2026-09-22,0002034400,selected,0001493152-26-022497,F-1/A,,2026-05-12,formf-1a.htm,shelf
cd2857e4-a405-43b5-b4b8-4e1142360191,BTTC,2026-09-22,0002034400,selected,0001493152-26-013659,F-1/A,,2026-03-30,formf-1a.htm,shelf
e04d5d4a-7b5c-479b-aa3a-2095d7d421ee,AVX,2026-09-22,0001826397,no_filings,,,,,,
dde7bafa-f7ce-4d21-8ed3-68a183f0b6e3,LOBO,2026-09-22,0001932072,no_filings,,,,,,
859d718c-cd06-4dc9-886a-8db4714ac087,GDC,2026-09-22,0001641398,selected,0001213900-26-071382,424B5,,2026-06-24,ea0295768-424b5_gdculture.htm,offering
859d718c-cd06-4dc9-886a-8db4714ac087,GDC,2026-09-22,0001641398,selected,0001213900-26-048867,424B5,,2026-04-29,ea0287505-424b5_gdculture.htm,offering
cca60b5b-8b91-473d-b9d7-ee4235695a60,AVAT,2026-09-22,0002092446,selected,0001104659-26-101037,8-K,3.01,2026-08-26,tm2623995d2_8k.htm,8k_items:3.01
cca60b5b-8b91-473d-b9d7-ee4235695a60,AVAT,2026-09-22,0002092446,selected,0001104659-26-098832,424B3,,2026-08-19,tm2621376d2_424b3.htm,offering
cca60b5b-8b91-473d-b9d7-ee4235695a60,AVAT,2026-09-22,0002092446,selected,0001104659-26-087111,424B3,,2026-07-27,tm2619613-13_424b3.htm,offering
cca60b5b-8b91-473d-b9d7-ee4235695a60,AVAT,2026-09-22,0002092446,selected,0001104659-26-085808,S-1/A,,2026-07-22,tmb-20260331xs1a.htm,shelf
cca60b5b-8b91-473d-b9d7-ee4235695a60,AVAT,2026-09-22,0002092446,selected,0001104659-26-082644,S-1,,2026-07-10,tmb-20260331xs1.htm,shelf
cca60b5b-8b91-473d-b9d7-ee4235695a60,AVAT,2026-09-22,0002092446,selected,0001104659-26-068302,424B3,,2026-05-29,tm2615904d2_424b3.htm,offering
608f09ce-2264-4233-a193-d2e1e4a53e06,NCPL,2026-09-22,0001414767,selected,0001493152-26-040478,8-K,"3.01,9.01",2026-08-28,form8-k.htm,8k_items:3.01
608f09ce-2264-4233-a193-d2e1e4a53e06,NCPL,2026-09-22,0001414767,selected,0001493152-26-040042,8-K,"5.02,8.01,9.01",2026-08-25,form8-k.htm,8k_items:8.01
608f09ce-2264-4233-a193-d2e1e4a53e06,NCPL,2026-09-22,0001414767,selected,0001493152-26-016448,424B3,,2026-04-14,form424b3.htm,offering
0d9d3514-4966-49fc-9841-d41c25a901ca,SLMT,2026-09-22,0001939965,selected,0001213900-26-092596,F-3/A,,2026-08-21,ea030270801-f3a2_brera.htm,shelf
0d9d3514-4966-49fc-9841-d41c25a901ca,SLMT,2026-09-22,0001939965,selected,0001213900-26-081394,F-3/A,,2026-07-24,ea0298871-f3a1_brera.htm,shelf
0d9d3514-4966-49fc-9841-d41c25a901ca,SLMT,2026-09-22,0001939965,selected,0001213900-26-072755,F-3,,2026-06-29,ea0291394-f3_brera.htm,shelf
0d9d3514-4966-49fc-9841-d41c25a901ca,SLMT,2026-09-22,0001939965,selected,0001213900-26-060158,424B5,,2026-05-21,ea0291646-424b5_brera.htm,offering
0d9d3514-4966-49fc-9841-d41c25a901ca,SLMT,2026-09-22,0001939965,selected,0001213900-26-060042,FWP,,2026-05-21,ea0291836-fwp_brera.htm,offering
f9d5b389-61ea-487f-9b11-1709ccc8a15b,PRTH,2026-09-22,0001653558,selected,0001213900-26-101651,8-K,"1.01,5.02,8.01,9.01",2026-09-21,ea0306047-8k_priority.htm,8k_items:1.01+8.01
f9d5b389-61ea-487f-9b11-1709ccc8a15b,PRTH,2026-09-22,0001653558,selected,0001653558-26-000134,8-K,"1.01,9.01",2026-08-26,prth-20260825.htm,8k_items:1.01
3d1f8bb0-646d-436c-a0c7-4609639bf7fd,MASK,2026-09-23,0001993097,selected,0001185185-26-003599,F-1/A,,2026-08-18,maskf1a1081726.htm,shelf
3d1f8bb0-646d-436c-a0c7-4609639bf7fd,MASK,2026-09-23,0001993097,selected,0001185185-26-003135,F-1,,2026-07-27,maskf1072426.htm,shelf
3d1f8bb0-646d-436c-a0c7-4609639bf7fd,MASK,2026-09-23,0001993097,selected,0001185185-26-002956,F-1/A,,2026-07-14,maskf1a1071426.htm,shelf
3d1f8bb0-646d-436c-a0c7-4609639bf7fd,MASK,2026-09-23,0001993097,selected,0001185185-26-002646,F-1,,2026-06-25,maskf1062326.htm,shelf
3d1f8bb0-646d-436c-a0c7-4609639bf7fd,MASK,2026-09-23,0001993097,selected,0001185185-26-002628,F-1/A,,2026-06-24,maskf1a1062426.htm,shelf
3d1f8bb0-646d-436c-a0c7-4609639bf7fd,MASK,2026-09-23,0001993097,selected,0001185185-26-002325,F-1,,2026-06-03,maskf1060126.htm,shelf
c553ac91-665e-44fe-8e5c-4bc0336aa48f,NCT,2026-09-23,0002018529,selected,0001213900-26-089705,F-3,,2026-08-14,ea0296968-f3_intercont.htm,shelf
c553ac91-665e-44fe-8e5c-4bc0336aa48f,NCT,2026-09-23,0002018529,selected,0001213900-26-075881,424B4,,2026-07-07,ea0291199-05.htm,offering
c553ac91-665e-44fe-8e5c-4bc0336aa48f,NCT,2026-09-23,0002018529,selected,0001213900-26-069967,F-1/A,,2026-06-18,ea0291199-04.htm,shelf
c553ac91-665e-44fe-8e5c-4bc0336aa48f,NCT,2026-09-23,0002018529,selected,0001213900-26-066161,F-1,,2026-06-08,ea0291199-03.htm,shelf
c553ac91-665e-44fe-8e5c-4bc0336aa48f,NCT,2026-09-23,0002018529,selected,0001213900-26-040544,424B3,,2026-04-06,ea028468402-424b3_intercont.htm,offering
37f4d305-5d31-4d8c-a315-913c65960e17,BJDX,2026-09-23,0001704287,selected,0001213900-26-098071,8-K,"1.01,7.01,9.01",2026-09-08,ea0304864-8k_bluejay.htm,8k_items:1.01
37f4d305-5d31-4d8c-a315-913c65960e17,BJDX,2026-09-23,0001704287,selected,0001213900-26-072672,424B3,,2026-06-26,ea0296012-424b3_bluejay.htm,offering
37f4d305-5d31-4d8c-a315-913c65960e17,BJDX,2026-09-23,0001704287,selected,0001213900-26-069727,S-3,,2026-06-17,ea0294889-s3_bluejay.htm,shelf
b93216ea-0ef8-4102-b3c2-532e9a3d6516,CODX,2026-09-23,0001692415,selected,0001493152-26-042844,8-K,"8.01,9.01",2026-09-16,form8-k.htm,8k_items:8.01
b93216ea-0ef8-4102-b3c2-532e9a3d6516,CODX,2026-09-23,0001692415,selected,0001493152-26-042744,8-K,8.01,2026-09-15,form8-k.htm,8k_items:8.01
b93216ea-0ef8-4102-b3c2-532e9a3d6516,CODX,2026-09-23,0001692415,selected,0001493152-26-039875,S-3,,2026-08-24,forms-3.htm,shelf
b93216ea-0ef8-4102-b3c2-532e9a3d6516,CODX,2026-09-23,0001692415,selected,0001493152-26-034835,424B5,,2026-07-27,form424b5.htm,offering
b93216ea-0ef8-4102-b3c2-532e9a3d6516,CODX,2026-09-23,0001692415,selected,0001493152-26-025630,S-3,,2026-05-28,forms-3.htm,shelf
b93216ea-0ef8-4102-b3c2-532e9a3d6516,CODX,2026-09-23,0001692415,selected,0001493152-26-022504,S-3,,2026-05-12,forms-3.htm,shelf
1a98aaa8-47f9-4f4b-9f5a-27760ff91f65,VMAR,2026-09-23,0001813783,no_filings,,,,,,
889e3370-4eb1-4b55-9da3-1421e2c6e318,CUPR,2026-09-23,0001995704,selected,0001493152-26-042872,424B4,,2026-09-16,form424b4.htm,offering
889e3370-4eb1-4b55-9da3-1421e2c6e318,CUPR,2026-09-23,0001995704,selected,0001493152-26-042322,F-1/A,,2026-09-11,formf-1a.htm,shelf
889e3370-4eb1-4b55-9da3-1421e2c6e318,CUPR,2026-09-23,0001995704,selected,0001493152-26-032280,F-1,,2026-07-07,formf-1.htm,shelf
05fa8447-b049-4504-80e6-d7206dd48d73,ATPC,2026-09-23,0001713210,selected,0001493152-26-033881,S-1/A,,2026-07-20,forms-1a.htm,shelf
05fa8447-b049-4504-80e6-d7206dd48d73,ATPC,2026-09-23,0001713210,selected,0001493152-26-027669,S-1,,2026-06-08,forms-1.htm,shelf
624e6745-0782-4e7a-a942-f7371ddfc6b5,IOTR,2026-09-23,0001997637,selected,0001213900-26-099264,F-1,,2026-09-11,ea0298665-f1_iothree.htm,shelf
46e17158-c3fb-41f6-82b9-3ac2d944582b,HKIT,2026-09-23,0001742341,selected,0001213900-26-064589,424B5,,2026-06-03,ea0293322-424b5_hitek.htm,offering
46e17158-c3fb-41f6-82b9-3ac2d944582b,HKIT,2026-09-23,0001742341,selected,0001213900-26-036372,424B5,,2026-03-30,ea0283951-424b5_hitek.htm,offering
fb88fc4e-bb33-493e-a950-4a24b0393f9d,PW,2026-09-23,0001532619,no_filings,,,,,,
509c9bbd-eb01-47b4-9605-1ee023446140,LHSW,2026-09-23,0002004024,selected,0001213900-26-096975,424B4,,2026-09-03,ea0304365-424b4_lianhe.htm,offering
509c9bbd-eb01-47b4-9605-1ee023446140,LHSW,2026-09-23,0002004024,selected,0001213900-26-096969,F-1MEF,,2026-09-03,ea0304365-f1mef_lianhe.htm,shelf
509c9bbd-eb01-47b4-9605-1ee023446140,LHSW,2026-09-23,0002004024,selected,0001213900-26-094326,F-1/A,,2026-08-27,ea0303553-f1a1_lianhe.htm,shelf
509c9bbd-eb01-47b4-9605-1ee023446140,LHSW,2026-09-23,0002004024,selected,0001213900-26-091339,F-1,,2026-08-19,ea0298467-f1_lianhe.htm,shelf
5b33d354-2736-4022-81f6-a691c82c90ec,IMCC,2026-09-23,0001792030,selected,0001178913-26-003150,F-3,,2026-06-09,zk2635519.htm,shelf
a7c7d6b1-5c48-4886-98f9-733d9920dc8b,DCOY,2026-09-23,0001615219,selected,0001193125-26-307982,424B3,,2026-07-17,dcoy_424b3_finalprospect.htm,offering
a7c7d6b1-5c48-4886-98f9-733d9920dc8b,DCOY,2026-09-23,0001615219,selected,0001193125-26-300954,S-1,,2026-07-10,dcoy-20260710.htm,shelf
a7c7d6b1-5c48-4886-98f9-733d9920dc8b,DCOY,2026-09-23,0001615219,selected,0001193125-26-269891,S-1,,2026-06-15,dcoy-20260612.htm,shelf
29f099b0-6e2b-4c05-bcf4-411f3054a391,RAIN,2026-09-23,0002028293,selected,0001213900-26-102377,8-K,"1.01,7.01,9.01",2026-09-23,ea0306365-8k_rain.htm,8k_items:1.01
29f099b0-6e2b-4c05-bcf4-411f3054a391,RAIN,2026-09-23,0002028293,selected,0001213900-26-078718,424B5,,2026-07-16,ea0298130-424b5_rain.htm,offering
29f099b0-6e2b-4c05-bcf4-411f3054a391,RAIN,2026-09-23,0002028293,selected,0001213900-26-077584,S-3/A,,2026-07-13,ea0297742-s3a1_rain.htm,shelf
29f099b0-6e2b-4c05-bcf4-411f3054a391,RAIN,2026-09-23,0002028293,selected,0001213900-26-073796,S-3,,2026-06-30,ea0296182-s3_rain.htm,shelf
29f099b0-6e2b-4c05-bcf4-411f3054a391,RAIN,2026-09-23,0002028293,selected,0001213900-26-051650,424B3,,2026-05-04,ea0288857-424b3_rain.htm,offering
29f099b0-6e2b-4c05-bcf4-411f3054a391,RAIN,2026-09-23,0002028293,selected,0001213900-26-043545,424B3,,2026-04-14,ea0286357-424b3_rain.htm,offering
0aa4f4e7-92d5-4075-8fad-70d4f8d96ea7,CWD,2026-09-23,0001627282,selected,0001627282-26-000070,8-K,"1.01,3.02,7.01,9.01",2026-09-15,cwd-20260914.htm,8k_items:1.01+3.02
0aa4f4e7-92d5-4075-8fad-70d4f8d96ea7,CWD,2026-09-23,0001627282,selected,0001627282-26-000065,8-K,3.01,2026-08-26,cwd-20260821.htm,8k_items:3.01
0aa4f4e7-92d5-4075-8fad-70d4f8d96ea7,CWD,2026-09-23,0001627282,selected,0001213900-26-048119,424B5,,2026-04-28,ea0287885-424b5_calibercos.htm,offering
0aa4f4e7-92d5-4075-8fad-70d4f8d96ea7,CWD,2026-09-23,0001627282,selected,0001213900-26-043078,S-3,,2026-04-13,ea0285794-s3_calibercos.htm,shelf
0b461f23-ad4c-4929-a653-73dec1ab0b4f,EPSM,2026-09-23,0001883437,no_filings,,,,,,
f80d1ed9-3e47-4d50-9ee1-5dc9a4c9c91d,BFRG,2026-09-23,0001829247,selected,0001493152-26-032150,424B3,,2026-07-06,form424b3.htm,offering
f80d1ed9-3e47-4d50-9ee1-5dc9a4c9c91d,BFRG,2026-09-23,0001829247,selected,0001493152-26-026390,S-1,,2026-05-29,forms-1.htm,shelf
f80d1ed9-3e47-4d50-9ee1-5dc9a4c9c91d,BFRG,2026-09-23,0001829247,selected,0001493152-26-014685,424B5,,2026-04-01,form424b5.htm,offering
149c62c2-f0ff-42e3-911b-403dc115d529,QNME,2026-09-23,0001996192,selected,0001213900-26-101812,8-K,1.01,2026-09-21,ea0306012-8k_quanome.htm,8k_items:1.01
149c62c2-f0ff-42e3-911b-403dc115d529,QNME,2026-09-23,0001996192,selected,0001213900-26-096587,S-3/A,,2026-09-02,ea0304189-s3a2_quanome.htm,shelf
149c62c2-f0ff-42e3-911b-403dc115d529,QNME,2026-09-23,0001996192,selected,0001213900-26-085359,S-3/A,,2026-08-05,ea0299813-s3a1_quanome.htm,shelf
149c62c2-f0ff-42e3-911b-403dc115d529,QNME,2026-09-23,0001996192,selected,0001213900-26-076449,S-3,,2026-07-08,ea0295616-s3_lake.htm,shelf
408700f9-a765-4642-8c3b-96b92920fef6,JTAI,2026-09-23,0001861622,no_filings,,,,,,
c5d4fae3-b9b2-4cb1-a024-da772227da18,HWH,2026-09-23,0001897245,selected,0001493152-26-043411,8-K,"5.03,9.01",2026-09-18,form8-k.htm,8k_items:5.03
c5d4fae3-b9b2-4cb1-a024-da772227da18,HWH,2026-09-23,0001897245,selected,0001493152-26-042315,8-K,"1.01,8.01,9.01",2026-09-11,form8-k.htm,8k_items:1.01+8.01
c5d4fae3-b9b2-4cb1-a024-da772227da18,HWH,2026-09-23,0001897245,selected,0001493152-26-041064,8-K,"5.02,8.01,9.01",2026-09-01,form8-k.htm,8k_items:8.01
