cal_id,stratum,ticker,cik,form,filing_date,items,accession,doc_url,prefilter_reason,text_file,text_sha256,text_tokens,truncated,snippet,label_reverse_split,label_split_ratio,label_listing_status,label_dilution_event,label_going_concern,label_other_material,labeler,label_seconds,label_notes
CAL-0001,8k_3.01,IPST,0001788230,8-K,2025-11-20,"3.01,7.01,9.01",0001788230-25-000177,https://www.sec.gov/Archives/edgar/data/1788230/000178823025000177/cask-20251119.htm,8k_items:3.01,text/0001788230-25-000177.txt,fd9e5f496b2f099f0b5841feee71a92604c250eed98e72cfbb8123bd72ab1181,1354,0,"Item 3.01 Notice of Delisting or Failure to Satisfy a Continued Listing Rule or Standard; Transfer of Listing. As previously disclosed in Current Reports on Form 8-K filed with the Securities and Exchange Commission on April 18, 2025 and October 17, 2025, on April 14, 2025, Heritage Distilling Holding Company, Inc. (th",,,,,,,,,
CAL-0002,8k_3.01,MYSZ,0001211805,8-K,2026-03-02,3.01,0001493152-26-008550,https://www.sec.gov/Archives/edgar/data/1211805/000149315226008550/form8-k.htm,8k_items:3.01,text/0001493152-26-008550.txt,6a164e0359d9dee6a8cead6ec0061005509fb2926a29a2396cb4bce18b036398,1551,0,"Item 3.01 Notice of Delisting or Failure to Satisfy a Continued Listing Rule or Standard; Transfer of Listing On March 2, 2026, My Size, Inc. (the ""Company"") was notified (the ""Notification Letter"") by the Nasdaq Listing Qualifications (""Nasdaq"") that it is not in compliance with the minimum bid price requirements set ",,,,,,,,,
CAL-0003,8k_8.01,GDC,0001641398,8-K,2026-07-31,"8.01,9.01",0001213900-26-083981,https://www.sec.gov/Archives/edgar/data/1641398/000121390026083981/ea0300047-8k_gdculture.htm,8k_items:8.01,text/0001213900-26-083981.txt,049780aa4b1f1f76432f8f4991a4b0afa804d156d49edf02d100afd44d19fe66,1021,0,"Item 8.01. Other Events. On July 29, 2026, GD Culture Group Limited, a Nevada corporation (the ""Company"") received formal written notice from The Nasdaq Stock Market LLC (""Nasdaq"") indicating that the Company has regained compliance with the $1.00 minimum bid price requirement for continued listing on The Nasdaq Capita",,,,,,,,,
CAL-0004,8k_1.01,CRMT,0000799850,8-K,2026-09-11,"1.01,8.01",0001171843-26-005989,https://www.sec.gov/Archives/edgar/data/799850/000117184326005989/f8k_091026.htm,8k_items:1.01+8.01,text/0001171843-26-005989.txt,bb467460ee6f81e7faa09d6e32ee6bb2f9f3b98320121fbffc70a61b2174c18b,2951,0,"Item 1.01 Entry into a Material Definitive Agreement. As disclosed in its Current Reports on Form 8-K filed on June 25, 2026 (the ""June 25th Current Report"") and September 4, 2026 (together with the June 25th Current Report, the ""Prior Current Reports""), America's Car-Mart, Inc. (the ""Company"") entered into the First A",,,,,,,,,
CAL-0005,8k_3.02,CRMT,0000799850,8-K,2025-11-05,"1.01,1.02,2.03,3.02,7.01,9.01",0001171843-25-007039,https://www.sec.gov/Archives/edgar/data/799850/000117184325007039/f8k_110525.htm,8k_items:1.01+3.02,text/0001171843-25-007039.txt,a1625c9af6908162f486f6f9b097330777a2c338c32ff166ffa263f78dd1011f,3053,0,"Item 1.01. Entry into a Material Definitive Agreement. On October 30, 2025, America's Car-Mart, Inc., a Texas corporation (the ""Company""), and its subsidiaries, Colonial Auto Finance, Inc., an Arkansas corporation (""Colonial""), America's Car Mart, Inc., an Arkansas corporation (""ACM""), Texas Car-Mart, Inc., a Texas cor",,,,,,,,,
CAL-0006,8k_8.01,XGN,0001274737,8-K,2026-01-12,"2.02,8.01,9.01",0001274737-26-000003,https://www.sec.gov/Archives/edgar/data/1274737/000127473726000003/exdx-20260111.htm,8k_items:8.01,text/0001274737-26-000003.txt,6a83c2fdbb8b237223446cd098fd6259ef078eb0501cf522eba857266bb35d3f,1586,0,"Item 2.02 Results of Operations and Financial Condition. On January 11, 2026, Exagen Inc. (the ""Company"") announced in a press release (the ""Press Release"") certain select preliminary unaudited financial information and results of operations for the three months and year ended December 31, 2025, based on currently avai",,,,,,,,,
CAL-0007,8k_3.01,GRI,0001824293,8-K,2026-01-16,3.01,0001824293-26-000011,https://www.sec.gov/Archives/edgar/data/1824293/000182429326000011/val-20260115.htm,8k_items:3.01,text/0001824293-26-000011.txt,b1bc0451735659d1839ed0a89ab885122f987f3e57be46d8b1670a4ebf33c369,1092,0,"Item 3.01 Notice of Delisting or Failure to Satisfy a Continued Listing Rule or Standard; Transfer of Listing. On January 15, 2026, GRI Bio, Inc. (the ""Company"") was formally notified by the Listing Qualifications Staff (the ""Staff"") of The Nasdaq Stock Market LLC (""Nasdaq"") that the Staff has determined that the Compa",,,,,,,,,
CAL-0008,8k_3.01,OFAL,0002036307,8-K,2026-06-12,"3.01,8.01,9.01",0001493152-26-028456,https://www.sec.gov/Archives/edgar/data/2036307/000149315226028456/form8-k.htm,8k_items:3.01+8.01,text/0001493152-26-028456.txt,0c0dc28bd66ee2701b3abf085055c32f7a99bc3b426e62eee63bb247e8661988,2426,0,"Item 3.01. Notice of Delisting or Failure to Satisfy a Continued Listing Rule or Standard; Transfer of Listing. As previously reported on Form 6-K, on December 11, 2025, OFA Group (the ""Company"") received a letter from the Listing Qualifications Department of The Nasdaq Stock Market LLC (""Nasdaq"") notifying the Company",,,,,,,,,
CAL-0009,8k_8.01,AMIX,0001617867,8-K,2026-07-28,8.01,0001437749-26-024597,https://www.sec.gov/Archives/edgar/data/1617867/000143774926024597/amix20260728_8k.htm,8k_items:8.01,text/0001437749-26-024597.txt,91bce1ce0e7ab39f9396634c69f27ae066634814997e6b04c034e09fd6f47510,848,0,"Item 8.01. Other Events As of July 28, 2026, Autonomix Medical, Inc.'s (the ""Company"") cash balance is approximately $5.1 million and shares of the Company's common stock outstanding is 971,043, including shares of common stock issued as part of the Company's recent warrant inducement from July 13, 2026. Signature Purs",,,,,,,,,
CAL-0010,8k_5.03,BENF,0001775734,8-K,2025-06-25,"3.02,3.03,5.03,7.01,9.01",0001641172-25-016351,https://www.sec.gov/Archives/edgar/data/1775734/000164117225016351/form8-k.htm,8k_items:3.02+5.03,text/0001641172-25-016351.txt,21e9bf9ac041cd0df657c0e7a2fc76542aab5d040e80a5c59e452460270da305,5737,0,"Item 3.02 Unregistered Sales of Equity Securities. Series B-8 Primary Capital Transaction On June 17, 2025, Beneficient, a Nevada corporation (the ""Company""), through one of its subsidiaries, closed a primary capital transaction for which an agreement was entered on May 22, 2025 with a customer with respect to a limite",,,,,,,,,
CAL-0011,8k_5.03,BENF,0001775734,8-K,2025-01-06,"3.02,3.03,5.03,7.01,9.01",0001493152-25-000368,https://www.sec.gov/Archives/edgar/data/1775734/000149315225000368/form8-k.htm,8k_items:3.02+5.03,text/0001493152-25-000368.txt,12c839cda419e19630efda6800a24e85c403425c64e517f5cd1f1e3568380a08,5195,0,"Item 3.02 Unregistered Sales of Equity Securities. Series B-5 Primary Capital Transaction On December 31, 2024, Beneficient, a Nevada corporation (the ""Company""), through one of its subsidiaries, closed a primary capital transaction with a customer with respect to a limited partner interest in an investment fund with a",,,,,,,,,
CAL-0012,8k_3.02,GCTK,0001506983,8-K,2026-09-09,"1.01,2.03,3.02",0001493152-26-041978,https://www.sec.gov/Archives/edgar/data/1506983/000149315226041978/form8-k.htm,8k_items:1.01+3.02,text/0001493152-26-041978.txt,1e2b13d3355e76ce70838d2ed302e3e73e0a635c8eeb0ff38668f89584cfbcfb,1724,0,"Item 1.01 Entry Into a Material Definitive Agreement. On September 4, 2026, Glucotrack, Inc. (the ""Company"") entered into a Settlement and Release Agreement (the ""Settlement Agreement"") with Alto Opportunity Master Fund, SPC – Segregated Master Portfolio B (""Alto""), Erik Emerson, RXRR Capital Partners LLC and Lōkahi Th",,,,,,,,,
CAL-0013,8k_1.01,AUUD,0001554818,8-K,2025-09-12,"1.01,5.02,5.07,8.01,9.01",0001683168-25-006925,https://www.sec.gov/Archives/edgar/data/1554818/000168316825006925/auddia_8k.htm,8k_items:1.01+8.01,text/0001683168-25-006925.txt,a1fb035d08eae78d5629983aee8c63c0986a019ea253a91faeb1d2f3b51841f5,2773,0,"Item 1.01 Entry into a Material Definitive Agreement. On September 11, 2025, the Company entered into an employment agreement (the ""Employment Agreement""), with Jeffrey Thramann. The Employment Agreement is effective as of July 1, 2025. The terms of the Employment Agreement are summarized below. Item 5.02 Departure of ",,,,,,,,,
CAL-0014,8k_1.01,ADVB,0001941029,8-K,2026-01-27,"1.01,9.01",0001213900-26-008254,https://www.sec.gov/Archives/edgar/data/1941029/000121390026008254/ea0274255-8k_advanced.htm,8k_items:1.01,text/0001213900-26-008254.txt,d39c2556ebca97dcfc60791be59ec8023ccf7af5dfda2e52d6b4345f79b65c12,1682,0,"Item 1.01 Entry into a Material Definitive Agreement. As previously disclosed on the Current Report on Form 8-K of Advanced Biomed Inc. (the ""Company""), on December 23, 2025, the Company entered into an agreement (the ""Spin-Off Agreement"") with an unrelated third party, Wei Ha Hui (the ""Buyer""), pursuant to which the C",,,,,,,,,
CAL-0015,8k_5.03,EDBL,0001809750,8-K,2025-02-27,"3.03,5.03,9.01",0001477932-25-001294,https://www.sec.gov/Archives/edgar/data/1809750/000147793225001294/edbl_8k.htm,8k_items:5.03,text/0001477932-25-001294.txt,595f884ff6b89fc44788df7cb30152bd53c25d1c8c08732c80fb24f490d8373a,2159,0,"Item 3.03 Material Modification to Rights of Security Holders. On February 26, 2025, Edible Garden AG Incorporated (the ""Company"") filed a Certificate of Amendment to amend its Certificate of Incorporation (the ""Certificate of Amendment"") with the Secretary of State of the State of Delaware. The Certificate of Amendmen",,,,,,,,,
CAL-0016,424B,AIRS,0001870940,424B5,2025-06-11,,0001104659-25-058250,https://www.sec.gov/Archives/edgar/data/1870940/000110465925058250/tm2517248-2_424b5.htm,offering,text/0001104659-25-058250.txt,b9a9384ed70f4329e53f83f9002bc29b9469246ba70c956c5a321be1aeaee01a,30000,1,"Filed Pursuant to Rule 424(b)(5)​ Registration No. 333-285825​ Prospectus Supplement (To Prospectus dated March 14, 2025) 3,160,000 Shares ​ Common Stock ​ We are offering 3,160,000 shares of our common stock, par value $0.001 per share, in this offering. Vesey Street Capital Partners, L.L.C., which is affiliated with ",,,,,,,,,
CAL-0017,424B,SLE,0001621672,424B5,2025-05-12,,0001437749-25-016010,https://www.sec.gov/Archives/edgar/data/1621672/000143774925016010/slgg20250509d_424b5.htm,offering,text/0001437749-25-016010.txt,4ebddc555fa4c57de4afb56cee3613655ec9cfea1fb1976d83bbc453c8d48e1d,30000,1,"Item 1A of our Annual Report on Form 10-K for the year ended December 31, 2024, which is incorporated by reference into this prospectus supplement. Corporate Information Super League Enterprise, Inc. was incorporated under the laws of the State of Delaware on October 1, 2014 as Nth Games, Inc. On June 15, 2015, we chan",,,,,,,,,
CAL-0018,8k_5.03,HCTI,0001839285,8-K,2025-08-01,"3.03,5.03,8.01,9.01",0001213900-25-070705,https://www.sec.gov/Archives/edgar/data/1839285/000121390025070705/ea0251379-8k_healthcare.htm,8k_items:5.03+8.01,text/0001213900-25-070705.txt,b9ad9a4a8bf667bb81bdcf98bfb288feb706c558bb5f87438a8b232a0d4750c2,2883,0,"Item 3.03. Material Modification to Rights of Security Holders. To the extent required by Item 3.03 of Form 8-K, the information contained in Item 8.01 of this Current Report on Form 8-K is incorporated herein by reference. Item 5.03. Amendments to Articles of Incorporation or Bylaws; Change in Fiscal Year. To the exte",,,,,,,,,
CAL-0019,8k_5.03,VRA,0001495320,8-K,2026-04-17,"1.01,3.03,5.03,7.01,9.01",0001628280-26-025831,https://www.sec.gov/Archives/edgar/data/1495320/000162828026025831/vra-20260417.htm,8k_items:1.01+5.03,text/0001628280-26-025831.txt,a6481e27c6507ea6bc5d4547206fe4fdeaa8f5e90dfa7c6cf73bf1e0cefaa132,2143,0,"Item 1.01 Entry into a Material Definitive Agreement. On April 17, 2026, Vera Bradley, Inc. (the ""Company"") and Equiniti Trust Company, LLC, as rights agent (the ""Rights Agent""), executed Amendment No. 2 (the ""Amendment"") to the Rights Agreement, dated as of October 11, 2024, by and between the Company and the Rights A",,,,,,,,,
CAL-0020,8k_3.01,GNLN,0001743745,8-K,2025-04-04,"3.01,9.01",0001641172-25-002808,https://www.sec.gov/Archives/edgar/data/1743745/000164117225002808/form8-k.htm,8k_items:3.01,text/0001641172-25-002808.txt,542c5fa426a9643aa84373b86415b5ae0e6fd2ebf19f8b6f7f80d4597849864f,2050,0,"Item 3.01 Notice of Delisting or Failure to Satisfy a Continued Listing Rule or Standard; Transfer of Listing. On April 2, 2025, Greenlane Holdings, Inc. (the ""Company"") received a notice (the ""Notice"") from The Nasdaq Stock Market LLC (""Nasdaq"") stating that the Company was not in compliance with Nasdaq Listing Rule 5",,,,,,,,,
CAL-0021,8k_1.01,DFNS,0001787518,8-K,2025-08-25,"1.01,8.01,9.01",0001213900-25-080347,https://www.sec.gov/Archives/edgar/data/1787518/000121390025080347/ea0254445-8k_nukkleus.htm,8k_items:1.01+8.01,text/0001213900-25-080347.txt,14a5e504e733d05c310ab9be57a289d3fc2b20a1d707e253679ed0bf91611aee,1462,0,"Item 1.01 Entry into a Material Definitive Agreement On August 20, 2025, Nukkleus Inc. (""Nukkleus"" or the ""Company"") entered into an Exclusive Distribution Agreement (the ""Agreement"") with Blade Ranger Ltd. (""Blade Ranger""), an Israeli public company specializing in development of drones payloads. Blade Ranger develops",,,,,,,,,
CAL-0022,S-3,MEDS,0002030763,S-1/A,2025-01-14,,0001493152-25-001989,https://www.sec.gov/Archives/edgar/data/2030763/000149315225001989/forms-1a.htm,shelf,text/0001493152-25-001989.txt,442c9b36e05f7f2cbe844adc8e618e08efe5e54324acb4dcc02b76977997554b,30000,1,Page ABOUT THIS PROSPECTUS 1 MARKET AND INDUSTRY DATA 1 FREQUENTLY USED TERMS 2 PROSPECTUS SUMMARY 5 THE OFFERING 9 RISK FACTORS 10 CAUTIONARY STATEMENT REGARDING FORWARD-LOOKING STATEMENTS 41 USE OF PROCEEDS 42 DIVIDEND POLICY 43 CAPITALIZATION 44 DILUTION 45 SELECTED FINANCIAL DATA 46 UNAUDITED PRO FORMA COMBINED FIN,,,,,,,,,
CAL-0023,S-3,GAME,0001714562,S-3/A,2025-05-09,,0001641172-25-009433,https://www.sec.gov/Archives/edgar/data/1714562/000164117225009433/forms-3a.htm,shelf,text/0001641172-25-009433.txt,8d9ce5d6ab2b558303a433fcbac4284e56eb8108bc8ed3ad60904fe1c706848d,30000,1,"Item 9.01 of Form 8-K: ● Our Annual Report on Form 10-K for the fiscal year ended December 31, 2024, as filed on April 15, 2025, and Amendment to Annual Report on Form 10-K/A filed on April 30, 2025; ● Our Quarterly Reports on Form 10-Q for the periods ended September 30, 2024, June 30, 2024, and March 31, 2024, filed ",,,,,,,,,
CAL-0024,8k_5.03,XPON,0001894954,8-K,2026-08-24,"1.01,5.02,5.03,7.01,9.01",0001903596-26-000317,https://www.sec.gov/Archives/edgar/data/1894954/000190359626000317/xpon_8k.htm,8k_items:1.01+5.03,text/0001903596-26-000317.txt,6325c08b0b1972de8df9988f553d94bc64b8c73244802f3c37d8612933911e7a,12346,0,"Item 1.01. Entry Into a Material Definitive Agreement. Private Placement of Convertible Debentures and Warrants Securities Purchase Agreement On August 21, 2026 (the ""Effective Date""), Expion Energy, Inc., formerly known as Expion360 Inc. (the ""Company""), entered into a securities purchase agreement (the ""Purchase Agre",,,,,,,,,
CAL-0025,8k_5.03,AMIX,0001617867,8-K,2026-06-24,"3.03,5.03,8.01,9.01",0001437749-26-021495,https://www.sec.gov/Archives/edgar/data/1617867/000143774926021495/amix20260619_8k.htm,8k_items:5.03+8.01,text/0001437749-26-021495.txt,ca61fc311210e4593361a570b933c522e9096a0e23fa9c1ee5cc31f4684bc51b,2478,0,"Item 3.03. Material Modifications of Rights of Security Holders To the extent required by Item 3.03 of Form 8-K, the information contained in Item 5.03 herein is incorporated by reference into this Item 3.03. Item 5.03. Amendments to Articles of Incorporation or Bylaws; Change in Fiscal Year At the Autonomix Medical, I",,,,,,,,,
CAL-0026,8k_3.02,TELA,0001561921,8-K,2025-11-14,"1.01,1.02,2.03,3.02,9.01",0001104659-25-112653,https://www.sec.gov/Archives/edgar/data/1561921/000110465925112653/tm2531310d1_8k.htm,8k_items:1.01+3.02,text/0001104659-25-112653.txt,27aecdf68589da800cef18484dd0e5bd744d4dee91edcf607969d6c57ddcbc42,5232,0,"Item 1.01 Entry into a Material Definitive Agreement. (a) Entry into Perceptive Term Loan Facility On November 13, 2025 (the ""Signing Date""), TELA Bio, Inc. (the ""Company"") entered into a Credit Agreement and Guaranty (the ""Credit Agreement"") with Perceptive Credit Holdings V, LP, as lender and administrative agent (""P",,,,,,,,,
CAL-0027,8k_5.03,ENSC,0001716947,8-K,2025-11-17,"1.01,3.02,5.03,8.01,9.01",0001493152-25-023933,https://www.sec.gov/Archives/edgar/data/1716947/000149315225023933/form8-k.htm,8k_items:1.01+3.02+5.03+8.01,text/0001493152-25-023933.txt,f2f6f2625e920429cd8723ab87a6cd858e015009d86b9e931ba6dd42e6bb47e1,5900,0,"Item 1.01. Entry into a Material Definitive Agreement. On November 13, 2025, Ensysce Biosciences, Inc. (the ""Company"" or ""we"") entered into a Securities Purchase Agreement (the ""Purchase Agreement"") directly with an institutional investor (the ""Purchaser""), pursuant to which the Company agreed to issue and sell in a re",,,,,,,,,
CAL-0028,8k_5.03,OLOX,0001023994,8-K,2025-07-18,"1.01,3.02,5.03,9.01",0001213900-25-065539,https://www.sec.gov/Archives/edgar/data/1023994/000121390025065539/ea0249197-8k_safe.htm,8k_items:1.01+3.02+5.03,text/0001213900-25-065539.txt,5a16f4d71055efeed4b6a08d079e54514ee2869b60e2c8c1a4c70a745cd1f37c,2785,0,"Item 1.01. Entry into a Material Definitive Agreement Exchange Agreement On July 17, 2025, the Company entered into an Exchange Agreement (the ""Exchange Agreement"") by and among the Company and the Investors. Pursuant to the Exchange Agreement, the parties intended to effect a voluntary security exchange transaction (t",,,,,,,,,
CAL-0029,424B,NTHI,0001979414,424B5,2026-04-10,,0001829126-26-003400,https://www.sec.gov/Archives/edgar/data/1979414/000182912626003400/neonctechnologies_424b5.htm,offering,text/0001829126-26-003400.txt,3efcec309f63fb8906a8a05c5549cf49b4f3f14114fe9a4890d204e0f1900898,30000,1,"Item 1A, ""Risk Factors,"" in our Annual Report on Form 10-K for the fiscal year ended December 31, 2025, as updated by our subsequent filings with the Securities and Exchange Commission, or the SEC, under the Securities Exchange Act of 1934, as amended, or the Exchange Act, which are incorporated herein by reference, to",,,,,,,,,
CAL-0030,8k_1.01,TPCS,0001328792,8-K,2025-08-29,"1.01,9.01",0001104659-25-085651,https://www.sec.gov/Archives/edgar/data/1328792/000110465925085651/tm2524765d1_8k.htm,8k_items:1.01,text/0001104659-25-085651.txt,eda8f3733b82d25c48066657c7e8ba4d4d9786de0b1a48e5c5a4e079f3eb925a,1410,0,"Item 1.01 Entry into a Material Definitive Agreement As previously disclosed, on August 25, 2021, Ranor, Inc. (""Ranor""), a wholly owned subsidiary of TechPrecision Corporation (the ""Company""), along with certain affiliates of the Company (together with Ranor, the ""Borrowers""), entered into that certain Amended and Rest",,,,,,,,,
CAL-0031,8k_8.01,BIAF,0001712762,8-K,2026-09-17,"8.01,9.01",0001493152-26-043052,https://www.sec.gov/Archives/edgar/data/1712762/000149315226043052/form8-k.htm,8k_items:8.01,text/0001493152-26-043052.txt,18b2e5220e7e8d10a9a0c115b1fac6278e6514ca02732dd90fbde275293216d7,1035,0,"Item 8.01. Other Events. On September 17, 2026, bioAffinity Technologies, Inc., a Delaware corporation (the ""Company""), issued a press release announcing that the Hong Kong Intellectual Property Department has granted a patent for the Company's proprietary technology for predicting the likelihood of lung cancer using f",,,,,,,,,
CAL-0032,8k_1.01,JTAI,0001861622,8-K,2025-11-28,"1.01,9.01",0001493152-25-025345,https://www.sec.gov/Archives/edgar/data/1861622/000149315225025345/form8-k.htm,8k_items:1.01,text/0001493152-25-025345.txt,323740f401526459bfe1f84e6311e4bb5606f0f5a3c9154204d8ae01d8d21abb,2168,0,"Item 1.01 Entry into a Material Definitive Agreement. On November 21, 2025, Jet.AI Inc. (the ""Company"") entered into an Equity Distribution Agreement (the ""ATM Agreement"") with Maxim Group LLC (the ""Agent"") pursuant to which the Agent will act as the Company's sole sales agent with respect to the offer and sale from ti",,,,,,,,,
CAL-0033,8k_3.02,GCTK,0001506983,8-K,2026-08-05,"1.01,2.03,3.02,7.01,9.01",0001493152-26-036218,https://www.sec.gov/Archives/edgar/data/1506983/000149315226036218/form8-k.htm,8k_items:1.01+3.02,text/0001493152-26-036218.txt,3872e6045f8dfd6ee87bed73c7e789864702d7f483ba8142a0df642ab3f29084,4609,0,"Item 1.01. Entry Into a Material Definitive Agreement. On August 4, 2026, Glucotrack, Inc. (the ""Company"") entered into a series of definitive agreements providing for (i) a follow-on investment in the Company's existing bridge financing (the ""Bridge Follow-On"") and (ii) an interim private placement (the ""Interim PIPE""",,,,,,,,,
CAL-0034,8k_5.03,PRHI,0001502292,8-K,2026-05-28,"3.03,5.03,7.01,8.01,9.01",0001193125-26-245505,https://www.sec.gov/Archives/edgar/data/1502292/000119312526245505/prhi-20260528.htm,8k_items:5.03+8.01,text/0001193125-26-245505.txt,6bf3e78140f80b25aa57098c504b67bf7c89b8a91fdb1012821cc605edb23d0b,2875,0,"Item 3.03. Material Modification to Rights of Security Holders. To the extent required by Item 3.03 of Form 8-K, the information contained in Item 5.03 of this Current Report on Form 8-K (the ""Report"") is incorporated herein by reference. Item 5.03. Amendments to Articles of Incorporation or Bylaws; Change in Fiscal Ye",,,,,,,,,
CAL-0035,8k_3.02,VIVK,0001450704,8-K,2025-04-15,"1.01,3.02,9.01",0001829126-25-002672,https://www.sec.gov/Archives/edgar/data/1450704/000182912625002672/vivakor_8k.htm,8k_items:1.01+3.02,text/0001829126-25-002672.txt,8b227dca2f875b15117207e8678e479692540e382fcd27e1d86b52bc9b815c37,2663,0,"Item 1.01 Entry Into Material Definitive Agreement Side Letter to Loan and Security Agreement On April 9, 2025, a Side Letter (the ""Cedarvew Side Letter"") with Cedarview Capital Management LLC (""Cedarview"") went effective which amended the terms of that certain Loan and Security Agreement we issued to Cedarview dated O",,,,,,,,,
CAL-0036,8k_3.01,LEDS,0001333822,8-K,2026-02-03,3.01,0001193125-26-034388,https://www.sec.gov/Archives/edgar/data/1333822/000119312526034388/leds-20260130.htm,8k_items:3.01,text/0001193125-26-034388.txt,b082b47985fca05ed8af457aac2b7ea116fcda9affeea9174f653ca387901abf,965,0,"Item 3.01. Notice of Delisting or Failure to Satisfy a Continued Listing Rule or Standard; Transfer of Listing. On January 30, 2026, the Company received a separate notice from The NASDAQ Stock Market indicating that the Company does not meet the minimum of $2,500,000 in stockholders' equity required by Listing Rule 55",,,,,,,,,
CAL-0037,8k_3.01,TRUG,0001857086,8-K,2026-01-09,3.01,0001493152-26-001110,https://www.sec.gov/Archives/edgar/data/1857086/000149315226001110/form8-k.htm,8k_items:3.01,text/0001493152-26-001110.txt,d7c279b5a9aafc86d272c196ab78e16af91b514edb84366b3ea13afc5806e6e1,1071,0,"Item 3.01 Notice of Delisting or Failure to Satisfy a Continued Listing Rule or Standard; Transfer of Listing On January 5, 2026, TruGolf Holdings, Inc. (the ""Company"") received a delinquency notification letter from the Listing Qualifications Staff (""Staff"") of the Nasdaq Stock Market LLC (the ""Nasdaq"") due to the Com",,,,,,,,,
CAL-0038,8k_3.01,GIFT,0001760233,8-K,2026-08-07,"3.01,9.01",0001493152-26-036559,https://www.sec.gov/Archives/edgar/data/1760233/000149315226036559/form8-k.htm,8k_items:3.01,text/0001493152-26-036559.txt,8aec304c66584b0900e6717d97bae662e32854221c22e38d1d2af1b0fe8cba6b,997,0,"Item 3.01 Notice of Delisting or Failure to Satisfy a Continued Listing Rule or Standard; Transfer of Listing. On August 3, 2026, the registrant (""Giftify"" or the ""Company""), received a notice from Nasdaq Listing Qualifications department of the Nasdaq Stock Market LLC (""Nasdaq"") stating that Listing Rules (the ""Rules""",,,,,,,,,
CAL-0039,8k_3.02,CPHI,0001106644,8-K,2025-12-10,"1.01,3.02",0001213900-25-120129,https://www.sec.gov/Archives/edgar/data/1106644/000121390025120129/ea026901601-8k_chinapharma.htm,8k_items:1.01+3.02,text/0001213900-25-120129.txt,db789e2498a26b1197419446935f5d3cc65af96f146b539d82cc3fef6b4f18a1,1308,0,"Item 1.01 Entry into a Material Definitive Agreement. On December 4, 2025, Hainan Helpson Medical & Biotechnology Co., Ltd (""Helpson""), a wholly owned subsidiary of China Pharma Holdings, Inc. (the ""Company""), entered into a Technology Transfer Agreement (the ""Agreement"") with Lijie Tang (the ""Transferor""). The Transfe",,,,,,,,,
CAL-0040,8k_3.02,APRE,0001781983,8-K,2026-01-29,"1.01,3.02,7.01,8.01,9.01",0001104659-26-007988,https://www.sec.gov/Archives/edgar/data/1781983/000110465926007988/tm264417d1_8k.htm,8k_items:1.01+3.02+8.01,text/0001104659-26-007988.txt,89e9bdf488ef595a211ad9c0d25001f3f15fb0f8b52c19b2736803a9c12055b1,4949,0,"Item 1.01 Entry Into a Material Definitive Agreement. On January 28, 2026, Aprea Therapeutics, Inc. (the ""Company"") entered into a securities purchase agreement (the ""Purchase Agreement"") with certain accredited investors (the ""Purchasers""), pursuant to which the Company agreed to issue and sell to the Purchasers, and ",,,,,,,,,
CAL-0041,8k_3.01,SST,0001805833,8-K,2025-12-12,"3.01,7.01,9.01",0001805833-25-000020,https://www.sec.gov/Archives/edgar/data/1805833/000180583325000020/sst-20251208.htm,8k_items:3.01,text/0001805833-25-000020.txt,9f8be6080628da8e8d53d1159ad614d8d67c9dfd3babdf0c5c492c07552ffdd7,1526,0,"Item 3.01 Notice of Delisting or Failure to Satisfy a Continued Listing Rule or Standard; Transfer of Listing. On December 8, 2025 System1, Inc. (the ""Company"") received a letter from the New York Stock Exchange (the ""NYSE"") notifying the Company that it is currently not in compliance with Section 802.01B of the NYSE L",,,,,,,,,
CAL-0042,424B,JAGX,0001585608,424B5,2025-05-05,,0001193125-25-112002,https://www.sec.gov/Archives/edgar/data/1585608/000119312525112002/d67380d424b5.htm,offering,text/0001193125-25-112002.txt,e891332ea19b0548f6e94f2d0b0df694c753a72980d0bf1627ac3dc362dee0c9,1656,0,"424B5 1 d67380d424b5.htm 424B5 Filed pursuant to Rule 424(b)(5) File No. 333-278861 Supplement No. 3 dated May 5, 2025 To Prospectus Supplement dated May 23, 2024 (To Prospectus Dated May 1, 2024) JAGUAR HEALTH, INC. Up to $5,664,382 Shares of Common Stock This supplement No. 3 (this ""Supplement"") amends and supplement",,,,,,,,,
CAL-0043,8k_8.01,DBGI,0001668010,8-K,2026-03-11,8.01,0001493152-26-009698,https://www.sec.gov/Archives/edgar/data/1668010/000149315226009698/form8-k.htm,8k_items:8.01,text/0001493152-26-009698.txt,a920e4a04d9a353a6acbb665bae8c931706934f3e7f0e042762086278ad96ad0,880,0,"Item 8.01. Other Events. Effective as of March 5, 2026, Digital Brands Group, Inc. (the ""Company"") terminated VStock Transfer, LLC as its transfer agent and appointed ClearTrust LLC as the Company's transfer agent and registrar for its securities. All of the Company's shareholder records have been transferred to ClearT",,,,,,,,,
CAL-0044,8k_3.01,CODX,0001692415,8-K,2026-01-13,3.01,0001493152-26-001971,https://www.sec.gov/Archives/edgar/data/1692415/000149315226001971/form8-k.htm,8k_items:3.01,text/0001493152-26-001971.txt,164b98827f569badbe9675136ce32bd0028239ebe0f688d20b80a74b6fae4ea0,1495,0,"Item 3.01. Notice of Delisting or Failure to Satisfy a Continued Listing Rule or Standard; Transfer of Listing On January 7, 2026, Co-Diagnostics, Inc. (the ""Company"") received written notice (the ""Notice"") from the Listing Qualifications Department (the ""Staff"") of The Nasdaq Stock Market LLC (""Nasdaq"") informing the ",,,,,,,,,
CAL-0045,8k_8.01,PLAG,0001117057,8-K,2025-06-10,"8.01,9.01",0001213900-25-053063,https://www.sec.gov/Archives/edgar/data/1117057/000121390025053063/ea0245296-8k_planet.htm,8k_items:8.01,text/0001213900-25-053063.txt,3c9850b46932c8795f8123fca7b0575aae4961e0edefc61bc2e9c77c5626d479,967,0,"Item 8.01 Other Events. On June 10, 2025, Planet Green Holdings Corp. issued a press release announcing that its subsidiary Xianning Bozhuang Tea Products Co., Ltd. (""Bozhuang"") entered into a strategic partnership agreement with Inner Mongolia Lvtaiyuan Agricultural Products Co., Ltd. (""Lvtaiyuan""). Through this colla",,,,,,,,,
CAL-0046,8k_5.03,TCRT,0001107421,8-K,2025-04-14,"1.01,1.02,3.02,3.03,5.03,9.01",0000950170-25-053523,https://www.sec.gov/Archives/edgar/data/1107421/000095017025053523/tcrt-20250411.htm,8k_items:1.01+3.02+5.03,text/0000950170-25-053523.txt,84c3abe367c5c4ef50104d594d74b804abba210381835a8eaac4aeac58a9898f,2337,0,"Item 1.01 Entry into a Material Definitive Agreement Subscription Agreement On April 11, 2025, Alaunos Therapeutics, Inc., a Delaware corporation (the ""Company"") entered into a Subscription Agreement (the ""Agreement""), by and among the Company and Watermill Asset Management set forth on Appendix A thereto, pursuant to ",,,,,,,,,
CAL-0047,8k_5.03,SST,0001805833,8-K,2026-07-24,"3.03,5.02,5.03,5.07,8.01,9.01",0001805833-26-000044,https://www.sec.gov/Archives/edgar/data/1805833/000180583326000044/sst-20260722.htm,8k_items:5.03+8.01,text/0001805833-26-000044.txt,59b9af93cadd0e817c9e212fa42c871b200dc074ce70ad4f2b5c867ca9645c3b,3445,0,Item 3.03 Material Modification to Rights of Security Holders. The information set forth in Item 5.03 of this Current Report on Form 8-K with respect to the Certificate of Designation is incorporated into this Item 3.03 by reference. Section 5 – Corporate Governance and Management Item 5.02 Departure of Directors or Ce,,,,,,,,,
CAL-0048,8k_5.03,PFSA,0001859807,8-K,2026-02-05,"3.03,5.03,8.01,9.01",0001213900-26-012552,https://www.sec.gov/Archives/edgar/data/1859807/000121390026012552/ea0275047-8k_profusa.htm,8k_items:5.03+8.01,text/0001213900-26-012552.txt,794c083bbabed51d480b73bbaed823dffa35061cc390e3181909b04bdf1f75f6,3285,0,"Item 3.03. Material Modifications of Rights of Security Holders. To the extent required by Item 3.03 of Form 8-K, the information contained in Item 5.03 herein is incorporated by reference into this Item 3.03. Item 5.03 Amendments to Articles of Incorporation or Bylaws; Change in Fiscal Year. At the Profusa, Inc. (the ",,,,,,,,,
CAL-0049,8k_3.01,SKYE,0001516551,8-K,2026-08-19,3.01,0001628280-26-057804,https://www.sec.gov/Archives/edgar/data/1516551/000162828026057804/skye-20260818.htm,8k_items:3.01,text/0001628280-26-057804.txt,bbd20b5d88853d1eb0930c158e96e83eb52e1cffcfd16805331c06697757da61,4056,0,"Item 3.01 Notice of Delisting or Failure to Satisfy a Continued Listing Rule or Standard; Transfer of Listing. On August 18, 2026, Skye Bioscience, Inc. (the ""Company"" or ""Skye"") received a written notification (""Notice"") from the Listing Qualifications Department of The Nasdaq Stock Market LLC (""Nasdaq"") notifying the",,,,,,,,,
CAL-0050,8k_5.03,SCKT,0000944075,8-K,2026-07-17,"5.03,9.01",0000944075-26-000051,https://www.sec.gov/Archives/edgar/data/944075/000094407526000051/form-8k0717.htm,8k_items:5.03,text/0000944075-26-000051.txt,9908441081eebef2e3df1e4f7d7c320132e9cb22f0c5816f4958839e45687a82,1109,0,"Item 5.03. Amendments to Articles of Incorporation or Bylaws; Change in Fiscal Year. On April 29, 2026, the Board of Directors of Socket Mobile, Inc. (the ""Company"") approved an amendment to Section 3.2 of the Company's Amended and Restated Bylaws to reduce the authorized number of directors from eight (8) to seven (7)",,,,,,,,,
CAL-0051,8k_3.01,GNLN,0001743745,8-K,2026-03-30,3.01,0001493152-26-013629,https://www.sec.gov/Archives/edgar/data/1743745/000149315226013629/form8-k.htm,8k_items:3.01,text/0001493152-26-013629.txt,22e47b1304b8252a32d33dc539a66af69c4842440fecc898ad393f90bde78891,1827,0,"Item 3.01 Notice of Delisting or Failure to Satisfy a Continued Listing Rule or Standard; Transfer of Listing On March 25, 2026, Greenlane Holdings, Inc. (the ""Company"") received written notice (the ""Notification Letter"") from the staff of the Listing Qualifications Department (the ""Staff"") of the Nasdaq Stock Market L",,,,,,,,,
CAL-0052,8k_3.01,KIDZ,0002022308,8-K,2025-11-26,3.01,0001477932-25-008622,https://www.sec.gov/Archives/edgar/data/2022308/000147793225008622/class_8k.htm,8k_items:3.01,text/0001477932-25-008622.txt,9412917153568ac0a562c3995d69c97b9cf568ff9816a292c288686c88a55a17,1623,0,"Item 3.01 Notice of Delisting or Failure to Satisfy a Continued Listing Rule or Standard; Transfer of Listing. On November 21, 2025, Classover Holdings, Inc. (the ""Company"") received a notice from the Listing Qualifications Department of The Nasdaq Stock Market LLC (""Nasdaq"") stating that, for the prior 30 consecutive ",,,,,,,,,
CAL-0053,8k_5.03,CYCU,0001868419,8-K,2025-08-28,"5.03,9.01",0001641172-25-025807,https://www.sec.gov/Archives/edgar/data/1868419/000164117225025807/form8-k.htm,8k_items:5.03,text/0001641172-25-025807.txt,88b50ac4297d93249ac34386b26e64210a3305fddf61ead4033c7c57362b91e3,1071,0,"Item 5.03. Amendments to Articles of Incorporation or Bylaws; Change in Fiscal Year On August 28, 2025, the Board of Directors of Cycurion, Inc. (the ""Company"") amended and restated the Company's Amended and Restated Bylaws (the ""Second Amended and Restated Bylaws""), effective immediately, to conform them to the provis",,,,,,,,,
CAL-0054,8k_3.01,UUU,0000102109,8-K/A,2025-07-21,"3.01,8.01,9.01",0001104659-25-069271,https://www.sec.gov/Archives/edgar/data/102109/000110465925069271/tm2521342d1_8ka.htm,8k_items:3.01+8.01,text/0001104659-25-069271.txt,88f85617df462bbae644f238dfd1e0b5136ae3f7fc8ec231eaf94f28bbf22695,1757,0,"Item 3.01. Notice of Delisting or Failure to Satisfy a Continued Listing Rule or Standard; Transfer of Listing. On July 16, 2025, Universal Safety Products, Inc. (the ""Company"") received a letter (the ""Delinquency Notification"") from NYSE Regulation stating that the Company is not in compliance with the continued listi",,,,,,,,,
CAL-0055,8k_5.03,CYCU,0001868419,8-K,2025-08-25,"1.01,5.03,9.01",0001641172-25-025351,https://www.sec.gov/Archives/edgar/data/1868419/000164117225025351/form8-k.htm,8k_items:1.01+5.03,text/0001641172-25-025351.txt,22ee268ad2c080cdf8ee01ace27c454cf28489554c1d44fd8dca7f146df29f24,3994,0,"Item 1.01 Entry into a Material Definitive Agreement Exchange Agreements and Registration Rights Agreements On August 12, 2025, the Company entered into an exchange agreement with Alpha Capital Anstalt (the ""Alpha Capital Anstalt Exchange Agreement"") and a registration rights agreement filed as Exhibits 10.1 and 10.2, ",,,,,,,,,
CAL-0056,8k_5.03,NTHI,0001979414,8-K,2026-09-21,"3.03,5.03,7.01,9.01",0001829126-26-010282,https://www.sec.gov/Archives/edgar/data/1979414/000182912626010282/neonctechnologies_8k.htm,8k_items:5.03,text/0001829126-26-010282.txt,3e478ee77a42d46a913984a3f5de4f7275315d298c28ac634a4ffb300bf7e873,1552,0,"Item 3.03. Material Modification to Rights of Security Holders. As previously reported on a Current Report on Form 8-K filed by NeOnc Technologies Holdings, Inc. (the ""Company"") on September 10, 2026, the Company indicated that it would use the net proceeds from the sale of the Company's shares of common stock from the",,,,,,,,,
CAL-0057,8k_3.02,ESLA,0001844417,8-K,2026-01-06,"1.01,3.02,7.01,9.01",0001213900-26-001777,https://www.sec.gov/Archives/edgar/data/1844417/000121390026001777/ea0271975-8k_estrella.htm,8k_items:1.01+3.02,text/0001213900-26-001777.txt,ecbec3d2aaece70a4dd0477777b20d776c76c469082ec5c1cc309e3870aae558,3230,0,"Item 1.01 Entry into a Material Definitive Agreement. Securities Purchase Agreement On January 5, 2026, Estrella Immunopharma, Inc. (the ""Company"") entered into a securities purchase agreement (the ""Securities Purchase Agreement"") with a healthcare-focused institutional investor (the ""Investor""), pursuant to which the ",,,,,,,,,
CAL-0058,8k_1.01,REED,0001140215,8-K,2025-01-28,"1.01,9.01",0001493152-25-004017,https://www.sec.gov/Archives/edgar/data/1140215/000149315225004017/form8-k.htm,8k_items:1.01,text/0001493152-25-004017.txt,08d628f7ed34b5390bca157c4d4aa46263aad79d013c2d5ff77071b93d4f93b8,1463,0,"Item 1.01 Entry Into a Material Definitive Agreement. On January 24, 2025, Reed's, Inc., a Delaware corporation (""Reed's"" or the ""company"") and its majority stockholder, D&D Source of Life Holding Ltd. (""D&D"") entered into an Amendment to the Shareholders Agreement dated May 25, 2023, (the ""Amendment to Shareholders Ag",,,,,,,,,
CAL-0059,8k_8.01,SQFTP,0001080657,8-K,2025-04-07,"8.01,9.01",0001641172-25-003011,https://www.sec.gov/Archives/edgar/data/1080657/000164117225003011/form8-k.htm,8k_items:8.01,text/0001641172-25-003011.txt,099c4678312726ea7865bfdcd6a3c54c8c75dc1aac11de259206e47a64aa609c,1218,0,"Item 8.01. Other Events. Press Release On April 7, 2025, Presidio Property Trust, Inc. (the ""Company"") issued a press release announcing the continued monthly dividend on its 9.375% Series D Cumulative Redeemable Perpetual Preferred Stock in the amount of $0.19531 per share for April 2025, May 2025 and June 2025. A cop",,,,,,,,,
CAL-0060,8k_3.01,NEUP,0001191070,8-K,2025-07-18,"3.01,9.01",0001213900-25-065723,https://www.sec.gov/Archives/edgar/data/1191070/000121390025065723/ea0249543-8k_neuphoria.htm,8k_items:3.01,text/0001213900-25-065723.txt,be9724928c0d5f29a0070b8cfbf28459d26b86d51542359389f9b9690c4db6dd,1752,0,"Item 3.01. Notice of Failure to Satisfy a Continued Listing Rule or Standard; Transfer of Listing.. On July 18, 2025, Neuphoria Therapeutics Inc. (the ""Company"") received a deficiency notification letter (the ""Notice"") from the Listing Qualifications Staff of The Nasdaq Stock Market LLC (""Nasdaq""). The Notice indicated",,,,,,,,,
CAL-0061,8k_3.01,BOXL,0001624512,8-K,2026-04-23,3.01,0001628280-26-026846,https://www.sec.gov/Archives/edgar/data/1624512/000162828026026846/boxl-20260420.htm,8k_items:3.01,text/0001628280-26-026846.txt,2da9e8e9c795d86ff5c8d0b2f133ea5070f019cf11c69e15a2aa2b74501f90b5,1602,0,"Item 3.01 Notice of Delisting or Failure to Satisfy a Continued Listing Rule or Standard; Transfer of Listing. On April 20, 2026, Boxlight Corporation, a Nevada corporation (""Boxlight"", the ""Company"", ""we"" and ""us""), received an expected letter from the Listing Qualifications Department of The Nasdaq Stock Market LLC (",,,,,,,,,
CAL-0062,8k_3.01,ACXP,0001736243,8-K,2025-02-26,3.01,0001104659-25-017437,https://www.sec.gov/Archives/edgar/data/1736243/000110465925017437/tm257571d1_8k.htm,8k_items:3.01,text/0001104659-25-017437.txt,d23bb24811fecea5932566eb93fb9d5def4d0866e195db587baa72a90b5d8594,1548,0,"Item 3.01 Notice of Delisting or Failure to Satisfy a Continued Listing Rule or Standard; Transfer of Listing. On February 24, 2025, Acurx Pharmaceuticals, Inc. (the ""Company"") received a letter from The Nasdaq Stock Market (""Nasdaq"") notifying the Company that for the preceding 31 consecutive business days the Company",,,,,,,,,
CAL-0063,8k_1.01,VWAV,0002038439,8-K,2026-03-24,"1.01,7.01,9.01",0001731122-26-000472,https://www.sec.gov/Archives/edgar/data/2038439/000173112226000472/e7484_8k.htm,8k_items:1.01,text/0001731122-26-000472.txt,2631574a85af2ff3879b6aad3b3b30b5f14b4f085217d5ebde758b306bcc256b,2175,0,"Item 1.01 Entry into a Material Definitive Agreement On March 18, 2026, VisionWave Holdings, Inc. (the ""Company"") entered into a Letter of Engagement (""LOE"") with the National Oil Company of Liberia (""NOCAL""), relating to offshore petroleum Blocks LB-4 and LB-5 located in the Liberia Basin. The LOE establishes a struct",,,,,,,,,
CAL-0064,8k_5.03,SONM,0001178697,8-K,2026-01-27,"1.01,1.02,2.01,5.03,7.01,8.01,9.01",0001493152-26-003824,https://www.sec.gov/Archives/edgar/data/1178697/000149315226003824/form8-k.htm,8k_items:1.01+5.03+8.01,text/0001493152-26-003824.txt,cd481739691188364537796830ca5fd17c6b2ea2fa0c1e5c37e062fadd2a37ef,4348,0,"Item 1.01 Entry into a Material Definitive Agreement. On the Closing Date, the Company, the Buyer, the Parent, and the Seller Representative entered into a second amendment to the Asset Purchase Agreement (the ""APA Amendment""). The APA Amendment modifies certain provisions of the Asset Purchase Agreement, including: ● ",,,,,,,,,
CAL-0065,8k_1.01,WRAP,0001702924,8-K,2025-07-07,"1.01,9.01",0001641172-25-018048,https://www.sec.gov/Archives/edgar/data/1702924/000164117225018048/form8-k.htm,8k_items:1.01,text/0001641172-25-018048.txt,1c58f853f5c38df1409e1b45aa9baf2cfc96d5bfe1f50e41b33361b66c3dbc69,1871,0,"Item 1.01. Entry into a Material Definitive Agreement. As previously disclosed, on June 29, 2023, Wrap Technologies, Inc. (the ""Company"") entered into a Securities Purchase Agreement (the ""Series A Purchase Agreement"") with certain directors of the Company and certain accredited investors (collectively, the ""Series A I",,,,,,,,,
CAL-0066,8k_8.01,IPW,0001830072,8-K,2025-10-22,"8.01,9.01",0001683168-25-007707,https://www.sec.gov/Archives/edgar/data/1830072/000168316825007707/ipower_8k.htm,8k_items:8.01,text/0001683168-25-007707.txt,ccc94d03f5eae933d1d0c3e58e60c44e148a55e6b9337f583f48ddc46637922e,879,0,"Item 8.01. Other Events. On October 22, 2025, the Company issued a press release announcing its plans to pursue alternative funding solutions in order to enhance capital flexibility. A copy of the press release is attached hereto as Exhibit 99.1. Item 9.01. Financial Statement and Exhibits. (d) Exhibits. Exhibit No. De",,,,,,,,,
CAL-0067,424B,CIRC,0001605888,424B3,2025-07-08,,0001213900-25-062079,https://www.sec.gov/Archives/edgar/data/1605888/000121390025062079/ea0248315-424b3_atlantic.htm,offering,text/0001213900-25-062079.txt,cf94c24f49297a7275a0e4dd3450dfe1c14b3700f192dbb22cd672ab5e8ab618,30000,1,"Item 2.02 or Item 7.01 of Form 8-K and exhibits on such form that are related to such items) that we may file with the SEC under Sections 13(a), 13(c), 14 or 15(d) of the Exchange Act prior to the completion or termination of the offering, including all such documents we may file with the SEC after the date of the init",,,,,,,,,
CAL-0068,8k_1.01,SONM,0001178697,8-K,2025-07-22,"1.01,9.01",0001641172-25-020576,https://www.sec.gov/Archives/edgar/data/1178697/000164117225020576/form8-k.htm,8k_items:1.01,text/0001641172-25-020576.txt,fcc123f857bfe169dd486107f68d96f8133930b2b39aeb08db6e5a11a6ac2594,6366,0,"Item 1.01 Entry into a Material Definitive Agreement. On July 17, 2025, Sonim Technologies, Inc. (the ""Company"" or ""Sonim"") entered into an asset purchase agreement (the ""Asset Purchase Agreement"") by and among the Company, as seller, Pace Car Acquisition LLC, as buyer, (the ""Buyer""), the Seller Representative named in",,,,,,,,,
CAL-0069,8k_5.03,NCPL,0001414767,8-K,2025-03-28,"5.03,9.01",0001641172-25-001051,https://www.sec.gov/Archives/edgar/data/1414767/000164117225001051/form8-k.htm,8k_items:5.03,text/0001641172-25-001051.txt,2c7521fac74712472c56ee4967b962886504081c34e001269a91582cc3915d4f,1197,0,"Item 5.03 – Amendments to Articles of Incorporation or Bylaws; Change in Fiscal Year. On March 25, 2025, Netcapital Inc. (the ""Company"") filed articles of amendment (the ""Articles of Amendment"") to the Company's Articles of Incorporation, as amended, with the Utah Department of Commerce, Division of Corporations and Co",,,,,,,,,
CAL-0070,8k_3.02,IPW,0001830072,8-K/A,2025-12-23,"1.01,2.03,3.02,5.07,7.01,9.01",0001683168-25-009331,https://www.sec.gov/Archives/edgar/data/1830072/000168316825009331/ipower_8ka.htm,8k_items:1.01+3.02,text/0001683168-25-009331.txt,6ac9aa6093b679fd9360140f4e54bf6cb7962d3797396e4542e04420af5a058b,5706,0,"Item 1.01. Entry into a Material Definitive Agreement. Securities Purchase Agreement On December 22, 2025, iPower Inc., a Nevada Company (the ""Company"") entered into a Securities Purchase Agreement with a certain institutional investor (the ""Investor"") named therein (the ""Purchase Agreement"") providing for the purchase",,,,,,,,,
CAL-0071,8k_3.02,NCPL,0001414767,8-K,2025-03-10,"1.01,3.02,3.03,9.01",0001493152-25-009730,https://www.sec.gov/Archives/edgar/data/1414767/000149315225009730/form8-k.htm,8k_items:1.01+3.02,text/0001493152-25-009730.txt,8b8ea93a32570c740434d2e7134e70f5ea1e415b555289510a2fd68ecadb1d16,3296,0,"Item 1.01 Entry into a Material Definitive Agreement. On March 5, 2025, Netcapital, Inc. (the ""Company"") entered into inducement offer letter agreements (the ""Inducement Letters"") with certain investors (the ""Participating Holders"") that hold certain outstanding warrants to purchase up to an aggregate of 79,558 shares ",,,,,,,,,
CAL-0072,8k_5.03,YHC,0001843165,8-K,2025-04-21,"5.03,8.01,9.01",0001213900-25-033739,https://www.sec.gov/Archives/edgar/data/1843165/000121390025033739/ea0238876-8k_lqrhouse.htm,8k_items:5.03+8.01,text/0001213900-25-033739.txt,dd3487b63ffb9ed471d27f5ff722efd348f499f8a6a072b43b87950a71d91b3e,1360,0,"Item 5.03 Amendment to Articles of Incorporation or Bylaws; Change in Fiscal Year. LQR House Inc. (the ""Company"") filed on April 16, 2025 a Certificate of Change to the Articles of Incorporation of the Company with the Secretary of State of the State of Nevada (the ""Certificate of Change"") that provides for a 1-for-35 ",,,,,,,,,
CAL-0073,8k_1.01,CPHI,0001106644,8-K,2026-07-22,"1.01,8.01,9.01",0001213900-26-080475,https://www.sec.gov/Archives/edgar/data/1106644/000121390026080475/ea0298921-8k_china.htm,8k_items:1.01+8.01,text/0001213900-26-080475.txt,90850fc007174481555d897c1c0c51fefcc075f6ac62c012dc4a80fff7802c38,1945,0,"Item 1.01 Entry into a Material Definitive Agreement. On July 22, 2026 (the ""Signing Date""), China Pharma Holdings Inc. (the ""Company"") entered into certain securities purchase agreement (the ""Purchase Agreement"") with a certain institutional accredited investor (the ""Investor""), pursuant to which the Company agreed to",,,,,,,,,
CAL-0074,424B,PFSA,0001859807,424B3,2025-09-26,,0001213900-25-092408,https://www.sec.gov/Archives/edgar/data/1859807/000121390025092408/ea0251933-04.htm,offering,text/0001213900-25-092408.txt,9cbda4ac813380a5ae03abbcfa2fb9e908ee35937b2ef4f9c351a45890af6f26,30000,1,"or conversion of the Third Tranche, effectiveness of a registration statement, and no Nasdaq listing deficiency. The Amendment supersedes and replaces all prior provisions relating to ""Additional Closings"" and ""Additional Notes,"" and all references to such terms in the PIPE Subscription Agreement and related documents ",,,,,,,,,
CAL-0075,S-3,JEM,0002018222,F-1/A,2025-02-20,,0001493152-25-007690,https://www.sec.gov/Archives/edgar/data/2018222/000149315225007690/formf-1a.htm,shelf,text/0001493152-25-007690.txt,c8635bd69d12b6ae1fa2b62c274e6a644a0deca75c5dc43cd8a5c2c8194d56a0,30000,1,"F-1/A 1 formf-1a.htm As filed with the Securities and Exchange Commission on February 20, 2025 Registration No. 333-281949 UNITED STATES SECURITIES AND EXCHANGE COMMISSION WASHINGTON, D.C. 20549 Amendment No. 3 to FORM F-1 REGISTRATION STATEMENT UNDER THE SECURITIES ACT OF 1933 707 Cayman Holdings Limited (Exact name o",,,,,,,,,
CAL-0076,8k_3.02,XHLD,0002030954,8-K,2025-05-02,"1.01,3.02,9.01",0001641172-25-008345,https://www.sec.gov/Archives/edgar/data/2030954/000164117225008345/form8-k.htm,8k_items:1.01+3.02,text/0001641172-25-008345.txt,70e7d11bbcdcad74cf408922c797a7cac56823890469e877b17bac09ad2f68fb,1703,0,"Item 1.01 Entry into a Material Definitive Agreement. On April 23, 2025, TEN Holdings, Inc. (the ""Company"") entered into a Settlement Agreement and Stipulation (the ""Settlement Agreement"") with Sunpeak Holdings Corporation (""SHC""), which became effective on April 30, 2025, to settle certain outstanding obligations owed",,,,,,,,,
CAL-0077,8k_3.02,REBN,0001707910,8-K,2025-03-31,"1.01,2.03,3.02,9.01",0001213900-25-026268,https://www.sec.gov/Archives/edgar/data/1707910/000121390025026268/ea0236331-8k_reborn.htm,8k_items:1.01+3.02,text/0001213900-25-026268.txt,d8463421407be88d5b441db31b0c52387a423cdacd3fb6d34eac823be966a50f,3034,0,"Item 1.01 Entry into a Material Definitive Agreement. Amendments to Debentures As previously reported, on February 6, 2025, Reborn Coffee, Inc. (the ""Company"") entered into a Securities Purchase Agreement (""Securities Purchase Agreement"") with the purchasers named therein (the ""Arena Investors""). Under the Securities P",,,,,,,,,
CAL-0078,424B,PFSA,0001859807,424B3,2025-05-15,,0001213900-25-044417,https://www.sec.gov/Archives/edgar/data/1859807/000121390025044417/ea0224454-11.htm,offering,text/0001213900-25-044417.txt,d611b51bffe075e16bf8a28f9f18893a31c975044b348082bb2642fc4902dbc5,30000,1,"In accordance with the Merger Agreement, certain stockholders of Profusa representing the requisite votes necessary to approve the Merger Agreement entered into support agreements (the ""Stockholder Support Agreement"") with NorthView and Profusa, pursuant to which each such holder agreed to (i) vote by proxy all of its ",,,,,,,,,
CAL-0079,8k_3.02,REBN,0001707910,8-K,2026-01-05,"1.01,3.02,8.01,9.01",0001213900-26-000873,https://www.sec.gov/Archives/edgar/data/1707910/000121390026000873/ea0271801-8k_reborn.htm,8k_items:1.01+3.02+8.01,text/0001213900-26-000873.txt,ff1b38d36e606f11e68376d6410630a2f25892a6110f86cced2dcbb78a17eb61,3343,0,"Item 1.01 Entry into a Material Definitive Agreement. As previously reported, on February 6, 2025, Reborn Coffee, Inc. (the ""Company""), entered into a Securities Purchase Agreement with the purchasers named therein (the ""Arena Investors""), which was amended on March 28, 2025 and July 31, 2025 (as amended, the ""Securiti",,,,,,,,,
CAL-0080,8k_5.03,FRGT,0001687542,8-K,2025-01-30,"5.03,9.01",0001493152-25-004281,https://www.sec.gov/Archives/edgar/data/1687542/000149315225004281/form8-k.htm,8k_items:5.03,text/0001493152-25-004281.txt,b5df61c69e248596744553e220fcba8164dbe39f43e3cd8ffe4adee68628b5ee,1151,0,"Item 5.03. Amendments to Articles of Incorporation or Bylaws; Change in Fiscal Year. As previous disclosed, Freight Technologies, Inc. (the ""Company"") held its Annual Meeting of Shareholders on December 13, 2024. The shareholders approved the proposed amendment to the Amended and Restated Memorandum and Articles of Ass",,,,,,,,,
CAL-0081,8k_5.03,AUUD,0001554818,8-K,2025-04-01,"3.03,5.03,9.01",0001683168-25-002176,https://www.sec.gov/Archives/edgar/data/1554818/000168316825002176/auddia_8k.htm,8k_items:5.03,text/0001683168-25-002176.txt,0dcbe330efd58aa9ced84c7fdb55ab2eddb7d08d6d499ae1b658c8f4703e850e,1798,0,"Item 3.03 Material Modifications to Rights of Security Holders. To the extent required by Item 3.03 of Form 8-K, the information contained in Item 5.03 of this Current Report on Form 8-K is incorporated herein by reference. Item 5.03 Amendments to Articles of Incorporation or Bylaws; Change in Fiscal Year. On March 27,",,,,,,,,,
CAL-0082,8k_3.01,ACTU,0001652935,8-K,2026-07-17,3.01,0001683168-26-005616,https://www.sec.gov/Archives/edgar/data/1652935/000168316826005616/actuate_8k.htm,8k_items:3.01,text/0001683168-26-005616.txt,f651ca7a435537d40ec103f706d2582a20e9130aacba3ae732fa1363df9de4fb,2174,0,"Item 3.01 Notice of Delisting or Failure to Satisfy Continued Listing Rule or Standard; Transfer of Listing. On July 15, 2026, Actuate Therapeutics, Inc. (the ""Company"") received a letter (the ""Notice"") from the listing qualifications department staff (the ""Staff"") of The Nasdaq Stock Market (""Nasdaq"") notifying the Co",,,,,,,,,
CAL-0083,8k_3.01,MSGM,0001821175,8-K,2025-04-17,"3.01,7.01,9.01",0001641172-25-005261,https://www.sec.gov/Archives/edgar/data/1821175/000164117225005261/form8-k.htm,8k_items:3.01,text/0001641172-25-005261.txt,3eba7eae2d55bde732eb0bdcaa6c57f8323a9ec91b66fe56a45655ec2635d777,1412,0,"Item 3.01. Notice of Delisting or Failure to Satisfy a Continued Listing Rule or Standard; Transfer of Listing. On April 15, 2025, Motorsport Games Inc. (the ""Company"") received a letter from the Listing Qualifications Department of The Nasdaq Stock Market (""Nasdaq"") stating that based on the Company's Form 8-K, as fil",,,,,,,,,
CAL-0084,8k_1.01,FRGT,0001687542,8-K,2025-04-30,"1.01,5.02,7.01,9.01",0001641172-25-007246,https://www.sec.gov/Archives/edgar/data/1687542/000164117225007246/form8-k.htm,8k_items:1.01,text/0001641172-25-007246.txt,bbc6c79721e789f3f0425357f8ec5eed473cd13127da602edd04b3e67a07e12a,2839,0,"Item 1.01. Entry into a Material Definitive Agreement. On April 29, 2025, Freight Technologies, Inc. (the ""Company"") entered into a Securities Purchase Agreement, dated as of April 29, 2025 (the ""Securities Purchase Agreement"") with certain accredited investors (the ""Buyers""), wherein the Company will sell and the Buye",,,,,,,,,
CAL-0085,8k_8.01,BENF,0001775734,8-K,2025-09-16,"7.01,8.01,9.01",0001493152-25-013630,https://www.sec.gov/Archives/edgar/data/1775734/000149315225013630/form8-k.htm,8k_items:8.01,text/0001493152-25-013630.txt,022d2e42f37bfdf573ae6ec74c00d388f66e4616ebbf2c963475e24f73fc2369,2851,0,"Item 7.01 Regulation FD Disclosure. On September 16, 2025, Beneficient (the ""Company"") issued a press release announcing the Panel Determination (defined below). A copy of the press release is attached hereto as Exhibit 99.1 and is incorporated by reference herein. The information in this Item 7.01 (including Exhibit 9",,,,,,,,,
CAL-0086,S-3,AEMD,0000882291,S-3,2025-12-23,,0001683168-25-009335,https://www.sec.gov/Archives/edgar/data/882291/000168316825009335/aethlon_s3.htm,shelf,text/0001683168-25-009335.txt,49837f8b1ba89c00b27743945863844bdabba0cda369090669f042aa97935f0c,30000,1,"Item 2.02 or Item 7.01 of Form 8-K and exhibits filed on such form that are related to such items and other portions of documents that are furnished, but not filed, pursuant to applicable rules promulgated by the SEC) that are filed by us with the SEC pursuant to Sections 13(a), 13(c), 14 or 15(d) of the Exchange Act (",,,,,,,,,
CAL-0087,8k_5.03,BCHT,0000728385,8-K,2025-12-29,"3.03,5.03,9.01",0001477932-25-009214,https://www.sec.gov/Archives/edgar/data/728385/000147793225009214/meec_8k.htm,8k_items:5.03,text/0001477932-25-009214.txt,6d51c467fc4d0141ade335f44ad7da6ef4c784b1b154e28e9fe1683e611b8762,1945,0,"Item 3.03 Material Modification to Rights of Security Holders. To the extent required by Item 3.03 of Form 8-K, the information contained in Item 5.03 of this Current Report on Form 8-K is incorporated herein by reference. Item 5.03 Amendments to Articles of Incorporation or Bylaws; Change in Fiscal Year. On December 2",,,,,,,,,
CAL-0088,8k_3.01,HCTI,0001839285,8-K,2025-05-23,3.01,0001213900-25-047425,https://www.sec.gov/Archives/edgar/data/1839285/000121390025047425/ea0243319-8k_healthcare.htm,8k_items:3.01,text/0001213900-25-047425.txt,87fe12877be78e331fa76f62bae8ecaaca466128e31e96308ae0387f8024a2b3,2074,0,"Item 3.01. Notice of Delisting or Failure to Satisfy a Continued Listing Rule or Standard; Transfer of Listing. On May 20, 2025, Healthcare Triangle, Inc. (the ""Company"") received a notification letter from the Listing Qualifications Department of The Nasdaq Stock Market LLC (""Nasdaq""), stating that based on its review",,,,,,,,,
CAL-0089,8k_5.03,PRHI,0001502292,8-K,2026-02-27,"1.01,3.02,3.03,5.03,7.01,9.01",0001193125-26-081526,https://www.sec.gov/Archives/edgar/data/1502292/000119312526081526/prhi-20260227.htm,8k_items:1.01+3.02+5.03,text/0001193125-26-081526.txt,bd6419de4ae4e1e0ee6c1ea4ca2ba5109ebb650ac517bf321baf51b2f364a017,2583,0,"Item 1.01. Entry into a Material Definitive Agreement. Redemption Agreement On February 27, 2026 (the ""Redemption Date""), Presurance Holdings, Inc. (the ""Company"") entered into a Redemption Agreement (the ""Redemption Agreement"") with Clarkston Companies, Inc. (""Clarkston""), an entity affiliated with Jeffrey Hakala, a m",,,,,,,,,
CAL-0090,8k_3.01,ERNA,0000748592,8-K,2025-01-10,"3.01,5.02",0001493152-25-001704,https://www.sec.gov/Archives/edgar/data/748592/000149315225001704/form8-k.htm,8k_items:3.01,text/0001493152-25-001704.txt,96f540816714bf2d6305e616c98a12f7fec1f25589eb6072660995d3ffc7b1a7,1783,0,"Item 3.01 Notice of Delisting or Failure to Satisfy a Continued Listing Rule or Standard; Transfer of Listing. On January 6, 2025, Eterna Therapeutics Inc. (the ""Company"") received a notice (the ""Notice"") from the Listing Qualifications Staff (""Staff"") of The Nasdaq Stock Market LLC (""Nasdaq"") indicating that for the l",,,,,,,,,
CAL-0091,8k_3.01,SLE,0001621672,8-K,2025-04-11,3.01,0001437749-25-011813,https://www.sec.gov/Archives/edgar/data/1621672/000143774925011813/slgg20250411_8k.htm,8k_items:3.01,text/0001437749-25-011813.txt,3932bc764bfd70831d5867bc82dbcbeb1867b85002b1713751f975e57da1ec79,1433,0,"Item 3.01 Notice of Delisting or Failure to Satisfy a Continued Listing Rule or Standard; Transfer of Listing On April 7, 2025, Super League Enterprise, Inc. (the ""Company"") received a letter (the ""Letter"") from the Listing Qualifications Staff of The Nasdaq Stock Market, LLC (""Nasdaq"") notifying the Company that it is",,,,,,,,,
CAL-0092,424B,GMEX,0001928581,424B5,2025-09-23,,0001493152-25-014558,https://www.sec.gov/Archives/edgar/data/1928581/000149315225014558/form424b5.htm,offering,text/0001493152-25-014558.txt,94f22a33f9ada1ff463d000b3533a5ad4ea9c7f093c20576a6637791e7b6b879,30000,1,Prospectus Supplement Page About this Prospectus Supplement S-1 Prospectus Supplement Summary S-2 The Offering S-5 Risk Factors S-7 Special Cautionary Note Regarding Forward-Looking Statements S-18 Use of Proceeds S-19 Capitalization and Indebtedness S-20 Dividend Policy S-20 Description of the Series A Notes S-21 Mate,,,,,,,,,
CAL-0093,8k_1.01,KUST,0001342958,8-K,2025-11-07,"1.01,9.01",0001493152-25-021289,https://www.sec.gov/Archives/edgar/data/1342958/000149315225021289/form8-k.htm,8k_items:1.01,text/0001493152-25-021289.txt,04d6bff6f7570d612c1ee2de3380318e72b1956e7881f5123e682749e85cdd8b,1280,0,"Item 1.01 Entry into a Material Definitive Agreement On November 7, 2025 (the ""Effective Date""), Digital Ally, Inc. (the ""Company""), entered into the First Amendment to Common Stock Purchase Agreement (the ""Amendment""), dated as of September 15, 2025 (the ""Purchase Agreement""), with a certain investor (the ""Investor""),",,,,,,,,,
CAL-0094,8k_8.01,AMIX,0001617867,8-K,2026-07-10,8.01,0001437749-26-023248,https://www.sec.gov/Archives/edgar/data/1617867/000143774926023248/amix20260709_8k.htm,8k_items:8.01,text/0001437749-26-023248.txt,94a1f910c495f5c750a943559fca150a27169c3ea8940ea9bf18a9bb1015f134,1089,0,"Item 8.01. Other Events As previously reported, on January 14, 2026, Autonomix Medical, Inc. (the ""Company"") received a deficiency letter from the Listing Qualifications Department (the ""Staff"") of the Nasdaq Stock Market (""Nasdaq"") notifying the Company that for the previous 30 consecutive business days, the closing b",,,,,,,,,
CAL-0095,8k_3.01,PFSA,0001859807,8-K,2026-08-31,"3.01,9.01",0001213900-26-095405,https://www.sec.gov/Archives/edgar/data/1859807/000121390026095405/ea0303945-8k_profusa.htm,8k_items:3.01,text/0001213900-26-095405.txt,2c3567b1639fd2d2b3f8b9205521462b674af2cd28dea3170dd451c7cc74eb3e,2005,0,"Item 3.01. Notice of Delisting or Failure to Satisfy a Continued Listing Rule or Standard; Transfer of Listing On August 26, 2026, Profusa, Inc. (the ""Company"") received a letter (the ""Determination Letter"") from the Listing Qualifications Department of The Nasdaq Stock Market (""Nasdaq"") notifying the Company that foll",,,,,,,,,
CAL-0096,8k_8.01,BNC,0001482541,8-K,2026-05-29,"8.01,9.01",0001482541-26-000010,https://www.sec.gov/Archives/edgar/data/1482541/000148254126000010/bnc-20260522.htm,8k_items:8.01,text/0001482541-26-000010.txt,0e0661525eeeb4d2a6743a204c9955ec8f1ca982994ec980a25833440e6a03e3,1199,0,"Item 8.01 Other Events. On May 22, 2026, CEA Industries Inc. (the ""Company"") filed a complaint against 10X Capital LLC (""10X""), in the United States District Court for the District of Delaware, regarding the Company's Asset Management Agreement with 10X, entered into on August 5, 2025 (the ""AMA""). The complaint seeks a",,,,,,,,,
CAL-0097,424B,BNC,0001482541,424B2,2025-01-24,,0001493152-25-003512,https://www.sec.gov/Archives/edgar/data/1482541/000149315225003512/form424b2.htm,offering,text/0001493152-25-003512.txt,393fe9714efe28a96f10a9a65ae8de85bb627463b42f2743450d8c79b678ffc4,20581,0,"Item 1A – Risk Factors"" in our Annual Report on Form 10-K for the year ended December 31, 2023, as updated from time to time in the Company's filings with the U.S. Securities and Exchange Commission (the ""SEC""). You should not place undue reliance on these forward-looking statements, which apply only as of the date of ",,,,,,,,,
CAL-0098,8k_3.01,ADGM,0002006986,8-K,2025-01-06,"1.01,3.01,9.01",0001104659-25-001387,https://www.sec.gov/Archives/edgar/data/2006986/000110465925001387/tm2432281d1_8k.htm,8k_items:1.01+3.01,text/0001104659-25-001387.txt,fddab216e8af76257f78d48f4c4013cabfd146d4edd68a720c8044a44a247aa1,2648,0,"Item 1.01 - Entry into a Material Definitive Agreement On January 3, 2025, Adagio Medical Holdings, Inc. (the ""Company"") and each Buyer (as defined below) entered into a Limited Waiver and Amendment (each, a ""Waiver"" and collectively the ""Waivers"") to (i) the Securities Purchase Agreement, dated as of February 13, 2024",,,,,,,,,
CAL-0099,8k_3.02,DFDV,0001805526,8-K,2025-05-05,"1.01,3.02,7.01,8.01,9.01",0001213900-25-039360,https://www.sec.gov/Archives/edgar/data/1805526/000121390025039360/ea0240746-8k_defi.htm,8k_items:1.01+3.02+8.01,text/0001213900-25-039360.txt,a9e94151f80331cec8ddb6d4757cfa21f8490482f460a935a3fb9a331bb29468,2833,0,"Item 1.01 Entry into a Material Definitive Agreement. On May 1, 2025, Janover Inc. (the ""Company"") entered into a securities purchase agreement (the ""Securities Purchase Agreement"") with the investors identified on the signature pages thereto (the ""Investors"") and a related registration rights agreement (""RRA"") in conn",,,,,,,,,
CAL-0100,8k_1.01,LEXX,0001348362,8-K,2025-02-05,"1.01,9.01",0001640334-25-000192,https://www.sec.gov/Archives/edgar/data/1348362/000164033425000192/lxrp_8k.htm,8k_items:1.01,text/0001640334-25-000192.txt,f898197e201d5714f1b7f753deb295a765ad1dc205a8d23ac9206c77bfbc7a79,2205,0,"Item 1.01 Entry into a Material Definitive Agreement. On February 5, 2025, Lexaria Bioscience Corp. (the ""Company"") and JonesTrading Institutional Services LLC (the ""Agent"") entered into Amendment No. 1 (the ""Amendment"") to the Capital on Demand™ Sales Agreement between the parties originally entered into on August 21,",,,,,,,,,
CAL-0101,424B,LGHL,0001806524,424B3,2025-05-29,,0001213900-25-048895,https://www.sec.gov/Archives/edgar/data/1806524/000121390025048895/ea0243633-424b3_liongroup.htm,offering,text/0001213900-25-048895.txt,62e5be43a1ec00e7ac031f9c40eaf9d2d0a0642127927a381f99c73f5f05ffee,5417,0,"424B3 1 ea0243633-424b3_liongroup.htm PROSPECTUS SUPPLEMENT Filed pursuant to Rule 424(b)(3) Registration No. 333-269333 Prospectus Supplement No. 4 LION GROUP HOLDING LTD. Dated May 29, 2025 To the Prospectus dated May 12, 2023 This prospectus supplement amends the information in the ""Selling Shareholders"" section of ",,,,,,,,,
CAL-0102,8k_1.01,IPW,0001830072,8-K,2026-02-02,"1.01,8.01,9.01",0001683168-26-000654,https://www.sec.gov/Archives/edgar/data/1830072/000168316826000654/ipower_8k.htm,8k_items:1.01+8.01,text/0001683168-26-000654.txt,1343cd36518abc5a12e7bfbd5432ad9825d0c85997d21f27e215c84434e1dd58,2266,0,"Item 1.01. Entry into a Material Definitive Agreement. Software Asset Transfer Agreement On February 1, 2026, iPower Inc, a Nevada corporation (""iPower"" or the ""Company""), entered into a software asset transfer agreement (the ""Software Asset Transfer Agreement"") with its then-wholly owned subsidiary, Global Product Mar",,,,,,,,,
CAL-0103,8k_3.01,YHC,0001843165,8-K,2025-04-02,3.01,0001213900-25-027750,https://www.sec.gov/Archives/edgar/data/1843165/000121390025027750/ea0236921-8k_lqrhouse.htm,8k_items:3.01,text/0001213900-25-027750.txt,7b3a566c34b108b8ffa1d64dd993ed00fcedf62ccec4648ce5842276a6d0051e,1125,0,"Item 3.01. Notice of Delisting or Failure to Satisfy a Continued Listing Rule or Standard; Transfer of Listing. The Company reported stockholders' equity in its Annual Report on Form 10-K for the year ended December 31, 2024, that was not in compliance with Nasdaq Rule 5550(b)(1), the minimum stockholders' equity requi",,,,,,,,,
CAL-0104,8k_1.01,SLSN,0000883107,8-K,2025-09-04,"1.01,5.02,9.01",0001999371-25-012518,https://www.sec.gov/Archives/edgar/data/883107/000199937125012518/solesence-8k_090325.htm,8k_items:1.01,text/0001999371-25-012518.txt,64a89e84476e11b88cfc992f1d1a1d22ad0b476c74ba29218b582df71c74dc0d,1650,0,"Item 1.01 Entry into a Material Definitive Agreement. On September 3, 2025, Solésence, Inc. (the ""Company"") entered into an (i) Employment Agreement (the ""Cureton Employment Amendment"") with Kevin Cureton, (ii) Transition Employment Agreement (the ""Jankowski Employment Amendment"") with Jess Jankowski, and (iii) Employm",,,,,,,,,
CAL-0105,8k_3.01,IPW,0001830072,8-K,2025-07-03,3.01,0001683168-25-004913,https://www.sec.gov/Archives/edgar/data/1830072/000168316825004913/ipower_8k.htm,8k_items:3.01,text/0001683168-25-004913.txt,c12a2325ca92d048fe54c1eee21c078d2ea47005a394047d6ba7f13bd8feda06,1608,0,"Item 3.01. Notice of Delisting or Failure to Satisfy a Continued Listing Rule or Standard; Transfer of Listing. As previously disclosed, on January 2, 2025, iPower Inc. (the ""Company""), received a deficiency letter from the Listing Qualifications Department (the ""Staff"") of the Nasdaq Stock Market LLC (""Nasdaq"") notify",,,,,,,,,
CAL-0106,8k_5.03,KIDZ,0002022308,8-K,2026-09-10,"3.03,5.03,5.07,9.01",0001477932-26-005517,https://www.sec.gov/Archives/edgar/data/2022308/000147793226005517/kidz_8k.htm,8k_items:5.03,text/0001477932-26-005517.txt,d69eeb648fbf09de489de350311a76c20258ee427c187b7cbb51a1395997d2e2,1735,0,"Item 3.03. Material Modification to Rights of Shareholders. To the extent required, the information set forth below under Item 5.07 is hereby incorporated by reference into this Item 5.03. Item 5.03. Amendments to Articles of Incorporation or Bylaws; Change in Fiscal Year. To the extent required, the information set fo",,,,,,,,,
CAL-0107,424B,RUBI,0001943421,424B3,2026-02-23,,0001171843-26-001022,https://www.sec.gov/Archives/edgar/data/1943421/000117184326001022/f424b3_022326.htm,offering,text/0001171843-26-001022.txt,7c367a750e83f62c97152266a806346577d76315b8a65bcd387b9722fb0bd33d,15485,0,"424B3 1 f424b3_022326.htm 424B3 Filed Pursuant to Rule 424(b)(3) Registration No. 333-290426 PROSPECTUS SUPPLEMENT NO. 11 (TO PROSPECTUS DATED NOVEMBER 4, 2025) 12,315,270 Units, Each Unit Consisting of One Common Share or One Pre-funded Warrant to Purchase One Common Share and One Class A Warrant to Purchase One Commo",,,,,,,,,
CAL-0108,8k_5.03,DFNS,0001787518,8-K,2026-02-09,"5.03,7.01,9.01",0001213900-26-013496,https://www.sec.gov/Archives/edgar/data/1787518/000121390026013496/ea0276078-8k_t3defense.htm,8k_items:5.03,text/0001213900-26-013496.txt,4b1b4708c63fb8cc01c48b32d75193ceeddde7fe6fb4c8d1f615f5690fff7a66,1331,0,"Item 5.03 Amendments to Articles of Incorporation or Bylaws; Change in Fiscal Year. Effective February 9, 2026, Nukkleus Inc. (the ""Company"") changed its name by the filing of a certificate of correction to the Amendment to its Amended and Restated Certificate of Incorporation with the Secretary of State of the State o",,,,,,,,,
CAL-0109,424B,REED,0001140215,424B3,2025-09-29,,0001493152-25-016029,https://www.sec.gov/Archives/edgar/data/1140215/000149315225016029/form424b3.htm,offering,text/0001493152-25-016029.txt,d07db3b3e48a0a9bcfc3bfd067ee741575fc7a20741e7584fdee0a8940d4cf8d,21185,0,"Item 1A of our Annual Report on Form 10-K for the year ended December 31, 2024, in Part II, Item 1A of our Quarterly Reports on Form 10-Q for the quarters ended March 31, 2025 and June 30, 2025, and as may be described in our future filings with the SEC, which are incorporated by reference in this prospectus. Additiona",,,,,,,,,
CAL-0110,424B,GCTK,0001506983,424B5,2025-02-05,,0001493152-25-004955,https://www.sec.gov/Archives/edgar/data/1506983/000149315225004955/form424b5.htm,offering,text/0001493152-25-004955.txt,386c1531fa0acfabf2ee7f6c4d3c3acc7f237c70b0462c456ec01fa4d1d2e119,30000,1,"Item 1A, ""Risk Factors,"" in our most recent Annual Report on Form 10-K and any updates described in our Quarterly Reports on Form 10-Q, all of which are incorporated herein by reference, and may be amended, supplemented or superseded from time to time by other reports we file with the SEC in the future and any prospect",,,,,,,,,
CAL-0111,8k_1.01,BRLS,0001852973,8-K,2025-01-06,"1.01,5.02,9.01",0001213900-25-001158,https://www.sec.gov/Archives/edgar/data/1852973/000121390025001158/ea0226909-8k_borealis.htm,8k_items:1.01,text/0001213900-25-001158.txt,fcca29edafc7cd9f77edea3ccc23b8052645c92c00f25069b023d616b93c2697,1392,0,"Item 1.01 Enty into a Material Definitive Agreement. On December 30, 2024, Borealis Foods Inc. (the ""Company"") and Oxus Capital PTE LTD. entered into a First Amendment, dated as of December 30, 2024 (""First Amendment""), to that certain Promissory Note fully executed on February 7, 2024 (the ""Oxus Promissory Note""). The",,,,,,,,,
CAL-0112,8k_3.02,HCTI,0001839285,8-K,2025-11-21,"1.01,2.03,3.02,9.01",0001213900-25-113672,https://www.sec.gov/Archives/edgar/data/1839285/000121390025113672/ea0266767-8k_healthcare.htm,8k_items:1.01+3.02,text/0001213900-25-113672.txt,c514ded748a22eee1d95a5e736380023b1eab073c6a4fdefc8a88e3778aaa87c,2455,0,"Item 1.01. Entry into a Material Definitive Agreement. On November 20, 2025, Healthcare Triangle, Inc., a Delaware corporation, (the ""Company""), entered into a Securities Purchase Agreement (""Purchase Agreement"") with certain institutional investors (the ""Investors""). Under the Purchase Agreement, the Company has agree",,,,,,,,,
CAL-0113,8k_5.03,HYFM,0001695295,8-K,2025-02-18,"5.03,8.01,9.01",0001628280-25-006029,https://www.sec.gov/Archives/edgar/data/1695295/000162828025006029/hyfm-20250212.htm,8k_items:5.03+8.01,text/0001628280-25-006029.txt,d1760aef7ce3648ce7a9fe3d0e4417d458bdfa1ec283cb48b245e7908d794c91,2050,0,"Item 5.03. Amendment to Articles of Incorporation or Bylaws; Change in Fiscal Year. On February 12, 2025, Hydrofarm Holdings Group, Inc. (the ""Company"") filed a Certificate of Amendment to its Amended and Restated Certificate of Incorporation, as amended (the ""Charter Amendment""), with the Secretary of State of the Sta",,,,,,,,,
CAL-0114,8k_3.02,ZSTK,0001790169,8-K,2025-09-23,"1.01,2.01,2.03,3.02,5.02,9.01",0001062993-25-015748,https://www.sec.gov/Archives/edgar/data/1790169/000106299325015748/form8k.htm,8k_items:1.01+3.02,text/0001062993-25-015748.txt,1c019c5d7fe5fe00982e44ca34a5cccfd0970663e45739a95b2884ba42fe9610,12235,0,"Item 1.01 Entry into a Material Definitive Agreement Cash Private Placement On September 19, 2025, Flora Growth Corp., a corporation organized under the laws of the Province of Ontario (""Flora"" or the ""Company""), entered into a securities purchase agreement (the ""Cash Securities Purchase Agreement"") with certain invest",,,,,,,,,
CAL-0115,8k_1.01,GCTK,0001506983,8-K,2025-02-05,"1.01,7.01,9.01",0001493152-25-004953,https://www.sec.gov/Archives/edgar/data/1506983/000149315225004953/form8-k.htm,8k_items:1.01,text/0001493152-25-004953.txt,268c67479e3948e49397c34879cb64f825e751008e742f0c25d0fdc83ed5977f,3151,0,"Item 1.01 Entry into a Material Definitive Agreement. On February 4, 2025, Glucotrack, Inc., a Delaware corporation (the ""Company""), entered into a securities purchase agreement (the ""Purchase Agreement"") with certain institutional investors (the ""Purchasers""), relating to the registered direct offering and sale of an ",,,,,,,,,
CAL-0116,8k_3.02,OPHC,0001288855,8-K,2026-01-30,"1.01,3.02,9.01",0001493152-26-004357,https://www.sec.gov/Archives/edgar/data/1288855/000149315226004357/form8-k.htm,8k_items:1.01+3.02,text/0001493152-26-004357.txt,3893e7863a3abe192b4323ed20b2a8ea16fd92eacb7b24e625b649c1ff151bfc,1166,0,"Item 1.01 Entry into a Material Definitive Agreement. Item 3.02 Unregistered Sales of Equity Securities. On January 27, 2026, OptimumBank Holdings, Inc. (the ""Company"") and Michael Blisko entered into, and consummated the transaction contemplated by, an Exchange Agreement. Pursuant to such agreement, Mr. Blisko exchang",,,,,,,,,
CAL-0117,424B,VIVK,0001450704,424B5,2025-10-27,,0001829126-25-008424,https://www.sec.gov/Archives/edgar/data/1450704/000182912625008424/vivakor_424b5.htm,offering,text/0001829126-25-008424.txt,1e7be5e573e79cceff1e18879e2ebbb974fe5d914d65571d81136a75fbfc70b3,30000,1,"Item 9.01 or included as an exhibit therein, that we may from time to time furnish to the SEC will be incorporated by reference into, or otherwise included in, this prospectus, except as otherwise expressly set forth in the relevant document. Subject to the foregoing, all information appearing in this prospectus is qua",,,,,,,,,
CAL-0118,S-3,DOGZ,0001707303,F-3,2025-12-02,,0001493152-25-025798,https://www.sec.gov/Archives/edgar/data/1707303/000149315225025798/formf-3.htm,shelf,text/0001493152-25-025798.txt,f0dc6b4bf570113ac8aa3c274ff1440e35019da0af0c6a6ae8cca8c98116b23a,30000,1,"F-3 1 formf-3.htm F-3 As filed with the Securities and Exchange Commission on December 2, 2025 Registration No. 333- UNITED STATES SECURITIES AND EXCHANGE COMMISSION Washington, DC 20549 FORM F-3 REGISTRATION STATEMENT UNDER THE SECURITIES ACT OF 1933 DOGNESS (INTERNATIONAL) CORPORATION (Exact name of registrant as spe",,,,,,,,,
CAL-0119,424B,PRHI,0001502292,424B3,2026-02-06,,0001193125-26-041360,https://www.sec.gov/Archives/edgar/data/1502292/000119312526041360/d63554d424b3.htm,offering,text/0001193125-26-041360.txt,f3f91b740071a223550daf9af01bf88656686dafc41cb3531d41389d79fa0434,30000,1,"Item 1A Risk Factors"") filed with the SEC on March 28, 2025 and included herein, and subsequent reports filed with or furnished to the SEC. Any forward-looking statement made by us in this report speaks only as of the date hereof or as of the date specified herein. We undertake no obligation to publicly update any forw",,,,,,,,,
CAL-0120,8k_3.01,PRPL,0001643953,8-K,2026-07-22,3.01,0001213900-26-080265,https://www.sec.gov/Archives/edgar/data/1643953/000121390026080265/ea0298652-8k_purple.htm,8k_items:3.01,text/0001213900-26-080265.txt,d237363545046a0b6b7b1d5b5e438023ceb632c532099cf4c988d0aeee762e2a,1677,0,"UNITED STATES SECURITIES AND EXCHANGE COMMISSION Washington, D.C. 20549 FORM 8-K CURRENT REPORT Pursuant to Section 13 or 15(d) of the Securities Exchange Act of 1934 Date of Report (Date of earliest event reported): July 20, 2026 Purple Innovation, Inc. (Exact Name of Registrant as Specified in its Charter) Delaware 0",,,,,,,,,
CAL-0121,8k_3.02,KIDZ,0002022308,8-K,2025-07-07,"1.01,2.01,3.02,7.01,9.01",0001477932-25-004929,https://www.sec.gov/Archives/edgar/data/2022308/000147793225004929/class_8k.htm,8k_items:1.01+3.02,text/0001477932-25-004929.txt,6a977f6f48bc5a535d185cf851201ba1067ed030b07be295c7deb13f6362626a,2827,0,"Item 1.01. Entry into a Material Definitive Agreement. On June 30, 2025, Classover Holdings, Inc. (the ""Company"") entered into and consummated the transactions contemplated by an Asset Purchase Agreement (the ""APA"") with an unrelated third party and its wholly-owned subsidiary (collectively, the ""Seller""). Pursuant to ",,,,,,,,,
CAL-0122,424B,RUBI,0001943421,424B3,2025-11-28,,0001171843-25-007649,https://www.sec.gov/Archives/edgar/data/1943421/000117184325007649/f424b3_112825.htm,offering,text/0001171843-25-007649.txt,380199a8080c285c65e79e0f9fbd9a72d2282c0934868e3b5c24bde3ad9efc6a,1034,0,"424B3 1 f424b3_112825.htm FORM 424B3 Filed Pursuant to Rule 424(b)(3) Registration No. 333-290426 PROSPECTUS SUPPLEMENT NO. 4 (TO PROSPECTUS DATED NOVEMBER 4, 2025) 12,315,270 Units, Each Unit Consisting of One Common Share or One Pre-funded Warrant to Purchase One Common Share and One Class A Warrant to Purchase One C",,,,,,,,,
CAL-0123,8k_8.01,SQFTP,0001080657,8-K,2026-09-02,"7.01,8.01,9.01",0001493152-26-041173,https://www.sec.gov/Archives/edgar/data/1080657/000149315226041173/form8-k.htm,8k_items:8.01,text/0001493152-26-041173.txt,5391b1caace86f2d3870d97be9ad5a0385e1482e6f238678fac24c3be147ab48,2642,0,"Item 7.01 Regulation FD Disclosure. On September 2, 2026, Presidio Property Trust, Inc. (the ""Company"") issued a press release announcing the commencement by the Company of the Exchange Offer (as defined herein), a copy of which is furnished as Exhibit 99.1 to this Current Report on Form 8-K and incorporated herein by ",,,,,,,,,
CAL-0124,8k_3.01,CDLX,0001666071,8-K,2026-06-03,"3.01,3.03",0001628280-26-040351,https://www.sec.gov/Archives/edgar/data/1666071/000162828026040351/cdlx-20260603.htm,8k_items:3.01,text/0001628280-26-040351.txt,1113d6d00ac63a85b98b50de0c80d8af20bb61d9b8de6c33bd481d5750287c36,2642,0,"UNITED STATES SECURITIES AND EXCHANGE COMMISSION WASHINGTON, DC 20549 FORM 8-K CURRENT REPORT Pursuant to Section 13 or 15(d) of the Securities Exchange Act of 1934 Date of Report (Date of earliest event reported): June 3, 2026 CARDLYTICS, INC. (Exact Name of Registrant as Specified in its Charter) Delaware 001-38386 2",,,,,,,,,
CAL-0125,8k_3.01,VEEA,0001840317,8-K,2026-04-13,3.01,0001213900-26-043016,https://www.sec.gov/Archives/edgar/data/1840317/000121390026043016/ea0286061-8k_veea.htm,8k_items:3.01,text/0001213900-26-043016.txt,af618eaa2806831a0057f5cd3dab517dca276a459a7fb7e4289acf9a329c4881,2559,0,"Item 3.01 Notice of Delisting or Failure to Satisfy a Continued Listing Rule or Standard; Transfer of Listing. As previously reported in a Current Report on Form 8-K filed with the Securities and Exchange Commission (the ""Commission"") on October 2, 2025 (the ""October 2, 2025 Form 8-K""), on September 29, 2025, Veea Inc.",,,,,,,,,
CAL-0126,S-3,RPGL,0001912884,F-1,2025-07-02,,0001213900-25-060508,https://www.sec.gov/Archives/edgar/data/1912884/000121390025060508/ea0231495-05.htm,shelf,text/0001213900-25-060508.txt,bd971935cf33a7940c267163fb55dad31cba66d3077275f0250ffc1a43e2f008,30000,1,The information in this prospectus is not complete and may be changed. Neither we nor the Selling Shareholders may sell the securities until the registration statement filed with the U.S. Securities and Exchange Commission is effective. This preliminary prospectus is not an offer to sell these securities and it is not ,,,,,,,,,
CAL-0127,8k_3.01,SLE,0001621672,8-K,2025-10-14,3.01,0001437749-25-030939,https://www.sec.gov/Archives/edgar/data/1621672/000143774925030939/slgg20251014_8k.htm,8k_items:3.01,text/0001437749-25-030939.txt,ee63c064f0530079639bde49b3fad52e5ce9b4d65da3c2e20c029fdf29db8c28,2158,0,"Item 3.01. Notice of Delisting or Failure to Satisfy a Continued Listing Rule or Standard; Transfer of Listing. As previously disclosed in the Current Report on Form 8-K filed by Super League Enterprise with the SEC on April 11, 2025, the Company received a letter from the Nasdaq Listing Qualifications staff of Nasdaq ",,,,,,,,,
CAL-0128,8k_3.01,CTXR,0001506251,8-K,2026-02-13,"2.02,3.01,9.01",0001213900-26-015895,https://www.sec.gov/Archives/edgar/data/1506251/000121390026015895/ea0276948-8k_citius.htm,8k_items:3.01,text/0001213900-26-015895.txt,a49f07766b359cfb14fa04a327167e45b29893ef8192fd82a69778bb8775a04a,1721,0,"Item 2.02 Results of Operations and Financial Condition. On February 13, 2026, Citius Pharmaceuticals, Inc. (the ""Company,"" ""we"" or ""our"") issued a press release announcing our results of operations for the first quarter of fiscal 2026. A copy of the press release is furnished as Exhibit 99.1 to this report and is inco",,,,,,,,,
CAL-0129,8k_1.01,PRTH,0001653558,8-K,2025-01-17,"1.01,7.01,9.01",0001104659-25-004465,https://www.sec.gov/Archives/edgar/data/1653558/000110465925004465/tm253610d1_8k.htm,8k_items:1.01,text/0001104659-25-004465.txt,5675d9312356a0218955fcd9fc3eafe648cc8221604b673512b59bd2ba180a13,2180,0,"Item 1.01. Entry Into a Material Definitive Agreement. Underwriting Agreement On January 15, 2025, Priority Technology Holdings, Inc. (the ""Company,"" ""we,"" ""us"" or ""our"") entered into an underwriting agreement (the ""Underwriting Agreement"") with Keefe, Bruyette & Woods, Inc. and TD Securities (USA) LLC, acting as repre",,,,,,,,,
CAL-0130,8k_3.01,NCRA,0001756180,8-K,2026-04-20,3.01,0001683168-26-003078,https://www.sec.gov/Archives/edgar/data/1756180/000168316826003078/nocera_8k.htm,8k_items:3.01,text/0001683168-26-003078.txt,afdc1992d4657e605161f24f06b34a0f4eb6f08f2a925ec0ea1bebc5d802e234,1249,0,"Item 3.01. Notice of Delisting or Failure to Satisfy a Continued Listing Rule or Standard; Transfer of Listing. On April 17, 2026, Nocera, Inc. (the ""Company"") received a letter from the Listing Qualifications Staff of The Nasdaq Stock Market LLC (""Nasdaq"") notifying the Company that, based upon the Company's stockhold",,,,,,,,,
CAL-0131,S-3,RUBI,0001943421,F-1/A,2025-10-15,,0001171843-25-006450,https://www.sec.gov/Archives/edgar/data/1943421/000117184325006450/f1a_101425.htm,shelf,text/0001171843-25-006450.txt,606c5d2365ceead38bfafad72f54618c16c8fff6473f89422c20707cc09c7174,30000,1,PROSPECTUS SUMMARY 1 THE OFFERING 8 RISK FACTORS 12 FORWARD-LOOKING STATEMENTS 46 USE OF PROCEEDS 48 CAPITALIZATION 49 DIVIDEND POLICY 50 MANAGEMENT'S DISCUSSION AND ANALYSIS OF FINANCIAL CONDITION AND RESULTS OF OPERATIONS 51 BUSINESS 63 MANAGEMENT 81 CERTAIN RELATIONSHIPS AND RELATED PARTY TRANSACTIONS 84 SECURITY OW,,,,,,,,,
CAL-0132,8k_3.02,HCTI,0001839285,8-K,2026-01-28,"1.01,2.01,3.02,7.01,9.01",0001213900-26-008594,https://www.sec.gov/Archives/edgar/data/1839285/000121390026008594/ea0274373-8k_healthcare.htm,8k_items:1.01+3.02,text/0001213900-26-008594.txt,97bdc3fcfde827f5766269a53b3d08effd488a4709c6bd3290e016b28316e866,3315,0,"Item 1.01 Entry into a Material Definitive Agreement. On January 22, 2026, Healthcare Triangle, Inc., a Delaware corporation (the ""Company""), entered into a Share Purchase Agreement (the ""Share Purchase Agreement""), by and among (i) Teyame AI Holdings Inc., a Delaware corporation and wholly owned subsidiary of the Comp",,,,,,,,,
CAL-0133,8k_1.01,AVAT,0002092446,8-K,2026-07-16,"1.01,2.03",0001104659-26-084256,https://www.sec.gov/Archives/edgar/data/2092446/000110465926084256/tm2620435d2_8k.htm,8k_items:1.01,text/0001104659-26-084256.txt,dcf54d32e45d6ed417aaf6dddd838ed83fa898739303b780dc2f334610d62bd9,1968,0,"Item 1.01 Entry into a Material Definitive Agreement. Master Digital Currency Loan Agreement and Loan Term Sheet On July 2, 2026, Avalanche Treasury Company, LLC (""AVAT"") signed a Master Digital Currency Loan Agreement (the ""Master Digital Currency Loan Agreement"") with Galaxy Digital LLC (the ""Lender"") to facilitate t",,,,,,,,,
CAL-0134,8k_8.01,CYCU,0001868419,8-K/A,2026-08-19,"8.01,9.01",0001628280-26-057843,https://www.sec.gov/Archives/edgar/data/1868419/000162828026057843/cycu-20260817.htm,8k_items:8.01,text/0001628280-26-057843.txt,887e4510de59577487141fa35e9136806a1c38301e469617a0062618d9014d27,1157,0,"Item 8.01 Other Events. On August 17, 2026, the Company issued a press release. A copy of the press release is furnished as Exhibit 99.1 to this Current Report on Form 8-K/A. On August 18, 2026, the Company issued a press release. A copy of the press release is furnished as Exhibit 99.2 to this Current Report on Form 8",,,,,,,,,
CAL-0135,8k_3.01,RMCF,0001616262,8-K,2025-09-19,"3.01,5.02",0001437749-25-029483,https://www.sec.gov/Archives/edgar/data/1616262/000143774925029483/rmcfd20250918_8k.htm,8k_items:3.01,text/0001437749-25-029483.txt,daa7f284b1080a314e40ca37373acab5348e2587799456e90a22715fc9b4bfd9,2461,0,"Item 3.01 Notice of Delisting or Failure to Satisfy a Continued Listing Rule or Standard; Transfer of Listing. On September 15, 2025, Allen C. Harper notified the board of directors (the ""Board"") of Rocky Mountain Chocolate Factory, Inc. (the ""Company"") of his resignation from the Board and all committees thereof, effe",,,,,,,,,
CAL-0136,8k_5.03,PULM,0001574235,8-K,2026-03-27,"1.01,3.02,3.03,5.01,5.03,7.01,9.01",0001493152-26-013266,https://www.sec.gov/Archives/edgar/data/1574235/000149315226013266/form8-k.htm,8k_items:1.01+3.02+5.03,text/0001493152-26-013266.txt,36840b8b9c4e08a7e9157d310d8216455a70f41f445ab6bed307b62238535c25,11804,0,"Item 1.01. Entry into a Material Definitive Agreement. Merger Agreement On March 26, 2026, Pulmatrix, Inc., a Delaware corporation (""Pulmatrix"" or the ""Company""), entered into an Agreement and Plan of Merger and Reorganization (the ""Merger Agreement""), by and among Pulmatrix, PUOS Merger Sub, Inc., a Delaware corporati",,,,,,,,,
CAL-0137,8k_3.01,AVAT,0002092446,8-K,2026-08-07,3.01,0001104659-26-092723,https://www.sec.gov/Archives/edgar/data/2092446/000110465926092723/tm2622466d1_8k.htm,8k_items:3.01,text/0001104659-26-092723.txt,d31e09ffca6f8770989918f3853c1f84de9d8830a75f719412975d95edd7cb6b,2170,0,"Item 3.01. Notice of Delisting or Failure to Satisfy a Continued Listing Rule or Standard; Transfer of Listing. Noncompliance with Nasdaq Minimum Bid Price Requirement On August 6, 2026, Avalanche Treasury Corporation (the ""Company"") received a deficiency letter (the ""Minimum Bid Deficiency Letter"") from the Nasdaq Lis",,,,,,,,,
CAL-0138,8k_5.03,FFAI,0001805521,8-K,2025-12-29,"1.01,3.02,3.03,5.03,9.01",0001213900-25-126069,https://www.sec.gov/Archives/edgar/data/1805521/000121390025126069/ea0270942-8k_faraday.htm,8k_items:1.01+3.02+5.03,text/0001213900-25-126069.txt,2e159668daf4d60031a69c6ccec6b8303ea1ba8e262aa007657b0bd90e87fabb,3529,0,"Item 1.01 Entry into a Material Definitive Agreement. Purchase Agreement On December 22, 2025, Faraday Future Intelligent Electric Inc. (the ""Company"") entered into a Purchase Agreement (the ""Purchase Agreement"") with Matthias Aydt (the ""Purchaser""), pursuant to which the Company agreed to issue and sell one (1) share ",,,,,,,,,
CAL-0139,8k_1.01,ADVB,0001941029,8-K,2025-03-10,"1.01,7.01,9.01",0001575872-25-000240,https://www.sec.gov/Archives/edgar/data/1941029/000157587225000240/advb-20250307.htm,8k_items:1.01,text/0001575872-25-000240.txt,49cda15f11e2e1975d6ec7312a7712afcf8c669fbcc5b156beafdc983d07e9a1,1945,0,"Item 1.01 Entry into a Material Definitive Agreement. On March 5, 2025, Advanced Biomed Inc. (the "" Company "") entered into an underwriting agreement (the "" Underwriting Agreement "") with Craft Capital Management LLC, as representative of the several underwriters listed on Schedule A to the Underwriting Agreement (the ",,,,,,,,,
CAL-0140,8k_3.01,PTN,0000911216,8-K,2025-04-10,"3.01,8.01,9.01",0001654954-25-004125,https://www.sec.gov/Archives/edgar/data/911216/000165495425004125/ptn_8k.htm,8k_items:3.01+8.01,text/0001654954-25-004125.txt,5adaf89c84213175e99526f4fe5d28dc5b58a2f13d191375b7becfdda4e29911,1649,0,"Item 3.01 Notice of Delisting or Failure to Satisfy a Continued Listing Rule or Standard; Transfer of Listing. On April 10, 2025, Palatin Technologies, Inc. (the ""Company"") received written notification from NYSE American LLC (""NYSE American"" or the ""Exchange"") stating that the NYSE Regulation has determined to commenc",,,,,,,,,
CAL-0141,8k_3.01,RDAC,0002018145,8-K,2026-08-20,3.01,0001213900-26-091870,https://www.sec.gov/Archives/edgar/data/2018145/000121390026091870/ea0302829-8k_rising.htm,8k_items:3.01,text/0001213900-26-091870.txt,2477d6d506a1c13c6a93af3367e07ab25daf0f139a7e94589d061fa1fa31af8b,2391,0,"Item 3.01 Notice of Delisting or Failure to Satisfy a Continued Listing Rule or Standard; Transfer of Listing. On August 19, 2026, Rising Dragon Acquisition Corp. (the ""Company"") received a written notice (the ""Notice"") from the Listing Qualifications Department (the ""Staff"") of The Nasdaq Stock Market LLC (""Nasdaq"") n",,,,,,,,,
CAL-0142,8k_3.01,XPON,0001894954,8-K,2026-01-30,3.01,0001903596-26-000022,https://www.sec.gov/Archives/edgar/data/1894954/000190359626000022/xpon_8k.htm,8k_items:3.01,text/0001903596-26-000022.txt,91312865e3c4272f49138ac8ce20a6974dd1b5c1ebaa534fd2a81144554b08a5,2207,0,"Item 3.01 Notice of Delisting or Failure to Satisfy a Continued Listing Rule or Standard; Transfer of Listing. On January 29, 2026, Expion360 Inc. (the ""Company"") received a staff determination (the ""Staff Determination"") from the Nasdaq Listing Qualifications department (the ""Staff"") of The Nasdaq Stock Market (""Nasda",,,,,,,,,
CAL-0143,8k_5.03,EZRA,0001812727,8-K,2026-03-17,"1.01,5.03,9.01",0001493152-26-010622,https://www.sec.gov/Archives/edgar/data/1812727/000149315226010622/form8-k.htm,8k_items:1.01+5.03,text/0001493152-26-010622.txt,8b05140b0844fdff9253da10ae76e6f1a9dd8ec45d3944d4b744dd7208c32d8e,3220,0,"Item 1.01. Entry into a Material Definitive Agreement. Settlement Agreements On March 13, 2026, Reliance Global Group, Inc., a Florida corporation (the ""Company""), entered into a Full and Final Release and Settlement Agreement (the ""Rubin Settlement Agreement"") by and among the Company, Reliance Global Holdings, LLC (""",,,,,,,,,
CAL-0144,8k_8.01,GWH,0001819438,8-K,2025-08-29,8.01,0001819438-25-000027,https://www.sec.gov/Archives/edgar/data/1819438/000181943825000027/wk-20250829.htm,8k_items:8.01,text/0001819438-25-000027.txt,4091bb55309556b22cb9487c970d71ce3855c2a8ca3eeafef2eef68d475c5174,1488,0,"Item 8.01 Other Events. The Board of Directors of ESS Tech, Inc. (the ""Company"") has scheduled the Company's 2025 annual meeting of stockholders (the ""Annual Meeting"") for October 6, 2025. Because the Company is holding the Annual Meeting more than 25 days after the one-year anniversary of its 2024 annual meeting of st",,,,,,,,,
CAL-0145,8k_3.02,IVF,0001417926,8-K,2025-09-29,"1.01,3.02,9.01",0001493152-25-016076,https://www.sec.gov/Archives/edgar/data/1417926/000149315225016076/form8-k.htm,8k_items:1.01+3.02,text/0001493152-25-016076.txt,fc2b15be029027ce6ebcd78fd8b8c46c6bb32a16d7fc8f31d1ce31d9b66efa67,1210,0,"Item 1.01. Entry Into Material Definitive Agreement. Amendment and Exchange Agreement Effective as of September 29, 2025, the Company and Five Narrow Lane LP, a Delaware limited partnership (""FNL"") entered into an agreement (the ""Exchange Agreement"") pursuant to which FNL agreed to exchange a Second Amended and Restate",,,,,,,,,
CAL-0146,424B,MOBX,0001855467,424B3,2025-09-04,,0001493152-25-012609,https://www.sec.gov/Archives/edgar/data/1855467/000149315225012609/form424b3.htm,offering,text/0001493152-25-012609.txt,f6053fda416e8ea11f80ce6c799740b9417e19093c94843bb09f7815b9523b0d,30000,1,"Item 3.02 of the Original Filing, as amended to correct the error. Item 3.02. Unregistered Sales of Equity Securities. On August 13 and August 15, 2025, Mobix Labs, Inc. (the ""Company"") completed a series of financing transactions that enhance the Company's working capital position and provide additional financial flex",,,,,,,,,
CAL-0147,8k_1.01,SONM,0001178697,8-K,2025-08-12,"1.01,2.03,5.02,9.01",0001641172-25-023214,https://www.sec.gov/Archives/edgar/data/1178697/000164117225023214/form8-k.htm,8k_items:1.01,text/0001641172-25-023214.txt,5ceaace4482b9256dea23e83142cdc9f353cd544bfede41a74b3f392300445d2,2404,0,"Item 1.01 Entry into a Material Definitive Agreement. Factoring Agreement On August 7, 2025, Sonim Technologies, Inc. (the ""Company"") entered into a factoring agreement (the ""Factoring Agreement"") with Tradewind GmbH (""Tradewind""), under which Tradewind will provide receivables factoring to the Company. Pursuant to the",,,,,,,,,
CAL-0148,8k_8.01,PSQH,0001847064,8-K/A,2025-12-18,"8.01,9.01",0001104659-25-122607,https://www.sec.gov/Archives/edgar/data/1847064/000110465925122607/tm2533863d2_8ka.htm,8k_items:8.01,text/0001104659-25-122607.txt,f7765b470f0ec4da6b489e42318b2490e9e687418799ffbe1f15129bade18126,1618,0,"Item 8.01 in the Original Report is amended and restated to read as follows: Item 8.01 Other Events. ""During the four-day Black Friday through Cyber Monday (""BFCM"") period, the amount of Gross Merchandise Volume (""GMV"") processed by the Company's PSQ Payments business increased by approximately $6.5 million, or 536%, f",,,,,,,,,
CAL-0149,8k_3.01,BNC,0001482541,8-K,2026-05-13,"3.01,9.01",0001482541-26-000006,https://www.sec.gov/Archives/edgar/data/1482541/000148254126000006/bnc-20260507.htm,8k_items:3.01,text/0001482541-26-000006.txt,a6d7fecfc6aa9928bcfd79570684dadd79d864a705630fc0c2652f524ab0618e,1331,0,"Item 3.01 Notice of Delisting or Failure to Satisfy a Continued Listing Rule or Standard; Transfer of Listing. On May 7, 2026, the Company received a letter from the staff of the Listing Qualifications Department (the ""Staff"") of The Nasdaq Stock Market (""Nasdaq"") notifying the Company that it no longer complies with N",,,,,,,,,
CAL-0150,8k_3.01,VEEA,0001840317,8-K,2025-10-02,3.01,0001213900-25-095389,https://www.sec.gov/Archives/edgar/data/1840317/000121390025095389/ea0259854-8k_veea.htm,8k_items:3.01,text/0001213900-25-095389.txt,a47e65926c19b2b11670b2ca2e6945495e56a60ec5d0edde3a7a4e3b3b262beb,3165,0,"Item 3.01. Notice of Delisting or Failure to Satisfy a Continued Listing Rule or Standard; Transfer of Listing Noncompliance with Nasdaq Minimum Bid Price Requirement On September 29, 2025, Veea Inc., a Delaware corporation (the ""Company""), received a notice from the Listing Qualifications Department (the ""Staff"") of T",,,,,,,,,
CAL-0151,8k_3.01,ADVB,0001941029,8-K,2026-01-21,3.01,0001213900-26-006281,https://www.sec.gov/Archives/edgar/data/1941029/000121390026006281/ea027358501-8k_advanced.htm,8k_items:3.01,text/0001213900-26-006281.txt,1dfcc2f0035511fa92f6ef104e32ba9d61f96f62719c5e7618bb80989920aef5,1515,0,"Item 3.01 Notice of Delisting or Failure to Satisfy a Continued Listing Rule or Standard; Transfer of Listing. As previously disclosed, on July 18, 2025, Advanced Biomed Inc. (the ""Company"") received a written notice from the Listing Qualifications Staff of The Nasdaq Stock Market LLC (the ""Staff"") notifying the Compan",,,,,,,,,
CAL-0152,424B,BIYA,0001944712,424B4,2025-03-24,,0001013762-25-001683,https://www.sec.gov/Archives/edgar/data/1944712/000101376225001683/ea0200053-11.htm,offering,text/0001013762-25-001683.txt,ddb0c721493776d35e094d9d29e1f515b4d9f469de5732fad747369c08549a0c,30000,1,"See also ""Risk Factors — Risks relating to the VIE Structure — The PRC government may find that the Contractual Arrangements with the VIE and its shareholders to operate our business in China do not comply with applicable PRC Laws, or if these applicable PRC Laws or the interpretation of existing applicable PRC Laws ch",,,,,,,,,
CAL-0153,424B,VRME,0001104038,424B3,2025-02-04,,0001214659-25-001896,https://www.sec.gov/Archives/edgar/data/1104038/000121465925001896/d24254424b3.htm,offering,text/0001214659-25-001896.txt,bfd6d7c016d9592c2c72f98f80fa37807c3960fae4605e10d223229bec56eb5d,17341,0,"Item 1A under the heading ""Risk Factors"" included in our most recent Annual Report on Form 10-K, and in Part II, Item 1A under the heading ""Risk Factors"" included in any Quarterly Reports on Form 10-Q, and any Current Reports on Form 8-K filed after the end of the fiscal year covered by such Annual Report on Form 10-K,",,,,,,,,,
CAL-0154,8k_8.01,BIAF,0001712762,8-K,2026-06-02,"8.01,9.01",0001493152-26-026773,https://www.sec.gov/Archives/edgar/data/1712762/000149315226026773/form8-k.htm,8k_items:8.01,text/0001493152-26-026773.txt,97c3e6b702d311c8bab0d3f73b66e686f4e52ed315aa7258295e74bd275033df,1085,0,"Item 8.01. Other Events. On June 2, 2026, bioAffinity Technologies, Inc., a Delaware corporation, issued a press release announcing that the Society for Advanced Bronchoscopy (SAB) will host a webinar on CyPath® Lung's expanding role in pulmonary, oncology and surgical practices in the detection and management of early",,,,,,,,,
CAL-0155,424B,WXM,0001979610,424B3,2025-11-12,,0001731122-25-001519,https://www.sec.gov/Archives/edgar/data/1979610/000173112225001519/e7029_424b3.htm,offering,text/0001731122-25-001519.txt,353ec3a9a744fce5d19dd7a0af8ac50142a4192e42688ec0f97ca23ca1cac1c6,2654,0,"424B3 1 e7029_424b3.htm FORM 424B3 Filed Pursuant to Rule 424(b)(3) Registration No. 333-290595 PROSPECTUS SUPPLEMENT NO. 1 (TO PROSPECTUS DATED NOVEMBER 4, 2025) 1,720,688 Units consisting of 1,720,688 Ordinary Shares and 1,720,688 Warrants to purchase 1,720,688 Ordinary Shares and 1,720,688 Ordinary Shares issuable u",,,,,,,,,
CAL-0156,8k_3.01,CYCU,0001868419,8-K,2025-10-20,"3.01,8.01,9.01",0001493152-25-018656,https://www.sec.gov/Archives/edgar/data/1868419/000149315225018656/form8-k.htm,8k_items:3.01+8.01,text/0001493152-25-018656.txt,17acaa2ba44ed67d0a198cdde97263fb71bb44f63fd849f4aedb857961d0a479,3475,0,"Item 3.01 Notice of Delisting or Failure to Satisfy a Continued Listing Rule or Standard; Transfer of Listing. On October 14, 2025, Cycurion, Inc. (the ""Company"") received a Delisting Determination Letter from the staff of Nasdaq Listing Qualifications (the ""Staff"") that it has determined to commence proceedings to del",,,,,,,,,
CAL-0157,8k_3.02,MEDS,0002030763,8-K,2026-01-20,"1.01,2.03,3.02,9.01",0001493152-26-002690,https://www.sec.gov/Archives/edgar/data/2030763/000149315226002690/form8-k.htm,8k_items:1.01+3.02,text/0001493152-26-002690.txt,938beec76c6437e9c537d4b066d651471271c53530ebae88485695b88dc2f3db,2964,0,"Item 1.01. Entry into a Material Definitive Agreement. On January 16, 2026, Wellgistics Health, Inc. (the ""Company""), entered into a note purchase agreement (the ""Note Purchase Agreement"") with certain investors (the ""Investors"") whereby the Company agreed to issue and sell to the Investors in a private offering up to ",,,,,,,,,
CAL-0158,8k_8.01,BIAF,0001712762,8-K,2026-09-09,"8.01,9.01",0001493152-26-041894,https://www.sec.gov/Archives/edgar/data/1712762/000149315226041894/form8-k.htm,8k_items:8.01,text/0001493152-26-041894.txt,808f0e82bc29b6be8225ea58f1b186df5631cd4f2b571e9a8ad2d8da0ad2cf16,1700,0,"Item 8.01 Other Events. As previously disclosed in a Current Report on Form 8-K filed by bioAffinity Technologies, Inc. (the ""Company"") on July 30, 2026, the Company received written notice (the ""Staff Determination"") from the Listing Qualifications Staff (the ""Staff"") of The Nasdaq Stock Market LLC (""Nasdaq"") notifyin",,,,,,,,,
CAL-0159,8k_5.03,IQST,0001527702,8-K,2026-06-17,"3.03,5.03,9.01",0001663577-26-000194,https://www.sec.gov/Archives/edgar/data/1527702/000166357726000194/iqst8k061726.htm,8k_items:5.03,text/0001663577-26-000194.txt,bbedc335ce9f182e7bc9a830cd02bfe60d75e86b56add13e9f78e0a81744d497,1374,0,Item 3.03. Material Modification to Rights of Security Holders. The information contained in Items 5.03 related to the Amended and Restated Certificate of Designation and the terms of the Series B Preferred Stock is hereby incorporated by reference into this Item 3.03. Item 5.03. Amendments to Articles of Incorporation,,,,,,,,,
CAL-0160,8k_5.03,USDE,0002080215,8-K,2026-07-02,"1.01,2.01,3.03,5.01,5.02,5.03,5.05,5.06,9.01",0001213900-26-074559,https://www.sec.gov/Archives/edgar/data/2080215/000121390026074559/ea0296210-8k_stablecoinx.htm,8k_items:1.01+5.03,text/0001213900-26-074559.txt,f9293cbfea421ad919ed53f65d2f26e853565ab9cefeffe71281180cb6b11d77,30000,1,"Item 1.01. Entry into a Material Definitive Agreement. Lock-Up Agreements Concurrently with the Closing, certain former shareholders of TLGY (the ""Legacy SPAC Shareholders"") and certain former shareholders of SC Assets (the ""Legacy SC Assets Shareholders"") entered into a Lock-Up Agreement with StablecoinX (the ""Lock-up",,,,,,,,,
CAL-0161,8k_5.03,YHC,0001843165,8-K,2025-06-04,"5.03,5.07,9.01",0001213900-25-051152,https://www.sec.gov/Archives/edgar/data/1843165/000121390025051152/ea0244644-8k_lqrhouse.htm,8k_items:5.03,text/0001213900-25-051152.txt,14c55ffec44f66b2969ef75f7a2cb9da40c37b3c403da8c263f68bee54ca79aa,2379,0,"Item 5.03 Amendments to Articles of Incorporation or Bylaws; Change in Fiscal Year On June 2, 2025, LQR House Inc., a Nevada corporation (the ""Company"") filed a Certificate of Amendment (the ""Certificate of Amendment"") to the Company's Articles of Incorporation (the ""Articles of Incorporation"") with the Secretary of St",,,,,,,,,
CAL-0162,S-3,SPRC,0001611746,F-3/A,2026-08-19,,0001213900-26-091651,https://www.sec.gov/Archives/edgar/data/1611746/000121390026091651/ea0302331-f3a1_scisparc.htm,shelf,text/0001213900-26-091651.txt,77237295908f21af6cab491034561fdd3a9437ddcf8aaf93cbbe08e4fa33c5ba,30000,1,"Item 3. - Key Information – D. Risk Factors"" in our Annual Report on Form 20-F for the year ended December 31, 2025, or the 2025 Annual Report, incorporated by reference herein, and other information included in or incorporated by reference into this prospectus for a discussion of factors to consider carefully before d",,,,,,,,,
CAL-0163,8k_1.01,NRXS,0001933567,8-K,2025-07-03,"1.01,1.02,5.02,9.01",0001641172-25-017723,https://www.sec.gov/Archives/edgar/data/1933567/000164117225017723/form8-k.htm,8k_items:1.01,text/0001641172-25-017723.txt,9e70b61883da59bca0645f65fbd3741f8cfda4d00810bf78baf5eb3fbd66997d,2090,0,"Item 1.01 Entry into a Material Definitive Agreement. As previously disclosed, on April 9, 2020, Neuraxis, Inc. (the ""Company"") entered into a license and collaboration agreement (the ""License and Collaboration Agreement"") with Masimo Corporation (""Masimo""). Under the License and Collaboration Agreement, the Company gr",,,,,,,,,
CAL-0164,424B,SUNE,0000022701,424B5,2025-02-27,,0001213900-25-017771,https://www.sec.gov/Archives/edgar/data/22701/000121390025017771/ea0232362-424b5_sunation.htm,offering,text/0001213900-25-017771.txt,33723d4f9cb48e35325d29a21550afcf40ae2cddbc57e514d740e23cd28c5b8b,30000,1,"Item 9.01, that we have ""furnished"" to the SEC pursuant to the Exchange Act shall be incorporated by reference into this prospectus. We will furnish without charge to you, on written or oral request, a copy of any or all of the documents incorporated by reference in this prospectus, including exhibits to these document",,,,,,,,,
CAL-0165,S-3,MSGY,0002020228,F-1/A,2025-02-21,,0001213900-25-015999,https://www.sec.gov/Archives/edgar/data/2020228/000121390025015999/ea0207245-12.htm,shelf,text/0001213900-25-015999.txt,027a19c907bd78617cbe74b8eda6b4c34c8cd945ac4d5ccd9aff4a99e4ec3cbf,30000,1,"EXPLANATORY NOTE This Registration Statement contains two prospectuses, as set forth below. • Public Offering Prospectus. A prospectus to be used for the public offering of 1,500,000 Ordinary Shares of the Registrant (the ""Public Offering Prospectus"") through the underwriter named on the cover page of the Public Offeri",,,,,,,,,
CAL-0166,424B,KIDZ,0002022308,424B3,2026-04-22,,0001477932-26-002462,https://www.sec.gov/Archives/edgar/data/2022308/000147793226002462/class_424b3.htm,offering,text/0001477932-26-002462.txt,d6afeb704beabc1d4ba82fe077ee7e1060a0d97e935dbaa68fd842bd74cfc595,30000,1,"You should read this prospectus and any prospectus supplement or amendment carefully before you invest in our securities. Our Common Stock and Public Warrants are traded on the Capital Market of the Nasdaq Stock Market LLC (""Nasdaq"") under the symbols ""KIDZ"" and ""KIDZW,"" respectively. On April 20, 2026, the last report",,,,,,,,,
CAL-0167,8k_5.03,TRUG,0001857086,8-K,2026-03-13,"3.03,5.03,9.01",0001493152-26-010064,https://www.sec.gov/Archives/edgar/data/1857086/000149315226010064/form8-k.htm,8k_items:5.03,text/0001493152-26-010064.txt,0ffc29d3aee5bdb28e1b546f9518d74da72ad0403ac6b3e9c4928751972a0834,2071,0,"Item 3.03 Material Modifications to Rights of Security Holders. As previously disclosed, on February 17, 2026, at TruGolf Holdings, Inc.'s (the ""Company"") annual meeting of stockholders (the ""Annual Meeting""), the stockholders of the Company approved a proposal to redomesticate the Company (the ""Redomestication"") from ",,,,,,,,,
CAL-0168,8k_3.01,SKYE,0001516551,8-K,2026-05-15,3.01,0001628280-26-035535,https://www.sec.gov/Archives/edgar/data/1516551/000162828026035535/skye-20260513.htm,8k_items:3.01,text/0001628280-26-035535.txt,1c743841b259f0798fb76ecbdaad70a7477b964906ff650527d543ea11245a9c,1314,0,"Item 3.01 Notice of Delisting or Failure to Satisfy a Continued Listing Rule or Standard; Transfer of Listing. On May 13, 2026, Skye Bioscience, Inc. (the ""Company"" or ""Skye"") received a written notification from the Listing Qualifications Department of The Nasdaq Stock Market LLC (""Nasdaq"") notifying the Company that,",,,,,,,,,
CAL-0169,8k_5.03,SKYQ,0001812447,8-K,2025-11-05,"5.03,5.07,9.01",0001096906-25-001752,https://www.sec.gov/Archives/edgar/data/1812447/000109690625001752/skyq-20251105_8k.htm,8k_items:5.03,text/0001096906-25-001752.txt,293618539352ec6bd499ac3c0ac7a011017f9ba92bba168942f469ed9634c148,1923,0,"Item 5.03. Amendments to Articles of Incorporation or Bylaws; Change in Fiscal Year. On November 4, 2025, at the Company's Annual Meeting of Stockholders (""Annual Meeting""), the Company's stockholders approved an amendment to the certificate of incorporation whereby the authorized shares of common stock will be increas",,,,,,,,,
CAL-0170,8k_5.03,MSGM,0001821175,8-K,2026-05-26,"3.03,5.03,9.01",0001493152-26-025242,https://www.sec.gov/Archives/edgar/data/1821175/000149315226025242/form8-k.htm,8k_items:5.03,text/0001493152-26-025242.txt,e75f1d4414c3369dbe07d229122b579f8b69d4e9b6973921dbc650970177f0e4,2013,0,"Item 3.03. Material Modification to Rights of Security Holders. The disclosures set forth below under Item 5.03 are incorporated by reference herein. Item 5.03. Amendments to Articles of Incorporation or Bylaws; Change in Fiscal Year. As previously disclosed by Motorsport Games Inc. (the ""Company""), on April 22, 2025, ",,,,,,,,,
CAL-0171,8k_5.03,TNON,0001560293,8-K,2026-08-10,"3.03,5.03,7.01,9.01",0001213900-26-087352,https://www.sec.gov/Archives/edgar/data/1560293/000121390026087352/ea0301424-8k_tenon.htm,8k_items:5.03,text/0001213900-26-087352.txt,d5941041fec48784e5286dd4818deeb84048d2930d237a381912b363df05c0a9,2165,0,"Item 3.03. Material Modification to Rights of Security Holders. To the extent required by Item 3.03 of Form 8-K, the information contained in Item 5.03 of this Current Report on Form 8-K (this ""Current Report"") is incorporated herein by reference. Item 5.03. Amendment to Articles of Incorporation or Bylaws; Change in F",,,,,,,,,
CAL-0172,8k_3.02,SPAI,0002011208,8-K,2025-10-21,"1.01,3.02,9.01",0001493152-25-018815,https://www.sec.gov/Archives/edgar/data/2011208/000149315225018815/form8-k.htm,8k_items:1.01+3.02,text/0001493152-25-018815.txt,72e78b60512181201c5edb575f37a935a149f6a1bd0a02c162996cba6ed6b228,1890,0,"Item 1.01. Entry into a Material Definitive Agreement. On October 17, 2025, Safe Pro Group Inc. (the ""Company"") entered into certain Securities Purchase Agreements (each, an ""Agreement"") with certain investors (the ""Investors""), pursuant to which the Investors purchased an aggregate of 2,000,000 shares of the Company's",,,,,,,,,
CAL-0173,8k_1.01,BIAF,0001712762,8-K,2025-09-02,"1.01,9.01",0001641172-25-026168,https://www.sec.gov/Archives/edgar/data/1712762/000164117225026168/form8-k.htm,8k_items:1.01,text/0001641172-25-026168.txt,c3eb5c53bf70ac247f4c13461f3d3b22852f727cb4403e4b332a988978dc9d72,1302,0,"Item 1.01 Entry into a Material Definitive Agreement On September 2, 2025, bioAffinity Technologies, Inc, (the ""Company"") and the holders of the warrants issued by the Company on May 7, 2025 (the ""May 2025 Warrants"") and the warrants issued by the Company on August 13, 2025 (the ""August 2025 Warrants"") agreed, effectiv",,,,,,,,,
CAL-0174,8k_5.03,BENF,0001775734,8-K,2026-04-10,"3.02,3.03,5.03,7.01,9.01",0001493152-26-016035,https://www.sec.gov/Archives/edgar/data/1775734/000149315226016035/form8-k.htm,8k_items:3.02+5.03,text/0001493152-26-016035.txt,7414dfb515accc373a0d17d899981ebd966f109a8575371af285875d62916b53,5859,0,"Item 3.02 Unregistered Sales of Equity Securities. On April 8, 2026, Beneficient, a Nevada corporation (the ""Company""), through one of its subsidiaries, funded the closing of a primary capital transaction pursuant to definitive agreements entered into on April 7, 2026 with a customer with respect to a limited partner i",,,,,,,,,
CAL-0175,8k_3.01,AEI,0001750106,8-K,2025-05-15,3.01,0001641172-25-010925,https://www.sec.gov/Archives/edgar/data/1750106/000164117225010925/form8-k.htm,8k_items:3.01,text/0001641172-25-010925.txt,403ba8ab672a874ef78f571bf9b65c0acbd7ea9e5527f2e299f362c7373be83a,1605,0,"Item 3.01. Notice of Delisting or Failure to Satisfy a Continued Listing Rule or Standard; Transfer of Listing. On May 13, 2025, Alset Inc. (the ""Company"") received a notification letter from the Listing Qualifications Department of The Nasdaq Stock Market LLC (""Nasdaq"") notifying the Company that, because the closing ",,,,,,,,,
CAL-0176,8k_3.02,TOP,0001848275,8-K,2026-07-13,"3.02,7.01,9.01",0001213900-26-077316,https://www.sec.gov/Archives/edgar/data/1848275/000121390026077316/ea0297568-8k_top.htm,8k_items:3.02,text/0001213900-26-077316.txt,99462bc22a6bd8a4af88fad92a011e7c2bc49577a72f0b164025b3b90156d1a7,2125,0,"Item 3.02, Unregistered Sales of Equity Securities As previously disclosed, on March 25, 2026, TOP Financial Group Limited, a Cayman Islands exempted company (the ""Company"") entered into the Securities Purchase Agreement (the ""Securities Purchase Agreement""), with certain non-U.S. investors (each a ""Purchaser"") relatin",,,,,,,,,
CAL-0177,8k_5.03,ENSC,0001716947,8-K,2026-03-23,"5.03,9.01",0001493152-26-012062,https://www.sec.gov/Archives/edgar/data/1716947/000149315226012062/form8-k.htm,8k_items:5.03,text/0001493152-26-012062.txt,f5a2edd12ac66715b37dbbc9848ac123fc771b1cb79ae7fbb9cf61106d474413,933,0,"Item 5.03 Amendments to Articles of Incorporation or Bylaws; Change in Fiscal Year On March 18, 2026, Ensysce Biosciences Inc. (the ""Company"") filed with the State of Delaware a Certificate of Correction (the ""CoC"") to our Certificate of Designation of Series B Preferred Stock, which Certificate of Designation is part ",,,,,,,,,
CAL-0178,S-3,MEDS,0002030763,S-1,2026-08-07,,0001493152-26-036665,https://www.sec.gov/Archives/edgar/data/2030763/000149315226036665/forms-1.htm,shelf,text/0001493152-26-036665.txt,cbd1d05ac46bce32ba68f70e9da0ca522a70e2c435468df3bf34ac1c77d5623e,30000,1,"Item 1A. Risk Factors"" in our Annual Report on Form 10-K for the year ended December 31, 2025, in our Quarterly Reports on Form 10-Q and in our other filings with the SEC. Overview DataMeds AI, Inc. (formerly Wellgistics Health, Inc.) (""DataMeds,"" the ""Company,"" ""we,"" ""us"" or ""our"") was incorporated in 2022 as a holdin",,,,,,,,,
CAL-0179,8k_1.01,EZRA,0001812727,8-K,2025-08-14,"1.01,9.01",0001641172-25-024200,https://www.sec.gov/Archives/edgar/data/1812727/000164117225024200/form8-k.htm,8k_items:1.01,text/0001641172-25-024200.txt,a1ed6111f8cb08c3a8930cd5c1f6dab19e33826e744d3b5fad34a7d538588fc4,1895,0,"Item 1.01 Entry into a Material Definitive Agreement. On August 13, 2025, Reliance Global Group, Inc. (the ""Company"") entered into an At The Market Offering Agreement (the ""Agreement"") with H.C. Wainwright & Co., LLC (""Wainwright"") under which the Company may offer and sell, from time to time at its sole discretion, up",,,,,,,,,
CAL-0180,8k_3.01,QCLS,0001321834,8-K,2025-03-21,3.01,0001493152-25-011160,https://www.sec.gov/Archives/edgar/data/1321834/000149315225011160/form8-k.htm,8k_items:3.01,text/0001493152-25-011160.txt,bdbacfe8c5c9588b45aa09715cfe2ace587410394d1c8c2b85ee23b4a347a2be,1549,0,"Item 3.01 Notice of Delisting or Failure to Satisfy a Continued Listing Rule or Standard; Transfer of Listing. On March 17, 2025, TNF Pharmaceuticals, Inc. (the ""Company"") received a letter from the Listing Qualifications Department of the Nasdaq Stock Market (""Nasdaq"") indicating that, based upon the closing bid price",,,,,,,,,
CAL-0181,8k_5.03,ATPC,0001713210,8-K,2026-02-06,"3.03,5.03,7.01,9.01",0001493152-26-005471,https://www.sec.gov/Archives/edgar/data/1713210/000149315226005471/form8-k.htm,8k_items:5.03,text/0001493152-26-005471.txt,2170c27c631d6b817416f81419f2d5c6f4dfd7beea9fedbce39c723e850a4415,1734,0,"Item 3.03 Material Modification to Rights of Security Holders. To the extent required by Item 3.03 of Form 8-K, the information contained in Item 5.03 of this Current Report on Form 8-K is incorporated herein by reference. Item 5.03 Amendment to Articles of Incorporation or Bylaws; Change in Fiscal Year. As previously ",,,,,,,,,
CAL-0182,8k_3.01,NCRA,0001756180,8-K,2025-01-21,3.01,0001683168-25-000458,https://www.sec.gov/Archives/edgar/data/1756180/000168316825000458/nocera_8k.htm,8k_items:3.01,text/0001683168-25-000458.txt,995dd0a42a4091b84bae163085c478260b5ca492f170d6ad6342fa526b14a2a2,1406,0,"Item 3.01 Notice of Delisting or Failure to Satisfy a Continued Listing Rule or Standard; Transfer of Listing. On January 15, 2025, Nocera, Inc. (the ""Company"") received a letter from the Nasdaq Listing Qualifications Staff of The Nasdaq Stock Market LLC (""Nasdaq"") therein stating that for the 30 consecutive business d",,,,,,,,,
CAL-0183,424B,BJDX,0001704287,424B3,2026-06-26,,0001213900-26-072672,https://www.sec.gov/Archives/edgar/data/1704287/000121390026072672/ea0296012-424b3_bluejay.htm,offering,text/0001213900-26-072672.txt,f683dd663a10f9f023a2c461e74153855e1f9072359a95b41cb03fc61b290f35,26545,0,"Item 1A ""Risk Factors"" of our Annual Report on Form 10-K for the fiscal year ended December 31, 2025, and in Part II, Item 1A ""Risk Factors"" of our Quarterly Report on Form 10-Q for the fiscal quarter ended March 31, 2026, each of which are incorporated by reference into this prospectus. These risks include the followi",,,,,,,,,
CAL-0184,8k_1.01,MKZR,0001550913,8-K,2025-01-28,"1.01,2.03,9.01",0001550913-25-000032,https://www.sec.gov/Archives/edgar/data/1550913/000155091325000032/mrc8k012825.htm,8k_items:1.01,text/0001550913-25-000032.txt,cdb3a6437a8df691922cc6b4f7a7c6335f6dd1dce1d670649202d1d2114d52e9,1388,0,"Item 1.01 Entry into a Material Definitive Agreement. The information reported under Item 2.03 of this Current Report on Form 8-K (this ""Current Report"") is incorporated herein by reference. Item 2.03 Creation of a Direct Financial Obligation or an Obligation under an Off-Balance. On January 22, 2025, MacKenzie Realty ",,,,,,,,,
CAL-0185,8k_8.01,HTCR,0001892322,8-K,2025-10-29,"7.01,8.01,9.01",0001493152-25-020059,https://www.sec.gov/Archives/edgar/data/1892322/000149315225020059/form8-k.htm,8k_items:8.01,text/0001493152-25-020059.txt,33a1ab2e7d78bc5259a453f1b8bf82f7492cf88594c8f69abc1c90616492a9bb,1396,0,"Item 7.01. Regulation FD Disclosure. As previously disclosed, on October 20, 2025, HeartCore Enterprises, Inc. (the ""Company"") issued a press release announcing that the Company and its Board of Directors had deemed it in the best interests of the Company and its stockholders to authorize a one-time payment to its stoc",,,,,,,,,
CAL-0186,8k_3.01,MEDS,0002030763,8-K/A,2026-04-21,"1.01,3.01,3.02,7.01,9.01",0001493152-26-018326,https://www.sec.gov/Archives/edgar/data/2030763/000149315226018326/form8-ka.htm,8k_items:1.01+3.01+3.02,text/0001493152-26-018326.txt,8c3859b40b35ddd286d35a55896bb525b85533c0067f2eacfc05a2cb03bdd07a,3873,0,"Item 3.01 that was inadvertently omitted. Item 1.01 Entry into a Material Definitive Agreement. On April 13, 2026, Wellgistics Health, Inc. (the ""Company"") entered into a Collaboration Agreement (the ""Collaboration Agreement"") with Kare Rx Hub, LLC (""Kare Hub""), Kare Pharmtech, LLC (""Kare Pharmtech""), and Healthstar Te",,,,,,,,,
CAL-0187,8k_3.01,TCRT,0001107421,8-K,2026-04-15,3.01,0001193125-26-157126,https://www.sec.gov/Archives/edgar/data/1107421/000119312526157126/tcrt-20260409.htm,8k_items:3.01,text/0001193125-26-157126.txt,24ea0320686d1e30018b0c751bd726bcb8d43439eaa76933d2501909464a49ee,1582,0,"Item 3.01 Notice of Delisting or Failure to Satisfy a Continued Listing Rule or Standard; Transfer of Listing. On April 9, 2026, Alaunos Therapeutics, Inc. (the ""Company"") received a written notice (the ""Notice"") from the Listing Qualifications Department of The Nasdaq Stock Market LLC (""Nasdaq"") informing the Company ",,,,,,,,,
CAL-0188,8k_3.02,RCEL,0001762303,8-K,2025-08-18,3.02,0001762303-25-000026,https://www.sec.gov/Archives/edgar/data/1762303/000176230325000026/rcel-20250812.htm,8k_items:3.02,text/0001762303-25-000026.txt,f64fd33378910df5cac9c95f559815dadb97fa794ba8e3d461dc09a262d4a8b3,1081,0,"Item 3.02. Unregistered Sales of Equity Securities. On August 12, 2025, AVITA Medical, Inc. (the ""Company"") entered into a placement agreement (the ""Placement Agreement"") with MST Financial Services Pty Limited for a placement (the ""Placement"") to Australian institutional and professional investors of 17,201,886 CHESS ",,,,,,,,,
CAL-0189,8k_1.01,AVX,0001826397,8-K,2026-08-17,"1.01,2.03,9.01",0001493152-26-038802,https://www.sec.gov/Archives/edgar/data/1826397/000149315226038802/form8-k.htm,8k_items:1.01,text/0001493152-26-038802.txt,43b2c06bb2301dcf04a5cb54da708e7edf5442d6ee0cc97ca070a12940336eff,1410,0,"Item 1.01 Entry into a Material Definitive Agreement As previously disclosed in the Current Report on Form 8-K filed by AVAX One Technology Ltd. (formerly known as AgriFORCE Growing Systems, Ltd.) (the ""Company"") with the Securities and Exchange Commission on January 16, 2025, the Company entered into a Securities Purc",,,,,,,,,
CAL-0190,8k_5.03,GTBP,0000109657,8-K,2026-09-15,"1.01,3.02,3.03,5.03,9.01",0001493152-26-042672,https://www.sec.gov/Archives/edgar/data/109657/000149315226042672/form8-k.htm,8k_items:1.01+3.02+5.03,text/0001493152-26-042672.txt,ad23f508ae5fc2c3e5bbe071e62a8509addf84b33fae9402d6c3e5f1d7206a38,4082,0,"Item 1.01 Entry into a Material Definitive Agreement. Private Placement of Preferred Stock and Warrants On September 14, 2026, GT Biopharma, Inc. (the ""Company"") entered into a Securities Purchase Agreement (the ""Securities Purchase Agreement"") with the purchasers identified therein (collectively, the ""Purchasers"") pro",,,,,,,,,
CAL-0191,8k_1.01,XOS,0001819493,8-K,2026-06-05,"1.01,9.01",0001213900-26-065896,https://www.sec.gov/Archives/edgar/data/1819493/000121390026065896/ea0293742-8k_xos.htm,8k_items:1.01,text/0001213900-26-065896.txt,d94c64cf9de4df7cd165bdab88c2f74e6c19f5d57f68757291d58fcbe37ad150,1954,0,"Item 1.01 Entry into a Material Definitive Agreement. On June 4, 2026, Xos, Inc. (the ""Company"") entered into (i) a Securities Purchase Agreement (the ""Securities Purchase Agreement"") with certain institutional investors (the ""Purchasers"") and (ii) a Placement Agency Agreement (the ""Placement Agency Agreement"") with Ro",,,,,,,,,
CAL-0192,8k_3.01,GWAV,0001589149,8-K,2025-11-20,"3.01,7.01,9.01",0001493152-25-024474,https://www.sec.gov/Archives/edgar/data/1589149/000149315225024474/form8-k.htm,8k_items:3.01,text/0001493152-25-024474.txt,003ad790fe774c5d139777d7bb64854eab19e72c2ec568616892855d4cd93064,2603,0,"Item 3.01 Notice of Delisting or Failure to Satisfy a Continued Listing Rule or Standard; Transfer of Listing. On November 18, 2025, Greenwave Technology Solutions, Inc., a Delaware corporation (the ""Company""), received a Staff Determination Letter (the ""Staff Determination Letter"") from the Nasdaq Listing Qualificatio",,,,,,,,,
CAL-0193,8k_5.03,CNET,0001376321,8-K,2026-07-30,"5.03,9.01",0001171843-26-005082,https://www.sec.gov/Archives/edgar/data/1376321/000117184326005082/f8k_072926.htm,8k_items:5.03,text/0001171843-26-005082.txt,452c800b36c895ad8918378c8b5214bf4748f83a4a2957eeaeb409599bf6e697,1156,0,"Item 5.03 Amendments to Articles of Incorporation or Bylaws; Change in Fiscal Year As discussed in the Current Report on Form 8-K filed by ZW Data Action Technologies, Inc. (the ""Company"") on July 22, 2026, at the Annual Meeting of Stockholders (the ""Annual Meeting"") held on July 22, 2026, the stockholders of the Compa",,,,,,,,,
CAL-0194,8k_3.02,MOBX,0001855467,8-K,2026-06-26,"1.01,2.03,3.02,8.01,9.01",0001493152-26-030338,https://www.sec.gov/Archives/edgar/data/1855467/000149315226030338/form8-k.htm,8k_items:1.01+3.02+8.01,text/0001493152-26-030338.txt,515d3d61aa0775738024416d571fc97d2135764f87db48a8ac72758a291ba4d9,1698,0,"Item 1.01 Entry into a Material Definitive Agreement. On June 22, 2026, the Company issued to Leviston Resources, LLC (""Leviston"") a senior secured convertible promissory note in the original principal amount of $2.8 million, for gross proceeds to the Company of approximately $2.3 million. The note bears interest at 10",,,,,,,,,
CAL-0195,8k_8.01,LSTA,0000320017,8-K,2026-04-03,"8.01,9.01",0001140361-26-013070,https://www.sec.gov/Archives/edgar/data/320017/000114036126013070/ef20069819_8k.htm,8k_items:8.01,text/0001140361-26-013070.txt,9b32d46de77a4fb146e7787968c14ef9ab48e0028139486138e0e5b5ee9bfef0,3150,0,"Item 8.01 Other Events On April 2, 2026, Lisata Therapeutics, Inc. (the ""Company"" or ""Lisata"") and Kuva Labs Inc., a Delaware corporation (""Parent""), together with Kuva Acquisition Corp., a Delaware corporation and a wholly owned subsidiary of Parent (""Purchaser""), agreed to extend the date by which Purchaser is obliga",,,,,,,,,
CAL-0196,S-3,YMAT,0001875016,F-1,2025-04-29,,0001641172-25-006513,https://www.sec.gov/Archives/edgar/data/1875016/000164117225006513/formf-1.htm,shelf,text/0001641172-25-006513.txt,0eb9fdcfd8c69bbd8cace8b96a51bf1daff71626d0c5451dd03b1d2dcbb30595,30000,1,Page Prospectus Summary 2 Risk Factors 14 Special Note Regarding Forward-Looking Statements 48 Use of Proceeds 49 Capitalization 50 Dilution 51 Enforceability of Civil Liabilities 52 Corporate Structure 54 Selected Consolidated Financial Data 56 Management's Discussion and Analysis of Financial Condition and Results of,,,,,,,,,
CAL-0197,8k_3.01,AVAT,0002092446,8-K,2026-08-26,3.01,0001104659-26-101037,https://www.sec.gov/Archives/edgar/data/2092446/000110465926101037/tm2623995d2_8k.htm,8k_items:3.01,text/0001104659-26-101037.txt,691b748096484096b4a12b4d687ddba01855400ea2e59b36b3858207ad9f82f8,1096,0,"Item 3.01. Notice of Delisting or Failure to Satisfy a Continued Listing Rule or Standard; Transfer of Listing. As previously disclosed, on August 6, 2026, the Company received a notification letter from the Listing Qualifications Department of The Nasdaq Stock Market LLC (""Nasdaq"") indicating that the Company did not ",,,,,,,,,
CAL-0198,8k_3.02,PFSA,0001859807,8-K,2025-07-18,"1.01,2.01,2.03,3.02,3.03,5.01,5.02,5.06,8.01,9.01",0001213900-25-065686,https://www.sec.gov/Archives/edgar/data/1859807/000121390025065686/ea0249267-8k_profusa.htm,8k_items:1.01+3.02+8.01,text/0001213900-25-065686.txt,d658b65e9952a14755c4d0b868e36c2ff62f82388899621823b039e0af59d878,25207,0,"Item 1.01 below, describes certain additional agreements entered into in connection with the Merger Agreement. Profusa Support Agreement In accordance with the Merger Agreement, certain stockholders of Profusa representing the requisite votes necessary to approve the Merger Agreement entered into support agreements (th",,,,,,,,,
CAL-0199,424B,GMEX,0001928581,424B5,2025-02-10,,0001493152-25-005573,https://www.sec.gov/Archives/edgar/data/1928581/000149315225005573/form424b5.htm,offering,text/0001493152-25-005573.txt,775a977309bbfd36b31d282ab33dd87de1329c21312ac48b002ac02d9a977ba9,30000,1,"Item 3. Key Information—D. Risk Factors"" in our Annual Report, any subsequent reports to Annual Report filed with the SEC and the other documents which are incorporated by reference in this prospectus, before making an investment in our securities. Please see the sections of this prospectus entitled ""Where You Can Find",,,,,,,,,
CAL-0200,8k_3.01,PRPL,0001643953,8-K,2025-04-07,3.01,0001213900-25-029408,https://www.sec.gov/Archives/edgar/data/1643953/000121390025029408/ea0237007-8k_purple.htm,8k_items:3.01,text/0001213900-25-029408.txt,31ce96e8bee29ded077d131343fdea139093629bb55cf5a56a488bcaff97dd34,1569,0,"UNITED STATES SECURITIES AND EXCHANGE COMMISSION Washington, D.C. 20549 FORM 8-K CURRENT REPORT Pursuant to Section 13 or 15(d) of the Securities Exchange Act of 1934 Date of Report (Date of earliest event reported): April 4, 2025 Purple Innovation, Inc. (Exact Name of Registrant as Specified in its Charter) Delaware 0",,,,,,,,,
CAL-0201,8k_1.01,EZRA,0001812727,8-K,2026-01-21,"1.01,9.01",0001493152-26-003142,https://www.sec.gov/Archives/edgar/data/1812727/000149315226003142/form8-k.htm,8k_items:1.01,text/0001493152-26-003142.txt,92fc0b48a4fe5efb2ecaf3045ded870df6f8420326f7ae8acd498a6108f9c0d5,1602,0,"Item 1.01. Entry into a Material Definitive Agreement. On January 15, 2026, Reliance Global Group, Inc. (the ""Company"") entered into a secured convertible promissory note (the ""Note"") with Enquantum Ltd. (""Enquantum"") pursuant to which the Company advanced to Enquantum $166,000 (the ""Principal Amount""). The Note bears ",,,,,,,,,
CAL-0202,8k_3.02,CSAI,0001709628,8-K/A,2025-04-17,"1.01,3.02,9.01",0001683168-25-002669,https://www.sec.gov/Archives/edgar/data/1709628/000168316825002669/cloudastructure_8ka.htm,8k_items:1.01+3.02,text/0001683168-25-002669.txt,fca86ad122d78168c76a1636b68d4effd5dc5b853193174b004e0b5223f8bfb0,3728,0,"Item 1.01. Entry into a Material Definitive Agreement. Series 2 Securities Purchase Agreement As previously reported in the Original Form 8-K, on March 25, 2025, at the initial closing of the Series 2 Equity Financing (the ""First Series 2 Closing""), we issued and sold 4,500 shares of Series 2 Preferred to Streeterville",,,,,,,,,
CAL-0203,8k_8.01,LSTA,0000320017,8-K,2026-04-15,8.01,0001140361-26-014775,https://www.sec.gov/Archives/edgar/data/320017/000114036126014775/ef20070652_form8k.htm,8k_items:8.01,text/0001140361-26-014775.txt,e0753dbc4d8e23f7a60153a76bc20cab4fa62314781045ff9519d72d262701b4,3367,0,"Item 8.01 Other Events As previously disclosed, on April 2, 2026, Lisata Therapeutics, Inc. (the ""Company"" or ""Lisata"") and Kuva Labs Inc., a Delaware corporation (""Parent""), together with Kuva Acquisition Corp., a Delaware corporation and a wholly owned subsidiary of Parent (""Purchaser""), agreed to extend the date by ",,,,,,,,,
CAL-0204,S-3,IPST,0001788230,S-1/A,2025-10-16,,0001213900-25-099309,https://www.sec.gov/Archives/edgar/data/1788230/000121390025099309/ea0254437-02.htm,shelf,text/0001213900-25-099309.txt,1b3352eb0989853fedc5f4f6b82e5cc1042363ffa176b0699522b7d5ee2fc58a,30000,1,The information in this preliminary prospectus is not complete and may be changed. These securities may not be sold until the registration statement filed with the Securities and Exchange Commission is effective. This preliminary prospectus is not an offer to sell these securities and it is not soliciting an offer to b,,,,,,,,,
CAL-0205,8k_1.01,GIPR,0001651721,8-K,2026-09-04,1.01,0001193125-26-383669,https://www.sec.gov/Archives/edgar/data/1651721/000119312526383669/gipr-20260831.htm,8k_items:1.01,text/0001193125-26-383669.txt,9555f3e591e5a1a4be73ba30bb07bb7b88ac1f2c7aa283c6ece8fc7237f645c3,2504,0,"Item 1.01 Entry into a Material Definitive Agreement. On August 31, 2026, Generation Income Properties, L.P., the operating partnership of Generation Income Properties, Inc. (the ""Company""), in its capacity as a member and as the manager of GIP VB SPE, LLC (""GIPR Portfolio Co""), entered into an Amendment (the ""Amendmen",,,,,,,,,
CAL-0206,8k_3.01,LRHC,0001879403,8-K,2025-05-30,3.01,0001213900-25-049535,https://www.sec.gov/Archives/edgar/data/1879403/000121390025049535/ea0244107-8k_larosa.htm,8k_items:3.01,text/0001213900-25-049535.txt,b19e3e6c3a7b6c75b7cd2a0599f3ee2094a51c8f2e927a48f9be0cce4d1e3159,2180,0,"Item 3.01 Notice of Delisting or Failure to Satisfy a Continued Listing Rule or Standard; Transfer of Listing. Filing Compliance As previously reported, on May 21, 2025, La Rosa Holdings Corp., a Nevada corporation (the ""Company""), received a notice from the Listing Qualifications Department (the ""Staff"") of The Nasdaq",,,,,,,,,
CAL-0207,8k_3.02,SHPH,0001757499,8-K,2025-11-26,"1.01,2.01,3.02,9.01",0001493152-25-025082,https://www.sec.gov/Archives/edgar/data/1757499/000149315225025082/form8-k.htm,8k_items:1.01+3.02,text/0001493152-25-025082.txt,954402dd7d7da03438889fb1d58ba06ae2b1073127fd8e72707ac89f39dc3d87,2165,0,"Item 1.01. Entry into a Material Definitive Agreement. On November 20, 2025 (the ""Closing Date""), Shuttle Pharmaceuticals Holdings, Inc. (the ""Company"") entered into an Asset Purchase Agreement (the ""Agreement"") with 1563868 B.C. Ltd., a Canadian limited corporation and the Company's wholly owned subsidiary (""Purchaser",,,,,,,,,
CAL-0208,8k_3.02,ZSTK,0001790169,8-K,2026-08-19,"1.01,2.01,3.02,5.02,9.01",0001062993-26-004501,https://www.sec.gov/Archives/edgar/data/1790169/000106299326004501/form8k.htm,8k_items:1.01+3.02,text/0001062993-26-004501.txt,8e7ff139209809cfb2817be28c25675fb1c437fb43b1abf9cbb3e48b4df3e340,3639,0,"Item 1.01. Entry into a Material Definitive Agreement. On August 19, 2026, ZeroStack Corp. (the ""Company"") entered into a Securities Purchase Agreement (the ""Agreement"") with certain investors (collectively, the ""Investors""). Pursuant to the Agreement, the Company agreed to issue and sell to the Investors an aggregate ",,,,,,,,,
CAL-0209,8k_5.03,AEMD,0000882291,8-K,2025-10-16,"3.03,5.03,9.01",0001683168-25-007586,https://www.sec.gov/Archives/edgar/data/882291/000168316825007586/aemd_8k.htm,8k_items:5.03,text/0001683168-25-007586.txt,9161154c7946e31fd65566a2a24440c37956c69d55b49013ff15c1fa603a1c7c,2401,0,"Item 3.03 Material Modification to Rights of Security Holders. On October 14, 2025, Aethlon Medical, Inc., a Nevada corporation (the ""Company""), filed a Certificate of Change (the ""Certificate of Change"") pursuant to Section 78.209 of the Nevada Revised Statutes (""NRS"") with the Secretary of State of the State of Nevad",,,,,,,,,
CAL-0210,8k_5.03,DOMO,0001505952,8-K,2026-07-22,"1.01,3.03,5.03,9.01",0001104659-26-085881,https://www.sec.gov/Archives/edgar/data/1505952/000110465926085881/tm2620768d2_8k.htm,8k_items:1.01+5.03,text/0001104659-26-085881.txt,3b81b23595f1d2772f24e76fa1979ccca2e9963344fa63907ea6bf4c0eeb164d,7554,0,"Item 1.01 Entry into a Material Definitive Agreement. The information set forth in Item 3.03 of this Current Report is incorporated into this Item 1.01 by reference. Item 3.03 Material Modification to Rights of Security Holders. On July 22, 2026, the board of directors (the ""Board"") of Domo, Inc., a Delaware corporatio",,,,,,,,,
CAL-0211,8k_5.03,XAIR,0001641631,8-K,2026-06-26,"2.02,5.03,7.01,9.01",0001493152-26-030305,https://www.sec.gov/Archives/edgar/data/1641631/000149315226030305/form8-k.htm,8k_items:5.03,text/0001493152-26-030305.txt,cc9110161d8099c4855177e4a71d7b508db158d509e83258609cde6ad133c38c,1575,0,"Item 2.02. Results of Operations and Financial Condition. On June 26, 2026, Beyond Air, Inc. (the ""Company"") issued a press release announcing financial results for its fiscal quarter and year ended March 31, 2026, and certain recent corporate developments. A copy of the press release is attached hereto as Exhibit 99.1",,,,,,,,,
CAL-0212,S-3,AIXC,0001460702,S-1,2026-07-27,,0001493152-26-034816,https://www.sec.gov/Archives/edgar/data/1460702/000149315226034816/forms-1.htm,shelf,text/0001493152-26-034816.txt,40a27605cf1a0057df35953e35efa4555debd7f87fa78cf7306744c39e21ae8f,30000,1,"Item 10(f)(1) of Regulation S-K. As a smaller reporting company, we may rely on certain scaled disclosure accommodations available under SEC rules. These include, among other things, providing only two years of audited financial statements, reduced executive compensation disclosure, and less extensive narrative disclos",,,,,,,,,
CAL-0213,8k_3.01,LEXX,0001348362,8-K,2026-02-06,3.01,0001640334-26-000230,https://www.sec.gov/Archives/edgar/data/1348362/000164033426000230/lxrp_8k.htm,8k_items:3.01,text/0001640334-26-000230.txt,137fe38e7d5500ca2667c7d12a643845f7e88e2559df2375a3b610ece4dde378,1627,0,"Item 3.01 Notice of Delisting or Failure to Satisfy Continued Listing Rule or Standard; Transfer of Listing Nasdaq Bid Price Deficiency Notice On February 4, 2026, Lexaria Bioscience Corp. (the ""Company"") received a letter (the ""Bid Price Deficiency Notice"") from the listing qualifications department staff of The Nasda",,,,,,,,,
CAL-0214,8k_3.02,IVF,0001417926,8-K,2025-10-22,3.02,0001493152-25-018911,https://www.sec.gov/Archives/edgar/data/1417926/000149315225018911/form8-k.htm,8k_items:3.02,text/0001493152-25-018911.txt,ab204230f918fda1b353cd528b9d41fd6188e0f3ab7b846c5eb1a86e9797291f,1197,0,"Item 3.02. Unregistered Sales of Equity Securities. On October 16, 2025, an institutional investor and existing holder (the ""Holder"") of Series C-2 Convertible Preferred Stock (the ""C-2 Preferred"") of INVO Fertility, Inc. (the ""Company"") exercised its Additional Investment Right (as defined in that certain Securities P",,,,,,,,,
CAL-0215,8k_8.01,FFAI,0001805521,8-K,2025-05-16,"8.01,9.01",0001213900-25-044593,https://www.sec.gov/Archives/edgar/data/1805521/000121390025044593/ea0242530-8k_faraday.htm,8k_items:8.01,text/0001213900-25-044593.txt,a70872aa17a02dfe2a990a286618e6ece2caae82cb797623897a6cbe89edfe7e,1082,0,"Item 8.01 Other Events. On May 15, 2025, Faraday Future Intelligent Electric Inc. issued a press release announcing that it would hold an Annual Stockholders' Day on May 31, 2025. The information contained in this Current Report on Form 8-K, including Exhibit 99.1 hereto, is being furnished and shall not be deemed ""fil",,,,,,,,,
CAL-0216,8k_5.03,IVF,0001417926,8-K,2026-07-24,"1.01,3.02,5.03,5.07,9.01",0001493152-26-034616,https://www.sec.gov/Archives/edgar/data/1417926/000149315226034616/form8-k.htm,8k_items:1.01+3.02+5.03,text/0001493152-26-034616.txt,dcea282a4b0a2d511a8df4b3893b587ba71d952c87adda18dd1708409f010259,5873,0,"Item 1.01 Entry into a Material Agreement On July 24, 2026, INVO Fertility Inc. (the ""Company"") entered into an Any Market Purchase Agreement (the ""Purchase Agreement"") with Alumni Capital LP (the ""Investor""). Pursuant to the Purchase Agreement, the Company has the right to sell to the Investor up to an aggregate of $1",,,,,,,,,
CAL-0217,8k_1.01,NTHI,0001979414,8-K,2025-07-30,"1.01,9.01",0001829126-25-005605,https://www.sec.gov/Archives/edgar/data/1979414/000182912625005605/neonctechnologies_8k.htm,8k_items:1.01,text/0001829126-25-005605.txt,4be3b8e6445845f59c876303ac1506484ffeaefb687907f06e991290688007ee,1479,0,"Item 1.01 Entry into a Material Definitive Agreement. On July 24, 2025, NeOnc Technologies Holdings, Inc. (the ""Company"") entered into a binding letter of intent (the ""LOI"") with Dr. Ishwar Puri and Beth Levinson (together, the ""Holders""), whereby the Company will acquire all of the equity interest of the to-be-formed ",,,,,,,,,
CAL-0218,S-3,VSME,0001951294,F-1,2025-04-21,,0001641172-25-005590,https://www.sec.gov/Archives/edgar/data/1951294/000164117225005590/formf-1.htm,shelf,text/0001641172-25-005590.txt,3c877d9b0b6a6aa8c04a317ed1555a45d21e73b57aefcdb334f7130f63b34464,30000,1,"As filed with the U.S. Securities and Exchange Commission on April 21, 2025. UNITED STATES SECURITIES AND EXCHANGE COMMISSION Washington, D.C. 20549 FORM F-1 REGISTRATION STATEMENT UNDER THE SECURITIES ACT OF 1933 VS MEDIA HOLDINGS LIMITED (Exact name of registrant as specified in its charter) British Virgin Islands 27",,,,,,,,,
CAL-0219,424B,JZXN,0001816172,424B5,2025-09-30,,0001213900-25-093980,https://www.sec.gov/Archives/edgar/data/1816172/000121390025093980/ea0259496-424b5_jiuzihold.htm,offering,text/0001213900-25-093980.txt,6d48e4162f49ecd3c86c1d41bf8039e31e601ef91b67033a2d9903c21e45581f,30000,1,"Item 3, ""Risk Factors"", which is incorporated herein by reference, and may be amended, supplemented or superseded from time to time by other reports we file with the SEC in the future, before you make a decision to invest in our shares of Ordinary Shares. If any of the following risks actually occur, our business, fina",,,,,,,,,
CAL-0220,8k_3.02,DFDV,0001805526,8-K,2025-07-07,"1.01,2.03,3.02,8.01,9.01",0001213900-25-061793,https://www.sec.gov/Archives/edgar/data/1805526/000121390025061793/ea0248227-8k_defi.htm,8k_items:1.01+3.02+8.01,text/0001213900-25-061793.txt,1699019d1fea524db731a8510c4e7ce16d9044a0c9b87ca00dc56f34e99cb524,3623,0,"Item 1.01. Entry into a Material Definitive Agreement. Convertible Notes Offering On July 7, 2025, DeFi Development Corp. (the ""Company"") completed its previously announced private offering of 5.50% Convertible Senior Notes due 2030 (the ""notes""). The notes were sold under a purchase agreement, dated as of July 1, 2025",,,,,,,,,
CAL-0221,8k_3.02,EDBL,0001809750,8-K,2025-10-16,"1.01,3.02,7.01,9.01",0001477932-25-007617,https://www.sec.gov/Archives/edgar/data/1809750/000147793225007617/elbl_8k.htm,8k_items:1.01+3.02,text/0001477932-25-007617.txt,806b96f123237f7c6298e883cac7f58f6d4c9ac09b040f9192724200668fff4b,3193,0,"Item 1.01 Entry into a Material Definitive Agreement. On October 16, 2025, Edible Garden AG Incorporated, a Delaware corporation (the ""Company""), entered into an inducement letter agreement (collectively, the ""Inducement Letter Agreement"") with an institutional investor and existing holder (the ""Holder"") of (i) warrant",,,,,,,,,
CAL-0222,8k_3.01,VIVK,0001450704,8-K,2026-04-28,3.01,0001829126-26-004048,https://www.sec.gov/Archives/edgar/data/1450704/000182912626004048/vivakorinc_8k.htm,8k_items:3.01,text/0001829126-26-004048.txt,226ae1b61b7966801030f5cc38371fdd326e5887c51b051e0f5e167ded94ba00,1453,0,"Item 3.01 Notice of Delisting or Failure to Satisfy a Continued Listing Rule or Standard; Transfer of Listing. As previously disclosed, on March 18, 2025, Vivakor, Inc. (the ""Company"") received a notification letter from the Listing Qualifications Department (the ""Staff"") of The Nasdaq Stock Market LLC (""Nasdaq"") notif",,,,,,,,,
CAL-0223,424B,EJH,0001769768,424B5,2025-12-02,,0001213900-25-117283,https://www.sec.gov/Archives/edgar/data/1769768/000121390025117283/ea0267666-424b5_ehome.htm,offering,text/0001213900-25-117283.txt,ada8cbf11fa9eae95f7597fe3116df4cb9830b1ef950670f84058ba72a7556ef,30000,1,"Item 10.B of the Company's Annual Report on Form 20-F for the fiscal year ended June 30, 2025 (""2025 Form 20-F""), which is incorporated by reference herein. The description of the Ordinary Shares is based upon, and is qualified by reference to, our fifth amended and restated memorandum, as amended, and articles of asso",,,,,,,,,
CAL-0224,8k_1.01,BRLT,0001866757,8-K,2025-08-07,"1.01,2.02,8.01,9.01",0001866757-25-000111,https://www.sec.gov/Archives/edgar/data/1866757/000186675725000111/brlt-20250807.htm,8k_items:1.01+8.01,text/0001866757-25-000111.txt,b26b0620af6c8b3e532221dd3ea20877c2bdbd60e2ed429c8836a370ed9f1045,3469,0,"Item 1.02. Termination of a Material Definitive Agreement. On August 4, 2025, Brilliant Earth, LLC prepaid all amounts outstanding, including principal. interest and fees (approximately, $35.1 million) under the term loan facility of the Credit Agreement (the ""Credit Agreement""), dated as of May 24, 2022 as amended thr",,,,,,,,,
CAL-0225,8k_3.01,IPST,0001788230,8-K,2026-09-01,"3.01,9.01",0001788230-26-000079,https://www.sec.gov/Archives/edgar/data/1788230/000178823026000079/ipst-20260826.htm,8k_items:3.01,text/0001788230-26-000079.txt,0fd8f510d1677d31db3af0dda7e6ee11f62d96d86ab88f33151ddb5e09099e05,1886,0,"Item 3.01 Notice of Delisting or Failure to Satisfy a Continued Listing Rule or Standard; Transfer of Listing. On August 26, 2026, IP Strategy Holdings, Inc. (the ""Company"") received a notification letter from The Nasdaq Stock Market LLC (""Nasdaq"") advising the Company that, because it has not yet filed its Quarterly R",,,,,,,,,
CAL-0226,8k_1.01,MEDS,0002030763,8-K,2026-08-04,"1.01,9.01",0001493152-26-036005,https://www.sec.gov/Archives/edgar/data/2030763/000149315226036005/form8-k.htm,8k_items:1.01,text/0001493152-26-036005.txt,6135d58f3ae72203726645a4e0ee7d5232dddaae6e34fcfd2258a4a24830f422,2920,0,"Item 1.01. Entry into a Material Definitive Agreement. As previously disclosed on May 20, 2026, DataMEDS AI, Inc. (formerly Wellgistics Health, Inc.) (the ""Company"") entered into a Fully Binding Term Sheet, dated May 18, 2026, with EOS Technology Holdings, Inc. (""EOS""), Scilex Holding Company (""Scilex""), Datavault AI I",,,,,,,,,
CAL-0227,8k_3.02,BNGO,0001411690,8-K,2025-01-03,"1.01,3.02,7.01,9.01",0001140361-25-000132,https://www.sec.gov/Archives/edgar/data/1411690/000114036125000132/ny20039922x1_8k.htm,8k_items:1.01+3.02,text/0001140361-25-000132.txt,c776e0942b0f0131720883aece19540d283c3426f6af254d7d10eba24736d933,2483,0,"Item 1.01 Entry into a Material Definitive Agreement. Settlement Agreement and First Amendment to Securities Purchase Agreement and Debentures On December 31, 2024, Bionano Genomics, Inc. (the ""Company"") entered into a settlement agreement and amendment (the ""Amendment"") relating to its outstanding senior secured conve",,,,,,,,,
CAL-0228,8k_1.01,SLE,0001621672,8-K,2025-07-11,"1.01,9.01",0001437749-25-022594,https://www.sec.gov/Archives/edgar/data/1621672/000143774925022594/slgg20250711_8k.htm,8k_items:1.01,text/0001437749-25-022594.txt,52ade158f2e4c831b39446d45e6389a2af1abe8fef80692784324fe03a8b0d25,1155,0,"Item 1.01. Entry into a Material Definitive Agreement On July 7, 2025, Super League Enterprise, Inc. (the ""Company"") entered into an Exchange Agreement with the Michael Keller Trust (the ""Trust""), pursuant to which the Company and the Trust agreed that in exchange for the surrender and forgiveness of that certain promi",,,,,,,,,
CAL-0229,8k_5.03,GNLN,0001743745,8-K,2025-04-17,"5.03,8.01,9.01",0001641172-25-005181,https://www.sec.gov/Archives/edgar/data/1743745/000164117225005181/form8-k.htm,8k_items:5.03+8.01,text/0001641172-25-005181.txt,a085e927603324bf63477eccc6a24886d42ac17faaf491af7b7113ec468a54e7,1377,0,"Item 5.03. Amendments to Articles of Incorporation or Bylaws; Change in Fiscal Year. On April 17, 2025, Greenlane Holdings, Inc. (the ""Company"") filed a Certificate of Amendment to the Amended and Restated Certificate of Incorporation (""Certificate of Incorporation"") with the Secretary of State of the State of Delaware",,,,,,,,,
CAL-0230,8k_5.03,JAGX,0001585608,8-K,2025-09-11,"1.01,3.02,5.03,9.01",0001193125-25-201351,https://www.sec.gov/Archives/edgar/data/1585608/000119312525201351/d947025d8k.htm,8k_items:1.01+3.02+5.03,text/0001193125-25-201351.txt,382449ab26bcd58e512b84f633e421b381c6d647cebfb9d70872d7fcb2417f18,8404,0,"Item 1.01 Entry into a Material Definitive Agreement. PIPE Financing On or around September 9, 2025, Jaguar Health, Inc. (the ""Company"") entered into securities purchase agreements (each a ""PIPE Purchase Agreement"" and collectively, the ""PIPE Purchase Agreements"") with certain investors named therein (collectively, the",,,,,,,,,
CAL-0231,8k_5.03,PFSA,0001859807,8-K,2025-07-03,"5.03,9.01",0001213900-25-061232,https://www.sec.gov/Archives/edgar/data/1859807/000121390025061232/ea0248088-8k_northview.htm,8k_items:5.03,text/0001213900-25-061232.txt,eb6e7ac5a9d01a079e7c074c64f4944f254fe2cb8737f5cf8a9b442d68da974e,1272,0,"Item 5.03 Amendments to Articles of Incorporation or Bylaws; Change in Fiscal Year. On July 1, 2025, NorthView Acquisition Corporation (the ""Company"") filed an amendment to its Certificate of Incorporation (the ""Amendment"") to extend the date by which the Company must consummate a business combination or, if it fails t",,,,,,,,,
CAL-0232,8k_5.03,MYSZ,0001211805,8-K,2026-08-12,"3.03,5.03,8.01,9.01",0001493152-26-037389,https://www.sec.gov/Archives/edgar/data/1211805/000149315226037389/form8-k.htm,8k_items:5.03+8.01,text/0001493152-26-037389.txt,235968d2440119d4d5504f17083fe7d8e1bbacad15520b320d8560059ae9a355,1953,0,"Item 3.03 Material Modification to Rights of Security Holders. To the extent required by Item 3.03 of Form 8-K, the information contained in Item 5.03 of this report is incorporated herein by reference. Item 5.03 Amendment to Articles of Incorporation or Bylaws; Change in Fiscal Year. As previously reported in the Curr",,,,,,,,,
CAL-0233,8k_5.03,FFAI,0001805521,8-K,2025-04-09,"3.03,5.03,9.01",0001213900-25-030369,https://www.sec.gov/Archives/edgar/data/1805521/000121390025030369/ea0237636-8k_faraday.htm,8k_items:5.03,text/0001213900-25-030369.txt,d25ddf942756b5f19d1dbd411a3c08d725791ace5dfd6dad7d8e180ebab114ae,2226,0,"Item 3.03 Material Modification to Rights of Security Holders. The disclosure included in Item 5.03 related to the Series B Certificate of Designation (as defined below) is incorporated into this Item 3.03 by reference. Following the issuance of the Series B Preferred Stock (as defined below), the stockholders of share",,,,,,,,,
CAL-0234,8k_3.01,VIVK,0001450704,8-K,2025-03-21,"1.01,3.01,3.02,9.01",0001829126-25-001988,https://www.sec.gov/Archives/edgar/data/1450704/000182912625001988/vivakor_8k.htm,8k_items:1.01+3.01+3.02,text/0001829126-25-001988.txt,031b466149d99503f70354f44c010553320af482cc335e3cb33b014529f37b04,2844,0,"Item 1.01 Entry Into Material Definitive Agreement Loan and Security Agreement and Issuance of a Junior Secured Convertible Promissory Note On March 17, 2025, Vivakor, Inc. (the ""Company""), issued a junior secured convertible promissory note (the ""Note"") due as described below, to J.J. Astor & Co. (the ""Lender""), in th",,,,,,,,,
CAL-0235,8k_3.02,TPST,0001544227,8-K,2026-02-06,"1.01,2.01,3.02,5.01,5.02,9.01",0001193125-26-041190,https://www.sec.gov/Archives/edgar/data/1544227/000119312526041190/d159400d8k.htm,8k_items:1.01+3.02,text/0001193125-26-041190.txt,9ab8dbf5886a611ea65382e3fd54403e1258eea5eb97606a23aa5d3363d98c5b,5188,0,"Item 1.01 Entry into a Material Definitive Agreement. On January 20, 2026, the Company issued a press release announcing that its Board of Directors (the ""Board"") declared a record date of January 30, 2026 (the ""Record Date"") for the distribution of a dividend (the ""Warrant Dividend"") in the form of a warrant to purcha",,,,,,,,,
CAL-0236,8k_5.03,VGAS,0001841425,8-K,2025-04-07,"5.03,9.01",0001213900-25-029419,https://www.sec.gov/Archives/edgar/data/1841425/000121390025029419/ea0237371-8k_verdeclean.htm,8k_items:5.03,text/0001213900-25-029419.txt,7c9159fd7d6a7f3862affc501f31c2269df797b4ca7398b275f8a7fb2dd173c2,1158,0,"Item 5.03. Amendments to Articles of Incorporation or Bylaws; Change in Fiscal Year. On April 3, 2025, Verde Clean Fuels, Inc. (the ""Company"") filed a Certificate of Correction to its Fifth Amended and Restated Certificate of Incorporation (the ""A&R Certificate"") filed with the Secretary of State of the State of Delawa",,,,,,,,,
CAL-0237,8k_3.02,VIVK,0001450704,8-K,2026-05-12,"1.01,3.02,9.01",0001829126-26-005020,https://www.sec.gov/Archives/edgar/data/1450704/000182912626005020/vivakorinc_8k.htm,8k_items:1.01+3.02,text/0001829126-26-005020.txt,34fe90649bdb1f05ec5ede69bbdd12578b00c9b51620a1181a51ecc408264714,6257,0,"Item 1.01 Entry Into Material Definitive Agreement J.J. Astor Forbearance Agreement On March 17, 2025, Company issued a junior secured convertible promissory note (the ""Initial Note"") to J.J. Astor & Co. (the ""Lender""), in the principal amount of $6,625,000 (the ""Principal Amount""), in relation to a Loan and Security A",,,,,,,,,
CAL-0238,8k_3.01,SHPH,0001757499,8-K,2025-11-17,3.01,0001493152-25-023845,https://www.sec.gov/Archives/edgar/data/1757499/000149315225023845/form8-k.htm,8k_items:3.01,text/0001493152-25-023845.txt,1fd4df81a85efbb98c87e5b64df7ee4957897bea9cd067d2e543884d3514bdd7,1843,0,"Item 3.01 Notice of Delisting or Failure to Satisfy a Continued Listing Rule or Standard; Transfer of Listing. Shuttle Pharmaceuticals Holdings, Inc. (the ""Company"") reported stockholders' equity of $1,394,161 in its Quarterly Report on Form 10-Q for the fiscal quarter ended September 30, 2025, and, as a result, was no",,,,,,,,,
CAL-0239,8k_5.03,VGAS,0001841425,8-K,2025-01-29,"1.01,5.02,5.03,7.01,9.01",0001213900-25-007878,https://www.sec.gov/Archives/edgar/data/1841425/000121390025007878/ea0229028-8k_verde.htm,8k_items:1.01+5.03,text/0001213900-25-007878.txt,95fe5393a86f87b265f23493db2a181582da9a55003b393fea767b32fa01c80e,3875,0,"Item 1.01. Entry into a Material Agreement. Second Amended and Restated Registration Rights Agreement On January 29, 2025, in connection with the Closing, the Company entered into a Second Amended and Restated Registration Rights Agreement (as amended and restated, the ""Registration Rights Agreement"") with Bluescape Cl",,,,,,,,,
CAL-0240,S-3,OFAL,0002036307,F-1/A,2025-03-27,,0001641172-25-000815,https://www.sec.gov/Archives/edgar/data/2036307/000164117225000815/formf-1a.htm,shelf,text/0001641172-25-000815.txt,c13503a105fed462a3fc9a5cfb3d44be8f7e9ae4e2824d43c4a7cabedc07d440,30000,1,"F-1/A 1 formf-1a.htm As filed the U.S. Securities and Exchange Commission on March 26, 2025. Registration No. 333-285103 UNITED STATES SECURITIES AND EXCHANGE COMMISSION Washington, D.C. 20549 AMENDMENT NO. 2 TO FORM F-1 REGISTRATION STATEMENT UNDER THE SECURITIES ACT OF 1933 OFA Group (Exact name of Registrant as spec",,,,,,,,,
CAL-0241,8k_3.01,REED,0001140215,8-K,2026-08-14,"3.01,8.01,9.01",0001493152-26-038386,https://www.sec.gov/Archives/edgar/data/1140215/000149315226038386/form8-k.htm,8k_items:3.01+8.01,text/0001493152-26-038386.txt,2a64572ff65190c3e2ffec26328c7f07ad9d09907b5579a3a3a4d31e0ca90ef4,2348,0,"Item 3.01 Notice of Delisting or Failure to Satisfy a Continued Listing Rule or Standard; Transfer of Listing On August 12, 2026, Reed's, Inc. (the ""Company"") received a notice (the ""Notice"") from the NYSE American LLC (the ""NYSE American"") stating that the Company is not in compliance with the NYSE American continued ",,,,,,,,,
CAL-0242,8k_3.01,LRHC,0001879403,8-K,2026-06-12,3.01,0001213900-26-068260,https://www.sec.gov/Archives/edgar/data/1879403/000121390026068260/ea0294526-8k_larosa.htm,8k_items:3.01,text/0001213900-26-068260.txt,b9083e9a88ad66913a1c0d3a126aa849d5e04b2950b67960a055a08c2c33a544,2490,0,"Item 3.01 Notice of Delisting or Failure to Satisfy a Continued Listing Rule or Standard; Transfer of Listing. Partial Filing Compliance As previously reported, on May 21, 2026, La Rosa Holdings Corp., a Nevada corporation (the ""Company""), received a letter from the Listing Qualifications Department (the ""Staff"") of Th",,,,,,,,,
CAL-0243,8k_3.01,REBN,0001707910,8-K,2025-06-04,3.01,0001213900-25-050972,https://www.sec.gov/Archives/edgar/data/1707910/000121390025050972/ea0244503-8k_reborn.htm,8k_items:3.01,text/0001213900-25-050972.txt,4446b532fde639f7816f20cb98dc08a091f40468491b0a89bcacf18ef1e252f3,2159,0,"Item 3.01 Notice of Delisting or Failure to Satisfy a Continued Listing Rule or Standard; Transfer of Listing. On May 29, 2025, Reborn Coffee, Inc., a Delaware corporation (the ""Company"") received a notification letter (the ""Letter"") from the Nasdaq Listing Qualifications Staff of The Nasdaq Stock Market LLC (""Nasdaq"")",,,,,,,,,
CAL-0244,S-3,NTHI,0001979414,S-1,2025-01-03,,0001829126-25-000013,https://www.sec.gov/Archives/edgar/data/1979414/000182912625000013/neonctechnologies_s1.htm,shelf,text/0001829126-25-000013.txt,cb1da5a5860b6c43564b06d9b27cf3198fb6652b47b14b07f34832c037390a07,30000,1,The information in this preliminary prospectus is not complete and may be changed. These securities may not be sold until the registration statement filed with the Securities and Exchange Commission is effective. This preliminary prospectus is not an offer to sell these securities and it is not soliciting an offer to b,,,,,,,,,
CAL-0245,8k_8.01,GIPR,0001651721,8-K,2026-04-20,8.01,0001193125-26-161901,https://www.sec.gov/Archives/edgar/data/1651721/000119312526161901/gipr-20260413.htm,8k_items:8.01,text/0001193125-26-161901.txt,6e1993f9accd025969a40c2af59824f66945d35820f7813cce48343c93f9e846,2665,0,"Item 1.01 Entry into a Material Definitive Agreement. Amendment to GIPIA Operating Agreement On April 13, 2026, Generation Income Properties, L.P., the operating partnership (the ""Operating Partnership"") of Generation Income Properties, Inc. (the ""Company""), entered into a Second Amended and Restated Limited Liability ",,,,,,,,,
CAL-0246,424B,AVAT,0002092446,424B3,2026-05-29,,0001104659-26-068302,https://www.sec.gov/Archives/edgar/data/2092446/000110465926068302/tm2615904d2_424b3.htm,offering,text/0001104659-26-068302.txt,ebee15b583a4ad26601d0ec96d59ff5b0d2003d3b5fc8a84940e05f999c82e8f,2997,0,"Item 1.01 Entry into a Material Definitive Agreement. Master Lender Agreement, Loan Term Sheet On March 20, 2026, Avalanche Treasury Company, LLC (""AVAT"") signed a Master Lender Agreement (the ""Master Lender Agreement"") with FalconX Charlie, Inc. (the ""Lender"") to facilitate the potential future execution of collateral",,,,,,,,,
CAL-0247,8k_3.02,VIVK,0001450704,8-K,2025-06-11,"3.02,9.01",0001829126-25-004413,https://www.sec.gov/Archives/edgar/data/1450704/000182912625004413/vivakor_8k.htm,8k_items:3.02,text/0001829126-25-004413.txt,ef290ad030cc6209f469c462168b62a65b16ec528126bb7b0b7f0839734ba9fe,2065,0,"UNITED STATES SECURITIES AND EXCHANGE COMMISSION Washington, DC 20549 FORM 8-K CURRENT REPORT Pursuant to Section 13 or 15(d) of the Securities Exchange Act of 1934 Date of Report (Date of earliest event reported): June 6, 2025 VIVAKOR, INC. (Exact name of registrant as specified in its charter) Nevada 001-41286 26-217",,,,,,,,,
CAL-0248,8k_3.01,ATPC,0001713210,8-K,2026-03-12,3.01,0001493152-26-009790,https://www.sec.gov/Archives/edgar/data/1713210/000149315226009790/form8-k.htm,8k_items:3.01,text/0001493152-26-009790.txt,48c0f02be73efb97e3217bfa2469e6e28f71f1991abe7200a2ee68b614281030,1470,0,"Item 3.01. Notice of Delisting or Failure to Satisfy a Continued Listing Rule or Standard; Transfer of Listing. As previously announced, the Company received a letter (the ""Notification Letter"") from the Listing Qualifications Staff (the ""Staff"") of The Nasdaq Stock Market, LLC (""Nasdaq"") on January 27, 2026, notifying",,,,,,,,,
CAL-0249,8k_5.03,SLE,0001621672,8-K,2025-09-18,"1.01,3.02,5.03,9.01",0001437749-25-029401,https://www.sec.gov/Archives/edgar/data/1621672/000143774925029401/slgg20250918_8k.htm,8k_items:1.01+3.02+5.03,text/0001437749-25-029401.txt,8bbb26e27e13215955817b6cc9fe65acc5b2085b89b3c5513ba633c6027a10f8,3052,0,"Item 1.01. Entry into a Material Definitive Agreement On September 12, 2025, Super League Enterprise, Inc. (the ""Company"") entered into an Amended & Restated Exchange Agreement, Consent and Waiver (the ""Exchange Agreements"") with certain holders (the ""Preferred Stockholders"") of the Company's preferred stock, par value",,,,,,,,,
CAL-0250,424B,GMM,0001913749,424B3,2026-02-11,,0001213900-26-014890,https://www.sec.gov/Archives/edgar/data/1913749/000121390026014890/ea0275927-424b3_global.htm,offering,text/0001213900-26-014890.txt,254c371e8ea4c7640d25b6e5e456a293a3f373b9f90fd32504ac6395eb5c4df2,30000,1,"Item 3.D. Risk Factors"" incorporated by reference to the Company's 2025 Annual Report, which you should carefully consider before making a decision to purchase Class A Ordinary Shares. If any of these risks actually occurs, our business, financial condition or results of operations would likely be materially adversely ",,,,,,,,,
CAL-0251,424B,VCIG,0001930510,424B5,2026-01-21,,0001213900-26-005930,https://www.sec.gov/Archives/edgar/data/1930510/000121390026005930/ea0273341-424b5_vciglobal.htm,offering,text/0001213900-26-005930.txt,acc5abc9a0e17f23a69346af50a0aed1590ff0c318b577049fd35ac8fba58fa0,30000,1,"Item 4, ""Information on the Company""; Item 5, ""Operating and Financial Review and Prospects""; Item 6,""Directors, Senior Management and Employees""; Item 7, Major Shareholders and Related Party Transactions""; Item 8, ""Financial Information"" in our Annual Report on Form 20-F for the year ended December 31, 2023, the other",,,,,,,,,
CAL-0252,8k_8.01,CTSO,0001175151,8-K,2026-09-23,"7.01,8.01,9.01",0001104659-26-109814,https://www.sec.gov/Archives/edgar/data/1175151/000110465926109814/tm2625982d1_8k.htm,8k_items:8.01,text/0001104659-26-109814.txt,d2f911f9b67a740d7527b7e2bf7fc11f689984c79fa8f9f2ec1bbe32b20c89c3,1759,0,"Item 7.01. Regulation FD Disclosure. On September 23, 2026, CytoSorbents Corporation (the ""Company"") issued a press release, a copy of which is furnished herewith as Exhibit 99.1.* Item 8.01. Other Events. As previously disclosed, on October 2, 2025, the Company received a letter from the Listing Qualifications Staff (",,,,,,,,,
CAL-0253,8k_1.01,KIDZ,0002022308,8-K,2026-05-14,"1.01,9.01",0001477932-26-003134,https://www.sec.gov/Archives/edgar/data/2022308/000147793226003134/class_8k.htm,8k_items:1.01,text/0001477932-26-003134.txt,7999b20b5336365f02f0c913b179a50ab2473261daf35014d5cb69df8adcc9d1,2318,0,"Item 1.01. Entry Into a Material Definitive Agreement. On May 14, 2026, Classover Holdings, Inc. (the ""Company"") entered into an At-the-Market Sales Agreement (the ""Agreement"") with Chardan Capital Markets LLC, as sales agent (the ""Agent""), pursuant to which the Company may offer and sell, from time to time through or ",,,,,,,,,
CAL-0254,8k_3.02,SLE,0001621672,8-K,2025-10-28,"1.01,3.02,8.01,9.01",0001437749-25-032022,https://www.sec.gov/Archives/edgar/data/1621672/000143774925032022/slgg20251028_8k.htm,8k_items:1.01+3.02+8.01,text/0001437749-25-032022.txt,dc82a0f86f06653098fa785d7675268b6cd245e696bf8a4367e0d64b472f5d13,5563,0,"Item 1.01. Entry into a Material Definitive Agreement Entry into Securities Purchase Agreements On October 24, 2025, and October 27, 2025, Super League Enterprise, Inc. (the ""Company"") entered into Securities Purchase Agreements (the ""Purchase Agreement"") with certain accredited investors (the ""Purchasers""), relating t",,,,,,,,,
CAL-0255,S-3,GTBP,0000109657,S-3,2025-03-06,,0001493152-25-009422,https://www.sec.gov/Archives/edgar/data/109657/000149315225009422/forms-3.htm,shelf,text/0001493152-25-009422.txt,3def8751181e6a8eb28cb926e5aef2cc5acdaca5fc2d8a899ef0a533bda18b65,27803,0,"Item 2.02 or Item 7.01 of Form 8-K and exhibits filed on such form that are related to such items) made with the SEC pursuant to Sections 13(a), 13(c), 14 or 15(d) of the Exchange Act, including all such reports filed after the date of the initial registration statement and prior to effectiveness of the registration st",,,,,,,,,
CAL-0256,8k_3.01,XPON,0001894954,8-K,2025-08-26,"1.01,3.01",0001903596-25-000433,https://www.sec.gov/Archives/edgar/data/1894954/000190359625000433/xpon_8k.htm,8k_items:1.01+3.01,text/0001903596-25-000433.txt,bd104f09cc97c70d2201129a8b3315107ef271a3b9570dd843cb18769ca5fc74,3165,0,"Item 1.01. Entry into a Material Definitive Agreement. Warrant Inducement As previously announced, on August 14, 2025, Expion360 Inc. (the ""Company"") entered into inducement offer letter agreements (the ""Inducement Letters"") with (i) the holders of a substantial majority of the Company's outstanding Series A warrants t",,,,,,,,,
CAL-0257,S-3,XHLD,0002030954,S-1,2026-04-06,,0001493152-26-015244,https://www.sec.gov/Archives/edgar/data/2030954/000149315226015244/forms-1.htm,shelf,text/0001493152-26-015244.txt,2365b6e64a396510392a0bfc6c339cabe1c555f4c3101ed1e8732f3c1b84e2cd,30000,1,"Item 1A of our Annual Report on Form 10-K for the year ended December 31, 2025. The risks and uncertainties we have described are not the only ones we face. Additional risks and uncertainties not presently known to us or that we currently deem immaterial may also affect our operations. The occurrence of any of these kn",,,,,,,,,
CAL-0258,424B,DCX,0001957413,424B5,2025-09-02,,0001641172-25-026159,https://www.sec.gov/Archives/edgar/data/1957413/000164117225026159/form424b5.htm,offering,text/0001641172-25-026159.txt,199abec81b14183a00813dac99792fc1706012a45f27bba43f1e66e3060d3cd1,30000,1,"Item 3. Key Information - D. Risk Factors"" section in the 2023 annual report. These forward-looking statements involve various risks and uncertainties. Although we believe that our expectations expressed in these forward-looking statements are reasonable, our expectations may later be found to be incorrect. Our actual ",,,,,,,,,
CAL-0259,8k_8.01,PSQH,0001847064,8-K,2025-12-18,"7.01,8.01,9.01",0001104659-25-122218,https://www.sec.gov/Archives/edgar/data/1847064/000110465925122218/tm2533604d1_8k.htm,8k_items:8.01,text/0001104659-25-122218.txt,c03ddc651a6866d13e00035cb9e26643314be7e3bb3c4504ea483923ab5ac4dd,2472,0,"Item 7.01 Regulation FD Disclosure. On December 18, 2025, the Company issued a press release related to certain Gross Merchandise Volume (""GMV"") results during the four-day Black Friday through Cyber Monday (""BFCM"") period and the amount of GMV that was processed during the BFCM period by its Credova credit business. T",,,,,,,,,
CAL-0260,8k_3.01,LRHC,0001879403,8-K,2026-04-22,"3.01,8.01,9.01",0001213900-26-046409,https://www.sec.gov/Archives/edgar/data/1879403/000121390026046409/ea0287283-8k_larosa.htm,8k_items:3.01+8.01,text/0001213900-26-046409.txt,d525da91ffa1d82014b9c97dad2f914ff410755c11fa4e5491577fd96bbad888,2602,0,"Item 3.01 Notice of Delisting or Failure to Satisfy a Continued Listing Rule or Standard; Transfer of Listing. On April 16, 2026, the Company received a notice (the ""Notice"") from the Listing Qualifications Department (the ""Staff"") of The Nasdaq Stock Market LLC (""Nasdaq"") that the Company is not in compliance with Nas",,,,,,,,,
CAL-0261,S-3,VMAR,0001813783,F-1,2025-12-05,,0001104659-25-118702,https://www.sec.gov/Archives/edgar/data/1813783/000110465925118702/tm2527757d2_f1.htm,shelf,text/0001104659-25-118702.txt,9697d7dd9d59be4e5b3738250845dc63562dfee42b6eb3246f61b9b309c99089,30000,1,"Item 4 of that annual report entitled ""Information on the Company."" MANAGEMENT'S DISCUSSION AND ANALYSIS OF FINANCIAL CONDITION AND RESULTS OF OPERATIONS Our discussion and analysis of the financial condition and results of operations for the fiscal years ended August 31, 2025 and 2024 is included in Exhibit 99.2 to ou",,,,,,,,,
CAL-0262,8k_3.01,AIFA,0001708341,8-K,2026-04-21,"3.01,7.01,9.01",0001171843-26-002624,https://www.sec.gov/Archives/edgar/data/1708341/000117184326002624/f8k_042126.htm,8k_items:3.01,text/0001171843-26-002624.txt,4ca9212280f21a86930404df6cc734957f8d8e9c2bd56967ad77fbff66b764e5,1634,0,"Item 3.01. Notice of Delisting or Failure to Satisfy a Continued Listing Rule or Standard; Transfer of Listing. On April 16, 2026, Allied Gaming & Entertainment Inc. (the ""Company"") received a deficiency letter (the ""Letter"") from the Listing Qualifications Department of the Nasdaq Stock Market (""Nasdaq"") notifying the",,,,,,,,,
CAL-0263,8k_1.01,KPLT,0001785424,8-K,2025-06-04,"1.01,7.01,9.01",0000950103-25-006977,https://www.sec.gov/Archives/edgar/data/1785424/000095010325006977/dp229809_8k.htm,8k_items:1.01,text/0000950103-25-006977.txt,c16d5dc2f2f9ebbaaa8522da5593e559f73932d3b17a04bda04ef5b9c33085e5,2280,0,"Item 1.01 Entry Into a Material Definitive Agreement. On June 3, 2025, Katapult Holdings, Inc. (the ""Company"") entered into the Limited Waiver and Amendment Agreement (the ""Second Limited Waiver"") to our Loan and Security Agreement, dated as of May 14, 2019 (as amended, amended and restated, supplemented, revised, or o",,,,,,,,,
CAL-0264,424B,HCTI,0001839285,424B3,2026-07-16,,0001213900-26-078700,https://www.sec.gov/Archives/edgar/data/1839285/000121390026078700/ea0298207-424b3_healthcare.htm,offering,text/0001213900-26-078700.txt,52e9facf2b2c358cc1fe5eb765004bd134436f21d1d6118d3df438268aab0ed3,30000,1,"Item 1A, Risk Factors in our most recent Annual Report on Form 10-K and in the other documents that we include or incorporate by reference into this prospectus, as updated by our Quarterly Reports on Form 10-Q, Current Reports on Form 8-K and other filings we make with the SEC, the risk factors described under the capt",,,,,,,,,
CAL-0265,424B,CTOR,0001851484,424B3,2026-08-14,,0001213900-26-090293,https://www.sec.gov/Archives/edgar/data/1851484/000121390026090293/ea0302232-424b3_citius.htm,offering,text/0001213900-26-090293.txt,e1141ae7e55870bdb8d5d8053235a0a98ab5106b32bca4b7deaf576953e44940,30000,1,"Item 1. Financial Statements (Unaudited) 1 Condensed Consolidated Balance Sheets at June 30, 2026 and September 30, 2025 1 Condensed Consolidated Statements of Operations for the Three and Nine Months Ended June 30, 2026 and 2025 2 Condensed Consolidated Statements of Changes in Stockholders' Equity for the Three and N",,,,,,,,,
CAL-0266,8k_5.03,LRHC,0001879403,8-K,2025-11-13,"1.01,2.03,3.02,3.03,5.02,5.03,7.01,9.01",0001213900-25-109617,https://www.sec.gov/Archives/edgar/data/1879403/000121390025109617/ea0264981-8k_larosa.htm,8k_items:1.01+3.02+5.03,text/0001213900-25-109617.txt,ba53b3b5c3b8c3c8fec8a238dfa15a259dbcdb8a213a15158685981ea56efc5f,8395,0,"Item 1.01. Entry into a Material Definitive Agreement. Securities Purchase Agreement On November 12, 2025, La Rosa Holdings Corp., a Nevada corporation (the ""Company""), entered into a Securities Purchase Agreement (the ""Purchase Agreement"") with certain institutional investors (the ""Investors""), pursuant to which the C",,,,,,,,,
CAL-0267,8k_3.02,CNTB,0001835268,8-K,2026-03-30,"1.01,3.02,7.01,8.01,9.01",0001835268-26-000006,https://www.sec.gov/Archives/edgar/data/1835268/000183526826000006/cntb-20260329.htm,8k_items:1.01+3.02+8.01,text/0001835268-26-000006.txt,4200f591b2a8fa6885e9a8ecc464bdf20d26607735896d37cd6e14b1c32920ff,4263,0,"Item 1.01 Entry into a Material Definitive Agreement. On March 29, 2026, Connect Biopharma Holdings Limited (the ""Company"") entered into a securities purchase agreement (the ""Purchase Agreement"") with the purchasers named therein (the ""Purchasers""), for the private placement (the ""Private Placement"") of 6,130,000 share",,,,,,,,,
CAL-0268,8k_3.01,GWAV,0001589149,8-K,2025-08-26,"3.01,7.01,9.01",0001493152-25-012345,https://www.sec.gov/Archives/edgar/data/1589149/000149315225012345/form8-k.htm,8k_items:3.01,text/0001493152-25-012345.txt,c1016322b067d864445c80ed793e493d800368841f4978310aed73862f0014ca,2310,0,"Item 3.01 Notice of Delisting or Failure to Satisfy a Continued Listing Rule or Standard; Transfer of Listing. As previously disclosed on the Current Report on Form 8-K of Greenwave Technology Solutions, Inc., a Delaware corporation (the ""Company""), filed on May 30, 2025, the Company received a notice from the Listing ",,,,,,,,,
CAL-0269,8k_3.02,ACTU,0001652935,8-K,2025-03-28,"1.01,3.02,9.01",0001683168-25-001945,https://www.sec.gov/Archives/edgar/data/1652935/000168316825001945/actuate_8k.htm,8k_items:1.01+3.02,text/0001683168-25-001945.txt,ac961504cd5399f328a2c7181970cb025f852e934d69b79403e4dbcb5927de12,8127,0,"Item 1.01 Entry into a Material Definitive Agreement. On March 27, 2025, Actuate Therapeutics, Inc. (the ""Company"") entered into a Common Stock Purchase Agreement (the ""Purchase Agreement"") and a related Registration Rights Agreement (the ""Registration Rights Agreement""), each dated as of March 27, 2025, with B. Riley ",,,,,,,,,
CAL-0270,8k_3.01,CYCU,0001868419,8-K,2025-05-29,"3.01,9.01",0001641172-25-012880,https://www.sec.gov/Archives/edgar/data/1868419/000164117225012880/form8-k.htm,8k_items:3.01,text/0001641172-25-012880.txt,bcf314122bcef2aaeaddf1eef2a8d270d80714187fd349b848beb01312da9918,2117,0,"Item 3.01 Notice of Delisting or Failure to Satisfy a Continued Listing Rule or Standard; Transfer of Listing. On May 22, 2025, Cycurion, Inc. (the ""Company"") received written notice (the ""Nasdaq Letter"") from The Nasdaq Stock Market LLC (""Nasdaq"") indicating that the Company is delinquent in filing its Quarterly Repor",,,,,,,,,
CAL-0271,8k_5.03,JAGX,0001585608,8-K,2025-06-30,"1.01,2.03,3.02,5.03,9.01",0001193125-25-152345,https://www.sec.gov/Archives/edgar/data/1585608/000119312525152345/d14926d8k.htm,8k_items:1.01+3.02+5.03,text/0001193125-25-152345.txt,9e4d049eac9e09392f750c1eedaddc12f0fee8158b8a53c7b710ec38b74185b1,9603,0,"Item 1.01 Entry into a Material Definitive Agreement. Royalty Interest for Series M Preferred Stock Exchange Transactions As previously disclosed, on October 8, 2020, Jaguar Health, Inc. (the ""Company"") sold to Iliad Research and Trading, L.P. (""Iliad"") a royalty interest in the original principal amount of $12 million",,,,,,,,,
CAL-0272,S-3,VEEA,0001840317,S-1/A,2026-05-08,,0001213900-26-053967,https://www.sec.gov/Archives/edgar/data/1840317/000121390026053967/ea0288866-s1a1_veea.htm,shelf,text/0001213900-26-053967.txt,653a7b0023a2121bbc32b3f1eb107df632c74445cf056a9f641d56f996baf9c2,30000,1,Page ABOUT THIS PROSPECTUS ii INDUSTRY AND MARKET DATA iii TRADEMARKS iii FREQUENTLY USED TERMS AND BASIS OF PRESENTATION iv CAUTIONARY NOTE REGARDING FORWARD-LOOKING STATEMENTS vi SUMMARY 1 RISK FACTORS 9 USE OF PROCEEDS 43 DETERMINATION OF OFFERING PRICE 43 MARKET INFORMATION FOR COMMON STOCK AND DIVIDEND POLICY 43 B,,,,,,,,,
CAL-0273,8k_5.03,OLOX,0001023994,8-K,2026-05-07,"5.03,9.01",0001213900-26-053343,https://www.sec.gov/Archives/edgar/data/1023994/000121390026053343/ea0289736-8k_olenox.htm,8k_items:5.03,text/0001213900-26-053343.txt,b365c4ee09f1534aab47aeca99768ffe4b6f4a29845f7a8e84660bc49b578331,1252,0,"Item 5.03. Amendments to Articles of Incorporation or Bylaws; Change in Fiscal Year. On May 7, 2026, Olenox Industries Inc., a Delaware corporation (the ""Company""), filed with the Secretary of State of the State of Delaware a Certificate of Amendment to its Amended and Restated Certificate of Incorporation (the ""Amendm",,,,,,,,,
CAL-0274,8k_1.01,DFNS,0001787518,8-K,2025-09-16,"1.01,8.01,9.01",0001213900-25-087962,https://www.sec.gov/Archives/edgar/data/1787518/000121390025087962/ea0257387-8k_nukkleus.htm,8k_items:1.01+8.01,text/0001213900-25-087962.txt,1a8875604ae9069ab1832db23ae6785ecef06f9a3080d41608575dffde74e43d,1984,0,"Item 1.01 Entry into a Material Definitive Agreement. On September 15, 2025, Nukkleus Inc. (the ""Company"") entered into an Amended and Restated Securities Purchase Agreement and Call Option (the ""Star Agreement"") which amended and restated in its entirety the Securities Purchase Agreement and Call Option dated December",,,,,,,,,
CAL-0275,S-3,ACXP,0001736243,S-3/A,2025-12-30,,0001104659-25-125201,https://www.sec.gov/Archives/edgar/data/1736243/000110465925125201/tm2534261d1_s3a.htm,shelf,text/0001104659-25-125201.txt,6fad679f4b345ae6500ed572bfb542c299bf1262b08a0c0a1b41a08f5caaceb0,30000,1,"Item 14. Other Expenses of Issuance and Distribution The following table sets forth an itemization of the various expenses, all of which we will pay, in connection with the issuance and distribution of the securities being registered. All of the amounts shown are estimated except the SEC Registration Fee and the FINRA ",,,,,,,,,
CAL-0276,8k_3.01,CNET,0001376321,8-K,2026-03-27,3.01,0001171843-26-001982,https://www.sec.gov/Archives/edgar/data/1376321/000117184326001982/f8k_032726.htm,8k_items:3.01,text/0001171843-26-001982.txt,5c8c56fdf7b13738125677b432d9723818df98f1fe3e87e23a67c3baa503fba6,2173,0,"Item 3.01. Notice of Delisting or Failure to Satisfy a Continued Listing Rule or Standard; Transfer of Listing. On March 26, 2026, ZW Data Action Technologies Inc., a Nevada corporation (the ""Company"") received a notice in the form of a letter (""Deficiency Letter"") from the Nasdaq Listing Qualifications Department (the",,,,,,,,,
CAL-0277,424B,MTEN,0001948099,424B5,2025-12-08,,0001213900-25-119078,https://www.sec.gov/Archives/edgar/data/1948099/000121390025119078/ea0268405-424b5_mingteng.htm,offering,text/0001213900-25-119078.txt,8cea06380ea908fca5edc179d946f21370ba8fae265833ccaaa71b1ccd86de72,30000,1,"Item 3. Key Information—D. Risk factors"" in the 2024 Annual Report, and all of the information included or incorporated by reference in this prospectus supplement before deciding whether to purchase our Ordinary Shares. Our business, financial condition and results of operations could be materially and adversely affect",,,,,,,,,
CAL-0278,8k_5.03,NTRB,0001676047,8-K,2025-08-07,"3.02,5.03,9.01",0001213900-25-073116,https://www.sec.gov/Archives/edgar/data/1676047/000121390025073116/ea0252295-8k_nutriband.htm,8k_items:3.02+5.03,text/0001213900-25-073116.txt,dab3614ee1e01c33750266bda4ee5771970fffeadd519437e6f9a1d1b1b9f720,1874,0,"Item 3.02. Unregistered Sales of Equity Securities. The Company completed a stock dividend of shares of Series A Preferred Stock to Nutriband shareholders of record on July 25, 2025 on the basis of one share of Series A Preferred Stock for each four shares of common stock held by each stockholder, with all fractional s",,,,,,,,,
CAL-0279,8k_3.01,SRXH,0001471727,8-K,2026-01-08,3.01,0001493152-26-000926,https://www.sec.gov/Archives/edgar/data/1471727/000149315226000926/form8-k.htm,8k_items:3.01,text/0001493152-26-000926.txt,982fa2ef3cc59021e7fff1e44c079afbf92eaedc05fc8b98c5adf382a55c617a,1973,0,"Item 3.01 Notice of Delisting or Failure to Satisfy a Continued Listing Rule or Standard; Transfer of Listing. On January 6, 2026, SRx Health Solutions, Inc. (the ""Company""), received a notice from the NYSE American (""NYSE""), that NYSE has accepted the Company's plan to regain compliance with Sections 1003(a)(i) and (i",,,,,,,,,
CAL-0280,8k_3.02,DFDV,0001805526,8-K,2025-08-26,"1.01,3.02,8.01,9.01",0000950170-25-111256,https://www.sec.gov/Archives/edgar/data/1805526/000095017025111256/dfdv-20250824.htm,8k_items:1.01+3.02+8.01,text/0000950170-25-111256.txt,ca17f3d7f1dd3ee9c3c5ea0c18981141f6a6311ac0e50b3ec96b61e680e63e37,3022,0,"Item 1.01 Entry into a Material Definitive Agreement. On August 24, 2025, DeFi Development Corp. (the ""Company"") entered into subscription agreements (each, a ""Subscription Agreement"" and collectively the ""Subscription Agreements"") with certain institutional and accredited investors (each an ""Investor"" and collectively",,,,,,,,,
CAL-0281,8k_1.01,LSTA,0000320017,8-K,2025-10-08,1.01,0000320017-25-000063,https://www.sec.gov/Archives/edgar/data/320017/000032001725000063/clbs-20251008.htm,8k_items:1.01,text/0000320017-25-000063.txt,bfa346fcb11885ba7c578fd35f326f0866c7999dada953da5d06a05798669cdc,1485,0,"Item 1.01 Entry into a Material Definitive Agreement. Non-Exclusive License Agreement On October 8, 2025, Lisata Therapeutics, Inc. (the ""Company"") entered into a worldwide Non-Exclusive License Agreement (the ""Non-Exclusive License Agreement"" or the ""Agreement"") with Catalent, Inc. (""Catalent""), pursuant to which the ",,,,,,,,,
CAL-0282,8k_3.01,HYFM,0001695295,8-K,2026-04-07,3.01,0001437749-26-011604,https://www.sec.gov/Archives/edgar/data/1695295/000143774926011604/hyfm20260403_8k.htm,8k_items:3.01,text/0001437749-26-011604.txt,8b4c8b4721ed605e111880a19463f088056260e56f970edd5696beb11fa1b3e3,2054,0,"Item 3.01. Notice of Delisting or Failure to Satisfy a Continued Listing Rule or Standard; Transfer of Listing. On April 1, 2026, Hydrofarm Holdings Group, Inc. (the ""Company"") received a letter (the ""Letter"") from the Listing Qualifications Department of The Nasdaq Stock Market LLC (""Nasdaq"") indicating that the Compa",,,,,,,,,
CAL-0283,8k_3.01,CTXR,0001506251,8-K,2026-08-21,3.01,0001213900-26-092604,https://www.sec.gov/Archives/edgar/data/1506251/000121390026092604/ea0302856-8k_citius.htm,8k_items:3.01,text/0001213900-26-092604.txt,e256bbe3330d9f12faba34eb501927bf84669de6f0156544e7d35a0776378103,1157,0,"Item 3.01 Notice of Delisting or Failure to Satisfy a Continued Listing Rule or Standard; Transfer of Listing. On August 17, 2026, Citius Pharmaceuticals, Inc. (the ""Company"") received formal notice that the Nasdaq Stock Market LLC (""Nasdaq"") granted our request for an extension through February 8, 2027 (the ""Extension",,,,,,,,,
CAL-0284,8k_5.03,NCRA,0001756180,8-K,2025-08-29,"1.01,3.02,5.03,9.01",0001683168-25-006587,https://www.sec.gov/Archives/edgar/data/1756180/000168316825006587/nocera_8k.htm,8k_items:1.01+3.02+5.03,text/0001683168-25-006587.txt,6822161c474ffd1922221bde71a15c8818c5df758f1d0a1d7a48d274dda26cc7,3544,0,"Item 1.01 Entry into a Material Definitive Agreement. On August 29, 2025, Nocera, Inc., a Nevada corporation (Nasdaq: NCRA) (the ""Company""), entered into a Securities Purchase Agreement (the ""Purchase Agreement"") with an institutional accredited investor (the ""Investor""), pursuant to which the Company agreed to sell, a",,,,,,,,,
CAL-0285,S-3,APRE,0001781983,S-3,2026-04-22,,0001104659-26-046900,https://www.sec.gov/Archives/edgar/data/1781983/000110465926046900/tm2612147-1_s3.htm,shelf,text/0001104659-26-046900.txt,265709717cd69e40e2048b1284c01beef072600fde65972c0d45a84c374b24b2,30000,1,"Item 2.02 or Item 7.01); and ​ • the description of our Common Stock contained in our Registration Statement on Form 8/A, dated September 30, 2019, including any amendments or reports filed for the purpose of updating such description. ​ All documents that we file (but not those that we furnish) pursuant to Section 13(",,,,,,,,,
CAL-0286,8k_3.02,NTHI,0001979414,8-K,2026-01-29,"1.01,3.02,9.01",0001829126-26-000757,https://www.sec.gov/Archives/edgar/data/1979414/000182912626000757/neonctechnologies_8k.htm,8k_items:1.01+3.02,text/0001829126-26-000757.txt,155a1eb818d2c4080ee1dd98c47f2381138b5dc26f291e539bd281f818c8c70c,1472,0,"Item 1.01. Entry Into a Material Definitive Agreement On January 29, 2026, NeOnc Technologies Holdings, Inc. (the ""Company"") entered into a Securities Purchase Agreement (the ""Agreement"") to issue and sell up to 2,222,222 shares (the ""Shares"") of common stock, $0.0001 par value per share of the Company (the ""Common Sto",,,,,,,,,
CAL-0287,8k_5.03,BOXL,0001624512,8-K,2025-02-21,"1.01,3.02,5.03,7.01,9.01",0001104659-25-016143,https://www.sec.gov/Archives/edgar/data/1624512/000110465925016143/tm257212d1_8k.htm,8k_items:1.01+3.02+5.03,text/0001104659-25-016143.txt,914a6735f63e92f09f6ee402a0db47c25f3aadaaba244602919ecfd4a80b01c9,3815,0,"Item 1.01 Entry into a Material Definitive Agreement. On February 19, 2025, Boxlight Corporation, a Nevada corporation (the ""Company""), entered into a Securities Purchase Agreement (the ""Purchase Agreement"") with certain institutional accredited investors (the ""Investors""), pursuant to which the Company agreed to issue",,,,,,,,,
CAL-0288,8k_3.01,SHPH,0001757499,8-K,2025-03-13,"1.01,3.01,7.01,9.01",0001493152-25-010211,https://www.sec.gov/Archives/edgar/data/1757499/000149315225010211/form8-k.htm,8k_items:1.01+3.01,text/0001493152-25-010211.txt,42f77c0927da25a401dd6b9f4ec4fb8a4744ddf09aee12a6b35957ad3a5bbab2,2778,0,"Item 1.01 Entry into a Material Definitive Agreement. On March 12, 2025, Shuttle Pharmaceuticals Holdings, Inc. (the ""Company"") entered into an Underwriting Agreement (the ""Underwriting Agreement"") with WestPark Capital, Inc., as sole underwriter (the ""Underwriter""), related to a public offering (the ""Offering"") of (i)",,,,,,,,,
CAL-0289,424B,FEMY,0001339005,424B3,2026-01-12,,0001140361-26-000862,https://www.sec.gov/Archives/edgar/data/1339005/000114036126000862/ny20062180x2_424b3.htm,offering,text/0001140361-26-000862.txt,3532e10ef37f5f6e42db5d30cdb3404c0dd39f20de38e9ae540a31f0539397aa,19480,0,"Item 1A, Risk Factors, included in our most recent Annual Report on Form 10-K and those discussed in other documents we file from time to time with the SEC. We discuss many of these and other risks and uncertainties in greater detail under the heading ""Risk Factors"" in our most recent Annual Report on Form 10-K, as upd",,,,,,,,,
CAL-0290,8k_8.01,XGN,0001274737,8-K,2025-07-17,"5.02,8.01,9.01",0001274737-25-000055,https://www.sec.gov/Archives/edgar/data/1274737/000127473725000055/exdx-20250717.htm,8k_items:8.01,text/0001274737-25-000055.txt,ba17eeafad638f7bbe351540d50d7e83f089553487befc2c19bfd5178089ac23,2377,0,"Item 5.02. Election of Director; Amendment of Non-Employee Director Compensation Program; Compensatory Arrangements of Certain Directors. On July 17, 2025, upon the recommendation of the Nominating and Corporate Governance Committee (""Nominating Committee"") of the Board of Directors (the ""Board"") of Exagen Inc. (the ""C",,,,,,,,,
CAL-0291,8k_1.01,ADVB,0001941029,8-K,2025-06-06,"1.01,9.01",0001213900-25-052234,https://www.sec.gov/Archives/edgar/data/1941029/000121390025052234/ea0243953-8k_advanced.htm,8k_items:1.01,text/0001213900-25-052234.txt,f7a109f3fad2cc3add82fde16de3703fc9f2b349822071fa486a358ed3c6e87b,1153,0,"Item 1.01 Entry into a Material Definitive Agreement. On June 6, 2025, Advanced Biomed Inc. (the ""Company"") entered into a purchase agreement (the ""Agreement"") with HELENA GLOBAL INVESTMENT OPPORTUNITIES I LTD. (the ""Investor""), pursuant to which the Company has the right to issue and sell to the Investor, from time to",,,,,,,,,
CAL-0292,8k_8.01,CYCU,0001868419,8-K,2026-08-28,"8.01,9.01",0001628280-26-059330,https://www.sec.gov/Archives/edgar/data/1868419/000162828026059330/cycu-20260826.htm,8k_items:8.01,text/0001628280-26-059330.txt,efed3e05cc76e5590806691835c01e5e044fd44e722051069bb049792551b1fe,873,0,"Item 8.01 Other Events. On August 26, 2026, the Company issued a press release. A copy of the press release is furnished as Exhibit 99.1 to this Current Report on Form 8-K. Item 9.01 Financial Statements and Exhibits (d)Exhibits: Exhibit No. Description 99.1 Press Release dated August 26, 2026 104 Inline XBRL for the c",,,,,,,,,
CAL-0293,8k_8.01,MKZR,0001550913,8-K,2026-01-09,"8.01,9.01",0001550913-26-000002,https://www.sec.gov/Archives/edgar/data/1550913/000155091326000002/mrc8k01092026.htm,8k_items:8.01,text/0001550913-26-000002.txt,888ab160a46445a929e72b19f7f1b81e3ec1349491f32284f14c86e7a5c2b833,3624,0,"Item 8.01 Other Events. On January 8, 2026, MacKenzie Realty Capital, Inc. (""MKZR"") issued a press release about the creation of a new, wholly owned subsidiary called MacKenzie Apartment Communities, Inc. (""MAC""), to which MKZR contributed all of its multi-family properties and its development project in exchange for 1",,,,,,,,,
CAL-0294,S-3,NTHI,0001979414,S-1,2025-04-29,,0001829126-25-003001,https://www.sec.gov/Archives/edgar/data/1979414/000182912625003001/neonctechnologies_s1.htm,shelf,text/0001829126-25-003001.txt,4325465fc5e2fb5fbe59f80b97c4a5a09f04a145edf702e4ccb72a15eb32cca5,30000,1,The information in this preliminary prospectus is not complete and may be changed. These securities may not be sold until the registration statement filed with the Securities and Exchange Commission is effective. This preliminary prospectus is not an offer to sell these securities and it is not soliciting an offer to b,,,,,,,,,
CAL-0295,424B,RUBI,0001943421,424B3,2025-11-28,,0001171843-25-007651,https://www.sec.gov/Archives/edgar/data/1943421/000117184325007651/f424b3_112825.htm,offering,text/0001171843-25-007651.txt,4a125bb45dff981c1229eb8a627db83f04905d6a2c587b31fb97f5e005091f6d,924,0,"424B3 1 f424b3_112825.htm FORM 424B3 Filed Pursuant to Rule 424(b)(3) Registration No. 333-289552 PROSPECTUS SUPPLEMENT NO. 6 (TO PROSPECTUS DATED SEPTEMBER 19, 2025) 75,000 Common Shares Offered by the Selling Shareholders RUBICO INC. This is a supplement (the ""Prospectus Supplement"") to the prospectus, dated Septembe",,,,,,,,,
CAL-0296,S-3,ZOOZ,0001992818,F-3/A,2025-07-07,,0001641172-25-017989,https://www.sec.gov/Archives/edgar/data/1992818/000164117225017989/formf-3a.htm,shelf,text/0001641172-25-017989.txt,fa370a07fb766265c48ccc2ca37edc236dff6ddd1b176d6ff1e03b54937ddbf8,30000,1,"Item 8. Indemnification of Directors and Other Office Holders Our Office Holders' Insurance. Our Articles provide that, subject to any applicable law, the Company may enter into contract to cover any Company office holder's liability, as imposed on them following an action they perform in their capacity as a Company of",,,,,,,,,
CAL-0297,8k_3.01,NCRA,0001756180,8-K,2025-04-28,"3.01,9.01",0001683168-25-002890,https://www.sec.gov/Archives/edgar/data/1756180/000168316825002890/nocera_8k.htm,8k_items:3.01,text/0001683168-25-002890.txt,517f5c9fb08d93b221df24656e6d025af8fcb8f60cc058b8a2ac8724abb10086,1225,0,"Item 3.01. Notice of Delisting or Failure to Satisfy a Continued Listing Rule or Standard; Transfer of Listing. On April 24, 2025, Nocera, Inc. (the ""Company"") received a letter from the Nasdaq Stock Market LLC (""Nasdaq"") indicating that the Company is not in compliance with Nasdaq Listing Rule 5250(c)(1) because it ha",,,,,,,,,
CAL-0298,8k_5.03,MKZR,0001550913,8-K/A,2025-01-10,"5.03,5.07,9.01",0001550913-25-000008,https://www.sec.gov/Archives/edgar/data/1550913/000155091325000008/mrc8ka011025.htm,8k_items:5.03,text/0001550913-25-000008.txt,2133752a821fab0cceb9febd428ad1312e447b56623a3f7ed58c42af6d35b4d3,3959,0,"Item 5.07 below, the stockholders of MacKenzie Realty Capital, Inc., a Maryland corporation (the ""Company""), approved, pursuant to the prior approval and recommendation of the Board of Directors, amendments to the Company's Articles of Amendment and Restatement (as amended and restated, the ""Second A&R Charter"") at the",,,,,,,,,
CAL-0299,8k_3.01,REBN,0001707910,8-K,2026-02-23,"3.01,5.02",0001213900-26-019361,https://www.sec.gov/Archives/edgar/data/1707910/000121390026019361/ea0277971-8k_reborn.htm,8k_items:3.01,text/0001213900-26-019361.txt,c6edf8afdea9ccd671e834fa9b2b7318773e783eed92248530e72b320c09b50c,2616,0,"Item 3.01 Notice of Delisting or Failure to Satisfy a Continued Listing Rule or Standard; Transfer of Listing. On February 19, 2026, Reborn Coffee, Inc., a Delaware corporation (the ""Company"") received a notification letter (the ""Letter"") from the Nasdaq Listing Qualifications Staff of The Nasdaq Stock Market LLC (""Nas",,,,,,,,,
CAL-0300,8k_3.01,VNCE,0001579157,8-K,2025-10-10,"3.01,7.01,9.01",0001193125-25-237079,https://www.sec.gov/Archives/edgar/data/1579157/000119312525237079/vnce-20251010.htm,8k_items:3.01,text/0001193125-25-237079.txt,cf379a90e37b07e1b4b25794c2e647a48e26026a02da9ff453f1c665b4d958c8,1771,0,"Item 3.01 Notice of Delisting or Failure to Satisfy a Continued Listing Rule or Standard; Transfer of Listing. On October 10, 2025, Vince Holding Corp. (the ""Company"") provided notice to the New York Stock Exchange (""NYSE"") that it intends to have its shares of common stock, par value $0.01 per share (""Common Stock""), ",,,,,,,,,
CAL-0301,8k_3.01,HCTI,0001839285,8-K,2025-05-30,3.01,0001213900-25-049571,https://www.sec.gov/Archives/edgar/data/1839285/000121390025049571/ea0244137-8k_healthcare.htm,8k_items:3.01,text/0001213900-25-049571.txt,be8ea40e326e505e0d73a25b34f2548ba8ce91af07e6441dd26464fa7a5ab9ed,2519,0,"Item 3.01. Notice of Delisting or Failure to Satisfy a Continued Listing Rule or Standard; Transfer of Listing. As previously disclosed, on February 26, 2025, the Healthcare Triangle, Inc. (the ""Company"") received notice from the Listing Qualifications Staff (the ""Staff"") of The Nasdaq Stock Market LLC (""Nasdaq"") that ",,,,,,,,,
CAL-0302,8k_5.03,CTXR,0001506251,8-K,2025-06-09,"3.03,5.03,5.07,9.01",0001213900-25-052718,https://www.sec.gov/Archives/edgar/data/1506251/000121390025052718/ea0245189-8k_citius.htm,8k_items:5.03,text/0001213900-25-052718.txt,69aad770c00b75c1614b4495a0ebc641bf61fa5dbeea70e6a13d7b73a742b8d0,1614,0,"Item 3.03. Material Modifications to Rights of Security Holders. Effective upon the filing of this report, the one share of Series A Preferred Stock issued on April 17, 2025, by Citius Pharmaceuticals, Inc. (the ""Company""), will automatically be redeemed, pursuant to its terms. Upon the redemption, the holder of the Se",,,,,,,,,
CAL-0303,8k_3.01,FEMY,0001339005,8-K,2026-01-15,3.01,0001140361-26-001268,https://www.sec.gov/Archives/edgar/data/1339005/000114036126001268/ef20063173_8k.htm,8k_items:3.01,text/0001140361-26-001268.txt,d13ea6eb5d52299e9939bf5a1bd9ca960cc5c5ec7e8ab8e370adc8de8bd68061,1333,0,"Item 3.01 Notice of Delisting or Failure to Satisfy a Continued Listing Rule or Standard; Transfer of Listing. As previously reported, on July 16, 2025, Femasys Inc. (the ""Company"") received a notice from The Nasdaq Stock Market (""Nasdaq"") that the Company is not in compliance with Nasdaq's Listing Rule 5550(a)(2), as ",,,,,,,,,
CAL-0304,8k_3.02,FFAI,0001805521,8-K,2025-03-24,"1.01,2.03,3.02,7.01,9.01",0001013762-25-001636,https://www.sec.gov/Archives/edgar/data/1805521/000101376225001636/ea0233736-8k_faraday.htm,8k_items:1.01+3.02,text/0001013762-25-001636.txt,3ab282d761700bf170d423aef06ce84068bfa6dec1c35345b9fbb0ccef39a2d4,8699,0,"Item 1.01 Entry into a Material Definitive Agreement. On March 21, 2025 (the ""Signing Date""), Faraday Future Intelligent Electric Inc. (the ""Company"") entered into a Securities Purchase Agreement (the ""Purchase Agreement"") with certain institutional investors (collectively, the ""Investors""). Pursuant to the Purchase Ag",,,,,,,,,
CAL-0305,8k_3.01,TRUG,0001857086,8-K,2025-04-04,3.01,0001641172-25-002803,https://www.sec.gov/Archives/edgar/data/1857086/000164117225002803/form8-k.htm,8k_items:3.01,text/0001641172-25-002803.txt,8cb0e0b66b5fbf4348c143736164e5600abba84c3d9e6280ce9b0ccbe8bbf305,1201,0,"Item 3.01. Notice of Delisting or Failure to Satisfy a Continued Listing Rule or Standard; Transfer of Listing. As previously disclosed, on October 2, 2024, TruGolf Holdings, Inc. (the ""Company"") was notified by the Listing Qualifications Department (the ""Staff"") of the Nasdaq Stock Market (""Nasdaq"") that it was out of",,,,,,,,,
CAL-0306,8k_3.01,BENF,0001775734,8-K,2025-08-22,"3.01,7.01,9.01",0001641172-25-025249,https://www.sec.gov/Archives/edgar/data/1775734/000164117225025249/form8-k.htm,8k_items:3.01,text/0001641172-25-025249.txt,11cc075fd0608e94a7a4879b665ca74ba0a02bd2f4280a43e19c0f40e7bd978e,2553,0,"Item 3.01 Notice of Delisting or Failure to Satisfy a Continued Listing Rule or Standard; Transfer of Listing. On August 18, 2025, Beneficient (the ""Company"") was notified by the Listing Qualifications Department of The Nasdaq Stock Market LLC (""Nasdaq"") that because the Company had not yet filed its Quarterly Report o",,,,,,,,,
CAL-0307,8k_5.03,GCTK,0001506983,8-K,2026-08-28,"5.03,8.01,9.01",0001493152-26-040653,https://www.sec.gov/Archives/edgar/data/1506983/000149315226040653/form8-k.htm,8k_items:5.03+8.01,text/0001493152-26-040653.txt,b66d9027f0b17f4c3fec06fb002164b0e3717e0cda45ba2328b0922602cece68,2834,0,"Item 5.03 Amendments to Articles of Incorporation or Bylaws; Change in Fiscal Year Glucotrack, Inc., a Delaware corporation (the ""Company""), filed with the Delaware Secretary of State a Certificate of Amendment to the Certificate of Incorporation of the Company (the ""Certificate of Amendment""), which became effective a",,,,,,,,,
CAL-0308,8k_3.02,ACXP,0001736243,8-K,2025-05-08,"1.01,3.02,9.01",0001104659-25-046167,https://www.sec.gov/Archives/edgar/data/1736243/000110465925046167/tm2514277d1_8k.htm,8k_items:1.01+3.02,text/0001104659-25-046167.txt,e4300557cc16e100fde5a4a2e0797a371baa1604bea17ffe2d1ca2ab9da47c3a,4263,0,"Item 1.01. Entry into a Material Definitive Agreement. On May 8, 2025, Acurx Pharmaceuticals, Inc. (the ""Company"", ""we"", ""us"" and ""our"") entered into a purchase agreement (the ""Purchase Agreement"") with Lincoln Park Capital Fund, LLC (""Lincoln Park""), pursuant to which Lincoln Park committed to purchase up to $12.0 mil",,,,,,,,,
CAL-0309,8k_5.03,IPST,0001788230,8-K,2026-04-21,"3.03,5.03,8.01,9.01",0001788230-26-000053,https://www.sec.gov/Archives/edgar/data/1788230/000178823026000053/ipst-20260421.htm,8k_items:5.03+8.01,text/0001788230-26-000053.txt,7f4f9dd73a52e087add8fd8074a4317e63e83d6ffad5ca62a45302389908bf91,3563,0,"Item 3.03 Material Modification to Rights of Security Holders. On April 21, 2026, IP Strategy Holdings, Inc., a Delaware corporation (the ""Company""), filed a First Amendment to the Company's Third Amended and Restated Certificate of Incorporation (the ""Certificate of Amendment""), with the Secretary of State of the Stat",,,,,,,,,
CAL-0310,S-3,MOBX,0001855467,S-3,2025-01-17,,0001493152-25-002811,https://www.sec.gov/Archives/edgar/data/1855467/000149315225002811/forms-3.htm,shelf,text/0001493152-25-002811.txt,40027d0bff3f3dd08cc5129c051c32e7b42ff609b97d6d97fc8564e85614b8a1,30000,1,"Item 9.01 related thereto). Commission Filing Period Covered or Date of Filing Annual Report on Form 10-K Year Ended September 30, 2024. Amendment No. 1 to Registration Statement on Form S-1 (File No. 333-281492) August 26, 2024 (with respect to the EMI Solutions, Inc. Audited Financial Statements, Years Ended June 30,",,,,,,,,,
CAL-0311,8k_5.03,VIVK,0001450704,8-K,2026-07-16,"5.03,7.01,9.01",0001829126-26-007621,https://www.sec.gov/Archives/edgar/data/1450704/000182912626007621/vivakorinc_8k.htm,8k_items:5.03,text/0001829126-26-007621.txt,d6a94bbfd8c6f5a7eece57df42ac5a9fb32e901986a13f18f45268ab41660f18,1439,0,"Item 5.03 Amendment to Articles of Incorporation or Bylaws; Change in Fiscal Year. On July 10, 2026, a Certificate of Amendment (the ""Amendment to Articles"") to Vivakor, Inc.'s (the ""Company"") Amended and Restated Articles of Incorporation, as amended, was filed with the State of Nevada, which implements a 1-for-20 rev",,,,,,,,,
CAL-0312,8k_5.03,AMSS,0001851491,8-K,2026-08-21,"3.03,5.03,8.01,9.01",0001575872-26-000597,https://www.sec.gov/Archives/edgar/data/1851491/000157587226000597/amss041_8k.htm,8k_items:5.03+8.01,text/0001575872-26-000597.txt,51971fbc29275453021c028a278b8e6b090d1aab80bde251911b552254c8eed0,1878,0,"Item 3.03 Material Modification to Rights of Securityholders. To the extent required by Item 3.03 of Form 8-K, the information contained in Item 5.03 of this Current Report on Form 8-K is incorporated by reference into this Item 3.03. Item 5.03 Amendments to Articles of Incorporation or Bylaws; Change in Fiscal Year. A",,,,,,,,,
CAL-0313,424B,VMAR,0001813783,424B5,2026-01-23,,0001104659-26-006277,https://www.sec.gov/Archives/edgar/data/1813783/000110465926006277/tm263907d1_424b5.htm,offering,text/0001104659-26-006277.txt,cd6bb3cc4c6d2e681ac49e9e5d6f04ace2bf40b5a8a0226852d4fe052642265a,30000,1,PROSPECTUS SUPPLEMENT Page ABOUT THIS PROSPECTUS SUPPLEMENT S-2 FORWARD-LOOKING STATEMENTS S-3 PROSPECTUS SUPPLEMENT SUMMARY S-4 RISK FACTORS S-18 USE OF PROCEEDS S-20 CAPITALIZATION AND INDEBTEDNESS S-21 DILUTION S-22 DESCRIPTION OF THE SECURITIES WE ARE OFFERING S-23 TAXATION S-24 PLAN OF DISTRIBUTION S-28 LEGAL MATT,,,,,,,,,
CAL-0314,8k_3.01,UUU,0000102109,8-K,2025-07-21,"3.01,8.01,9.01",0001104659-25-069209,https://www.sec.gov/Archives/edgar/data/102109/000110465925069209/tm2521295d1_8k.htm,8k_items:3.01+8.01,text/0001104659-25-069209.txt,4bdd8f980ff533f25b53fd7e07bef0c2a11a0cfe2322a2bb0daa63e8eba9764a,1622,0,"Item 3.01. Notice of Delisting or Failure to Satisfy a Continued Listing Rule or Standard; Transfer of Listing. On July 16, 2025, Universal Safety Products, Inc. (the ""Company"") received a letter (the ""Delinquency Notification"") from NYSE Regulation stating that the Company is not in compliance with the continued listi",,,,,,,,,
CAL-0315,8k_8.01,CYCU,0001868419,8-K,2025-04-09,"8.01,9.01",0001641172-25-003352,https://www.sec.gov/Archives/edgar/data/1868419/000164117225003352/form8-k.htm,8k_items:8.01,text/0001641172-25-003352.txt,66f1fe842203a587593c41270d6b78e070c55f20d480245593c3a42d6f7fc975,1112,0,"Item 8.01 Other Events. On April 8, 2025, Cycurion, Inc., issued a press release announcing an expanded partnership with Journal Technologies. Together, the companies have been awarded a $22 million multi-year contract to deliver a state-of-the-art criminal justice case management system to a State Police agency. A cop",,,,,,,,,
CAL-0316,8k_8.01,EDBL,0001809750,8-K,2025-12-30,"5.02,7.01,8.01,9.01",0001477932-25-009232,https://www.sec.gov/Archives/edgar/data/1809750/000147793225009232/elbl_8k.htm,8k_items:8.01,text/0001477932-25-009232.txt,ef5da43ff2caf1e9a5c836a59245fc0308b34b3aca626d969b567f75af340c57,1632,0,"Item 5.02. Departure of Directors or Certain Officers; Election of Directors; Appointment of Certain Officers; Compensatory Arrangements of Certain Officers. On December 29, 2025, the board of directors (the ""Board"") of Edible Garden AG Incorporated (the ""Company"") approved an increase to the size of the Board from fou",,,,,,,,,
CAL-0317,8k_3.02,MEDS,0002030763,8-K,2025-03-27,"3.02,7.01,9.01",0001641172-25-000987,https://www.sec.gov/Archives/edgar/data/2030763/000164117225000987/form8-k.htm,8k_items:3.02,text/0001641172-25-000987.txt,96fd7bb3204e02bf371d1b5161d99ab986759a24a90100ee4aba79b78697312d,2145,0,"Item 3.02. Unregistered Sales of Equity Securities. On March 21, 2025, Wellgistics Health, Inc. (the ""Company"") granted an aggregate of 19,764,108 shares of restricted stock under the Wellgistics Health, Inc. Amended and Restated 2023 Equity Incentive Plan (the ""Plan"") to the following individuals: ● 600,000 shares to ",,,,,,,,,
CAL-0318,8k_1.01,JAGX,0001585608,8-K,2025-02-20,"1.01,4.01",0000950170-25-024228,https://www.sec.gov/Archives/edgar/data/1585608/000095017025024228/jagx-20250219.htm,8k_items:1.01,text/0000950170-25-024228.txt,74ed6be264c4bafce42dd31b2a33f2b96efaa420df6f2e03deaa3fe8f348d848,1196,0,"Item 1.01 Entry into a Material Definitive Agreement. On February 13, 2025, Jaguar Health, Inc. (the ""Company"") and Napo Pharmaceuticals, Inc., the Company's wholly-owned subsidiary (""Napo"" and together with the Company, the ""Borrower""), entered into an amendment (the ""Note Amendment"") with Streeterville Capital, LLC (",,,,,,,,,
CAL-0319,8k_3.02,TNON,0001560293,8-K,2025-03-12,"1.01,3.02,9.01",0001213900-25-023304,https://www.sec.gov/Archives/edgar/data/1560293/000121390025023304/ea0234065-8k_tenon.htm,8k_items:1.01+3.02,text/0001213900-25-023304.txt,16dca898dce7aa47e304d38ab1b3a14e60e3f907b7617284905a20caa337630a,2540,0,"Item 1.01. Entry into a Material Definitive Agreement. On March 11, 2025, Tenon Medical, Inc. (the ""Company"") entered into a warrant exercise inducement offer letter agreement (the ""Inducement Letter"") with a certain holder (the ""Holder"") of outstanding Common Stock purchase warrants exercisable for up to an aggregate ",,,,,,,,,
CAL-0320,424B,ADGM,0002006986,424B3,2025-03-17,,0001104659-25-024417,https://www.sec.gov/Archives/edgar/data/2006986/000110465925024417/tm259258d3_424b3.htm,offering,text/0001104659-25-024417.txt,383da1eee82a60746c6d2a10c8b7ec75e3eae7862cfd1c2ad215866c9b999ff7,3653,0,"Item 5.02 Departure of Directors or Certain Officers; Election of Directors; Appointment of Certain Officers; Compensatory Arrangements of Certain Officers On March 11, 2025, John Dahldorf, the Chief Financial Officer of Adagio Medical Holdings, Inc. (the ""Company"") announced his decision to resign as Chief Financial O",,,,,,,,,
CAL-0321,8k_3.01,SGLY,0001422892,8-K,2026-05-20,3.01,0001213900-26-059436,https://www.sec.gov/Archives/edgar/data/1422892/000121390026059436/ea0291619-8k_singularity.htm,8k_items:3.01,text/0001213900-26-059436.txt,99816fb11dddca5869481137d2145ae761660d922ebe92ce86279eb6a574c2db,1382,0,"Item 3.01. Notice of Delisting or Failure to Satisfy a Continued Listing Rule or Standard; Transfer of Listing. As previously disclosed, on November 19, 2025, Singularity Future Technology Ltd. (the ""Company"") received a staff determination notice (the ""Notice"") from the Listing Qualifications Department of The Nasdaq ",,,,,,,,,
CAL-0322,8k_8.01,LRHC,0001879403,8-K,2025-05-07,"2.02,8.01,9.01",0001213900-25-040624,https://www.sec.gov/Archives/edgar/data/1879403/000121390025040624/ea0241215-8k_larosa.htm,8k_items:8.01,text/0001213900-25-040624.txt,bad02525d4888fdb515a68de34dab1be932ab5e3e8ca081e4a2c259c1f835a58,1396,0,"Item 2.02 Results of Operations and Financial Condition. On May 7, 2025, La Rosa Holdings Corp., a Nevada corporation (the ""Company""), issued a press release announcing certain first quarter financial results of two of its offices: BF Prime, LLC (""BF Prime""), its wholly-owned subsidiary in Carolina, Puerto Rico, and of",,,,,,,,,
CAL-0323,8k_5.03,FFAI,0001805521,8-K,2025-08-08,"1.01,3.02,3.03,5.03,9.01",0001213900-25-073692,https://www.sec.gov/Archives/edgar/data/1805521/000121390025073692/ea0252410-8k_faraday.htm,8k_items:1.01+3.02+5.03,text/0001213900-25-073692.txt,a52f66930e53f3738428e70a66219c7f7fd8855290f84d7190c6ccab180248c5,3508,0,"Item 1.01 Entry into a Material Definitive Agreement. Purchase Agreement On August 5, 2025, Faraday Future Intelligent Electric Inc. (the ""Company"") entered into a Purchase Agreement (the ""Purchase Agreement"") with Matthias Aydt (the ""Purchaser""), pursuant to which the Company agreed to issue and sell one (1) share of ",,,,,,,,,
CAL-0324,8k_5.03,BCHT,0000728385,8-K,2026-07-28,"3.03,5.03,5.07,9.01",0001477932-26-004563,https://www.sec.gov/Archives/edgar/data/728385/000147793226004563/meec_8k.htm,8k_items:5.03,text/0001477932-26-004563.txt,43acf5988403e2fe5776f2fec5e676b4bd62594d18456fdad03d86e793beba01,1845,0,"Item 3.03 Material Modification to Rights of Security Holders. To the extent required by Item 3.03 of Form 8-K, the information contained in Item 5.03 of this Current Report on Form 8-K is incorporated herein by reference. Item 5.03 Amendments to Articles of Incorporation or Bylaws; Change in Fiscal Year. At the 2026 A",,,,,,,,,
CAL-0325,8k_5.03,VRME,0001104038,8-K,2025-07-11,"5.02,5.03,9.01",0001214659-25-010285,https://www.sec.gov/Archives/edgar/data/1104038/000121465925010285/o7102538k.htm,8k_items:5.03,text/0001214659-25-010285.txt,e5b2206d2b6a87e76af8e47c866f2cfd5613cab091251dd22517b001f8b793e4,1743,0,"Item 5.02 Departure of Directors or Certain Officers; Election of Directors; Appointment of Certain Officers; Compensatory Arrangements of Certain Officers. Effective as of July 8, 2025, Jennifer Cola was appointed as the Chief Financial Officer of VerifyMe, Inc. (the ""Company""). Prior to her appointment as Chief Finan",,,,,,,,,
CAL-0326,8k_5.03,ADVB,0001941029,8-K,2026-02-26,"3.03,5.03,8.01,9.01",0001213900-26-020807,https://www.sec.gov/Archives/edgar/data/1941029/000121390026020807/ea0278448-8k_advanced.htm,8k_items:5.03+8.01,text/0001213900-26-020807.txt,86cf299f01f781a741ec73d0cdd927475a46bcee8940051153bddeb95034400f,1593,0,"Item 3.03 Material Modifications to Rights of Security Holders. To the extent required by Item 3.03, the disclosure set forth in Item 5.03 is incorporated herein by reference. Item 5.03 Amendments to Articles of Incorporation or Bylaws; Change in Fiscal Year. On February 3, 2026, Advanced Biomed Inc. (the ""Company"") fi",,,,,,,,,
CAL-0327,S-3,AURE,0001765850,F-3,2025-10-20,,0001213900-25-100102,https://www.sec.gov/Archives/edgar/data/1765850/000121390025100102/ea0261042-f3_prestige.htm,shelf,text/0001213900-25-100102.txt,56bd66bd99ba943881042092bca4d1747196d4c4e5d4e219979cf0d25c338566,30000,1,"Item 3. Key Information — 3.D. Risk Factors"" in the 2024 Annual Report, which is incorporated in this prospectus by reference. Foreign Private Issuer Status We are incorporated in the Cayman Islands, and more than 50 percent of our outstanding voting securities are not directly or indirectly held by residents of the Un",,,,,,,,,
CAL-0328,8k_3.01,BRLS,0001852973,8-K,2026-07-08,"3.01,9.01",0001213900-26-076374,https://www.sec.gov/Archives/edgar/data/1852973/000121390026076374/ea0297400-8k_borealis.htm,8k_items:3.01,text/0001213900-26-076374.txt,acc179f74b2f252a457f15c9ca8dbd0ae89fc0d39aa0cb83d1874ff293031b19,2189,0,"Item 3.01 Notice of Delisting or Failure to Satisfy a Continued Listing Rule or Standard; Transfer of Listing. On July 2, 2026, Borealis Foods Inc. (the ""Company"") received a notice (the ""Notice"") from The Nasdaq Stock Market LLC (""Nasdaq"") indicating that, based on the Company's Market Value of Listed Securities (""MVL",,,,,,,,,
CAL-0329,8k_3.01,SCKT,0000944075,8-K,2026-05-20,3.01,0000944075-26-000041,https://www.sec.gov/Archives/edgar/data/944075/000094407526000041/form-8k0519.htm,8k_items:3.01,text/0000944075-26-000041.txt,65251ccaac1fd1a0051b9d803131af096156ea7223271400d5d3c2ce7b80cf90,1658,0,"Item 3.01 Notice of Delisting or Failure to Satisfy a Continued Listing Rule or Standard; Transfer of Listing On May 19, 2026, Socket Mobile, Inc. (the ""Company"") received a notice (the ""Deficiency Letter"") from the Listing Qualifications Department of The Nasdaq Stock Market LLC (""Nasdaq"") stating that the Company is ",,,,,,,,,
CAL-0330,8k_8.01,ACTU,0001652935,8-K,2025-06-02,"7.01,8.01,9.01",0001683168-25-004117,https://www.sec.gov/Archives/edgar/data/1652935/000168316825004117/actuate_8k.htm,8k_items:8.01,text/0001683168-25-004117.txt,a60ed4c1dc921feca08722b82e4dd914c6058588e5d79f92594a28f06030842f,3878,0,"Item 7.01 Regulation FD Disclosure. On May 31, 2025, Actuate Therapeutics, Inc. (the ""Company"") highlighted its topline Phase 2 (Actuate-1801 Part 3B) data of elraglusib in combination with gemcitabine/nab-paclitaxel (""GnP"") in first-line treatment of metastatic pancreatic cancer (""mPDAC"") in a presentation at the Amer",,,,,,,,,
CAL-0331,8k_8.01,INAB,0001740279,8-K,2025-11-24,8.01,0001193125-25-292057,https://www.sec.gov/Archives/edgar/data/1740279/000119312525292057/d11812d8k.htm,8k_items:8.01,text/0001193125-25-292057.txt,d14f80529082c60878e7efe289e2093300844098ff184ec85de68d780d27aafa,1181,0,"Item 8.01 Other Events. IN8bio, Inc. (the ""Company"") presented consolidated data, a summary of which is located below, from its investigator-sponsored Phase 1 single-center clinical trial of INB-200 and its Company-sponsored Phase 2 multi-center clinical trial of INB-400 for the treatment of patients with newly diagnos",,,,,,,,,
CAL-0332,8k_1.01,OLOX,0001023994,8-K,2025-10-01,"1.01,2.03,9.01",0001213900-25-094402,https://www.sec.gov/Archives/edgar/data/1023994/000121390025094402/ea0259653-8k_safe.htm,8k_items:1.01,text/0001213900-25-094402.txt,45e5b55ad8b52f5a6501180b843ee5ff02cdba5df5f2b6b034730fb0129a6e7a,1614,0,"Item 1.01 Entry into a Material Definitive Agreement. On September 25, 2025, Olenox Corp (""Olenox""), a wholly owned subsidiary of Safe & Green Holdings Corp. (the ""Company""), entered into a Purchase Agreement with Charles E Webb Jr Family Partnership LTD (the ""Seller""), pursuant to which Olenox will purchase certain re",,,,,,,,,
CAL-0333,8k_5.03,AIFA,0001708341,8-K,2026-05-11,"3.01,5.03,7.01,9.01",0001213900-26-054565,https://www.sec.gov/Archives/edgar/data/1708341/000121390026054565/ea0290063-8k_allied.htm,8k_items:3.01+5.03,text/0001213900-26-054565.txt,6cacaf1908821e6ef41820649b50aa03c665688b117097d5477b46498db68554,2923,0,"Item 3.01 Notice of Delisting or Failure to Satisfy a Continued Listing Rule or Standard; Transfer of Listing. On May 6, 2026, Allied Gaming & Entertainment Inc. (the ""Company"") received a notice (the ""Notice"") from the staff of The Nasdaq Stock Market (""Staff"") notifying the Company that the Staff has determined that ",,,,,,,,,
CAL-0334,8k_3.01,BOXL,0001624512,8-K,2025-06-12,"3.01,5.02,9.01",0001628280-25-031004,https://www.sec.gov/Archives/edgar/data/1624512/000162828025031004/boxl-20250606.htm,8k_items:3.01,text/0001628280-25-031004.txt,0a35dcd0012776c035b18708f8b639a34e9f387e46382f79da2b6f865668c446,1445,0,"Item 5.02 Departure of Directors or Certain Officers; Election of Directors; Appointment of Certain Officers; Compensatory Arrangements of Certain Officers. On June 6, 2025, Charles P. Amos resigned as a director of Boxlight Corporation (the ""Company""). The Company is grateful for Mr. Amos's service. Item 3.01 Notice o",,,,,,,,,
CAL-0335,8k_3.01,DAIC,0002033770,8-K,2026-09-01,"3.01,7.01,9.01",0001213900-26-096294,https://www.sec.gov/Archives/edgar/data/2033770/000121390026096294/ea030431201-8k_cidholdco.htm,8k_items:3.01,text/0001213900-26-096294.txt,3677ef3cf60ceb98b94ed0df81ffb0c28bc6721e1f10c2ea5d5a1e4a739694be,2383,0,"Item 3.01. Notice of Delisting or Failure to Satisfy a Continued Listing Rule or Standard; Transfer of Listing. On August 27, 2026, CID HoldCo, Inc., a Delaware corporation (the ""Company""), received a written notification (the ""Additional Staff Determination"") from the Listing Qualifications Department of The Nasdaq St",,,,,,,,,
CAL-0336,8k_3.01,FFAI,0001805521,8-K,2026-03-20,3.01,0001213900-26-032437,https://www.sec.gov/Archives/edgar/data/1805521/000121390026032437/ea0282876-8k_faraday.htm,8k_items:3.01,text/0001213900-26-032437.txt,f231910da948177ee01fa93d9b7091dfbe26e4d0b80889ec317eb6d276cd6f3d,2309,0,"Item 3.01 Notice of Delisting or Failure to Satisfy a Continued Listing Rule or Standard; Transfer of Listing. On March 20, 2026, Faraday Future Intelligent Electric Inc. (NASDAQ: FFAI) (the ""Company"") received written notice from the Nasdaq Stock Market LLC (""Nasdaq"") stating that the Company has failed to maintain a ",,,,,,,,,
CAL-0337,8k_3.01,FIRY,0001801661,8-K,2025-10-01,3.01,0001801661-25-000037,https://www.sec.gov/Archives/edgar/data/1801661/000180166125000037/sklz-20250925.htm,8k_items:3.01,text/0001801661-25-000037.txt,7361b9df9864caf9cb9ba718f9a7ef4c69c7b3a842e3118cbba6bc02905fc317,2220,0,"Item 3.01. Notice of Delisting or Failure to Satisfy a Continued Listing Rule or Standard; Transfer of Listing As previously disclosed, on April 2, 2025, Skillz Inc. (the ""Company"") received a notice from the New York Stock Exchange (""NYSE"") indicating that the Company was not in compliance with the NYSE's continued li",,,,,,,,,
CAL-0338,8k_3.02,REED,0001140215,8-K,2025-01-06,"1.01,3.02,8.01,9.01",0001493152-25-001065,https://www.sec.gov/Archives/edgar/data/1140215/000149315225001065/form8-k.htm,8k_items:1.01+3.02+8.01,text/0001493152-25-001065.txt,8ffcf2d405bfbfb21f82bd27da3bfcf95a8d685f8160f0c776494e475795604b,1514,0,"Item 1.01 Entry Into a Material Definitive Agreement. On December 30, 2024, pursuant to a securities purchase agreement of even date, Reed's, Inc., a Delaware corporation (""Reed's"" or the ""company"") issued and sold an aggregate of 14,705,882 shares of common stock, $0.0001 par value per share, to accredited investors f",,,,,,,,,
CAL-0339,8k_5.03,CYCU,0001868419,8-K,2025-02-14,"1.01,3.01,3.02,3.03,5.01,5.02,5.03,5.05,5.06,7.01,9.01",0001104659-25-014270,https://www.sec.gov/Archives/edgar/data/1868419/000110465925014270/tm256112d1_8k.htm,8k_items:1.01+3.01+3.02+5.03,text/0001104659-25-014270.txt,2f4108eac44aa9e58de4c28c52123761dea4812f75fc56878ab54c20f03ffdf0,23460,0,"Item 1.01 Entry into Material Definitive Agreement. Merger Agreement As previously disclosed, on January 24, 2025, Western held the Special Meeting, at which the Western stockholders considered and adopted, among other matters, a proposal to approve the Business Combination. On the Closing Date, the parties completed t",,,,,,,,,
CAL-0340,8k_5.03,VIVK,0001450704,8-K,2026-03-27,"5.03,7.01,8.01,9.01",0001829126-26-002808,https://www.sec.gov/Archives/edgar/data/1450704/000182912626002808/vivakorinc_8k.htm,8k_items:5.03+8.01,text/0001829126-26-002808.txt,3a4ba664993fc013b9094b180608144b163e45e658a3019777ae360fc949b4b9,1617,0,"Item 5.03 Amendment to Articles of Incorporation or Bylaws; Change in Fiscal Year On March 24, 2026, a Certificate of Amendment (the ""Amendment to Articles"") to Vivakor, Inc.'s (the ""Company"") Amended and Restated Articles of Incorporation, as amended, went effective with FINRA and OTC Markets, which implemented a 1-fo",,,,,,,,,
CAL-0341,8k_3.01,AIFA,0001708341,8-K,2025-01-28,3.01,0000929638-25-000409,https://www.sec.gov/Archives/edgar/data/1708341/000092963825000409/a8k.htm,8k_items:3.01,text/0000929638-25-000409.txt,74b61092975650b84ad4944244ce74d58f44cfc5d954b565ea1012f8660bf38a,1198,0,"Item 3.01 Notice of Delisting or Failure to Satisfy a Continued Listing Rule or Standard; Transfer of Listing. On January 22, 2025, Allied Gaming & Entertainment Inc. (the ""Company"") received a deficiency letter from the Listing Qualifications Department (the ""Staff"") of the Nasdaq Stock Market (""Nasdaq"") notifying the",,,,,,,,,
CAL-0342,424B,ZSTK,0001790169,424B5,2025-09-29,,0001062993-25-015843,https://www.sec.gov/Archives/edgar/data/1790169/000106299325015843/form424b5.htm,offering,text/0001062993-25-015843.txt,c317ae84e23f84816dd5bb4fbbc2dc6af7c75545d6b7742023bfecaa98571a38,30000,1,"Item 1A, ""Risk Factors"" included in our Annual Report on Form 10-K for the fiscal year ended December 31, 2024, as well as described from time to time in our other filings with the SEC. Given the foregoing risks and uncertainties, you are cautioned not to place undue reliance on the forward-looking statements in this p",,,,,,,,,
CAL-0343,8k_5.03,ATER,0001757715,8-K,2026-07-20,"1.01,1.02,2.01,3.02,3.03,5.01,5.02,5.03,5.07,8.01,9.01",0001437749-26-023879,https://www.sec.gov/Archives/edgar/data/1757715/000143774926023879/ater20260718_8k.htm,8k_items:1.01+3.02+5.03+8.01,text/0001437749-26-023879.txt,d4f2614ff0a8ac7b8ad3f44793fd17bc0db016024bb6cf455f687e00f08b406b,8261,0,"Item 1.01. Entry into a Material Definitive Agreement. As previously disclosed by Aterian, Inc. (the ""Company"" or ""Aterian""), on June 25, 2026 and in connection with the Aterian Transactions (as defined below), the Board of Directors of the Company (the ""Board"") declared a dividend (the ""Dividend"") in the form of conti",,,,,,,,,
CAL-0344,8k_3.02,PSQH,0001847064,8-K,2026-08-14,"1.01,3.02,9.01",0001104659-26-097142,https://www.sec.gov/Archives/edgar/data/1847064/000110465926097142/tm2623216d1_8k.htm,8k_items:1.01+3.02,text/0001104659-26-097142.txt,de4043cc6ae3d7ef4e9ce36cb887f223413ec7977ba6ee790c9e0ec1f6c5bc13,2702,0,"Item 1.01. Entry into a Material Definitive Agreement. On August 13, 2026, PSQ Holdings, Inc. (the ""Company"") entered into a securities purchase agreement (the ""Purchase Agreement"") with the Davis Pilot III, Donald J. Trump, Jr., Blake Master, Willie Langston, James Celli and Caitlin Long (or entities affiliated with s",,,,,,,,,
CAL-0345,8k_1.01,EDBL,0001809750,8-K,2026-06-12,"1.01,2.03,9.01",0001477932-26-003846,https://www.sec.gov/Archives/edgar/data/1809750/000147793226003846/edbl_8k.htm,8k_items:1.01,text/0001477932-26-003846.txt,83c53a4f3ca1821f67dad1f241cd8138bd3d55ee7fbd8f4396fcab91e47a5241,2111,0,"Item 1.01 Entry into a Material Definitive Agreement On June 12, 2026, Edible Garden AG Incorporated (the ""Company"") entered into a Notes Purchase Agreement (the ""Note Purchase Agreement"") with Streeterville Capital, LLC (the ""Investor""), pursuant to which the Company agreed to issue and sell to the Investor (i) a Prom",,,,,,,,,
CAL-0346,424B,CRMT,0000799850,424B3,2026-03-16,,0001104659-26-027989,https://www.sec.gov/Archives/edgar/data/799850/000110465926027989/tm268838d1_424b3.htm,offering,text/0001104659-26-027989.txt,b8f2e556032140c8611b1d3017c000fcb79a5ade0472ffb05d8570a529eb818a,30000,1,"Item 1. Financial Statements 4 Condensed Consolidated Balance Sheets (Unaudited) – January 31, 2026 and April 30, 2025 4 Condensed Consolidated Statements of Operations (Unaudited) – Three and Nine Months Ended January 31, 2026 and 2025 5 Condensed Consolidated Statements of Cash Flows (Unaudited) – Nine Months Ended J",,,,,,,,,
CAL-0347,8k_5.03,EXOD,0001821534,8-K,2025-12-10,"1.01,3.03,5.03,9.01",0001193125-25-314369,https://www.sec.gov/Archives/edgar/data/1821534/000119312525314369/exod-20251208.htm,8k_items:1.01+5.03,text/0001193125-25-314369.txt,9666e7c81ca36ff5e46481b119608f209b83ed2071e55dd7b3247dbc37621f64,2685,0,"Item 1.01 Entry into a Material Definitive Agreement. Indemnification Agreements Exodus Movement, Inc. (the ""Company"") entered into indemnification agreements with each of its directors and executive officers (collectively, the ""Indemnitees"" and, the ""Indemnification Agreements""), effective as of December 8, 2025, whic",,,,,,,,,
CAL-0348,S-3,BIYA,0001944712,F-1,2026-03-20,,0001213900-26-032455,https://www.sec.gov/Archives/edgar/data/1944712/000121390026032455/ea0282470-f1_baiyainter.htm,shelf,text/0001213900-26-032455.txt,781c3b0a8a05e7ef4600929ed200da7006b51817d1dbfe55e08a0ca51f4478ca,30000,1,"Item 7 of Part II of the accompanying registration statement does not give effect to the Reverse Stock Split. On January 30, 2026, a separate Registration Statement on Form F-1 became effective, related to a resale of up to 4,000,000 Ordinary Shares. The selling shareholders in the January transaction, Victoria Harbour",,,,,,,,,
CAL-0349,8k_5.03,GTBP,0000109657,8-K,2026-09-03,"3.03,5.03,8.01,9.01",0001493152-26-041333,https://www.sec.gov/Archives/edgar/data/109657/000149315226041333/form8-k.htm,8k_items:5.03+8.01,text/0001493152-26-041333.txt,22a9d0043235842dd8b194bd6a9f2e3c73b5657b8c3750df204a1a753d0aaaf2,3665,0,"Item 3.03. Material Modifications to Rights of Security Holders. To the extent required by Item 3.03 of Form 8-K, the information contained in Item 5.03 of this Current Report on Form 8-K is incorporated herein by reference. Item 5.03. Amendments to Articles of Incorporation or Bylaws; Change in Fiscal Year. Certificat",,,,,,,,,
CAL-0350,8k_3.02,BJDX,0001704287,8-K,2025-04-09,"1.01,3.02,8.01,9.01",0001213900-25-030312,https://www.sec.gov/Archives/edgar/data/1704287/000121390025030312/ea0237671-8k_bluejay.htm,8k_items:1.01+3.02+8.01,text/0001213900-25-030312.txt,a590729b750b272011c61353190eff1cccf4b01944f04977a53bbef5616ee1cb,1874,0,"Item 1.01 Entry into a Material Definitive Agreement. On April 7, 2025, Bluejay Diagnostics, Inc. (the ""Company""), entered into inducement letter agreements (the ""Inducement Letter Agreements"") with certain existing holders (the ""Holders"") of the Company's existing Class C warrants, pursuant to which such Holders agree",,,,,,,,,
CAL-0351,424B,GWH,0001819438,424B5,2025-11-13,,0001628280-25-052031,https://www.sec.gov/Archives/edgar/data/1819438/000162828025052031/essinc-424b5november2025.htm,offering,text/0001628280-25-052031.txt,d03ca2c273371ac80c94eabded53dd4757b9e7ef91f2002df132ecafaf1899ab,30000,1,Item 2.02 or Item 7.01 of Form 8-K or related exhibits furnished pursuant to Item 9.01 of Form 8-K. Any statements in any such future filings will automatically be deemed to modify and supersede any information in any document we previously filed with the SEC that is incorporated or deemed to be incorporated herein by ,,,,,,,,,
CAL-0352,424B,MOBX,0001855467,424B5,2025-10-21,,0001493152-25-018797,https://www.sec.gov/Archives/edgar/data/1855467/000149315225018797/form424b5.htm,offering,text/0001493152-25-018797.txt,010bab6284bad1607ee38c7335b8e7870e0bd5c8e68565de553a24cbf9230392,30000,1,"Item 9.01 related thereto). SEC Filing Period Covered or Date of Filing Annual Report on Form 10-K Year Ended September 30, 2024. Quarterly Reports on Form 10-Q Quarter ended December 31, 2024; Quarter ended March 31, 2025 and Quarter ended June 30, 2025. Amendment No. 1 to Registration Statement on Form S-1 (File No. ",,,,,,,,,
CAL-0353,424B,MOBX,0001855467,424B3,2025-01-13,,0001493152-25-001820,https://www.sec.gov/Archives/edgar/data/1855467/000149315225001820/form424b3.htm,offering,text/0001493152-25-001820.txt,8478bb33023ff86c3a829e34b05d0da824653dd9001a94f0ea5baf88617672dc,2003,0,"Item 5.07 Submission of Matters to a Vote of Security Holders On January 3, 2025, Mobix Labs, Inc. (the ""Company"") held a Special Meeting of Stockholders (the ""Meeting"") to vote on five proposals, as described in the definitive proxy statement filed by the Company with the SEC on December 18, 2024 (the ""Proxy Statement",,,,,,,,,
CAL-0354,8k_5.03,ATER,0001757715,8-K,2026-04-29,"1.01,3.02,3.03,5.02,5.03,7.01,9.01",0001437749-26-013884,https://www.sec.gov/Archives/edgar/data/1757715/000143774926013884/ater20260427_8k.htm,8k_items:1.01+3.02+5.03,text/0001437749-26-013884.txt,ff0b3ec888d9e9a1ddc633441240e5fd901892927c2aab32a4833f1f138c2976,10113,0,"Item 1.01. Entry into a Material Definitive Agreement. Asset Purchase Agreement On April 27, 2026, Aterian, Inc. (the ""Company"" or ""Aterian"") and Trademark Global, LLC (""Trademark Global"") entered into an Asset Purchase Agreement (the ""Asset Purchase Agreement""), pursuant to which Trademark Global has agreed to acquire",,,,,,,,,
CAL-0355,424B,TNON,0001560293,424B4,2026-06-30,,0001213900-26-073848,https://www.sec.gov/Archives/edgar/data/1560293/000121390026073848/ea0296419-424b4_tenon.htm,offering,text/0001213900-26-073848.txt,ce840e97bd6d8b660e0b641b44f01c01a839cc6bfce39ce8248b536fff15afd9,30000,1,"Item 1A, Risk Factors in our most recent Annual Report on Form 10-K and in the other documents that we include or incorporate by reference into this prospectus. We are, however, liable for the information in the prospectus related to the market and industry data. ii PROSPECTUS SUMMARY This summary highlights selected i",,,,,,,,,
CAL-0356,424B,NCPL,0001414767,424B5,2025-06-23,,0001641172-25-016008,https://www.sec.gov/Archives/edgar/data/1414767/000164117225016008/form424b5.htm,offering,text/0001641172-25-016008.txt,b75f3f45f71ae351ceeda5585df37c91c80b964d148c6971a6db9d610e2d0bb2,1136,0,"424B5 1 form424b5.htm 424B5 Filed Pursuant to Rule 424(b)(5) Registration No. 333-267921 PROSPECTUS SUPPLEMENT (To Prospectus Dated October 26, 2022) Up to $975,000 Common Stock Netcapital Inc. This prospectus supplement amends and supplements the information in the prospectus, dated October 26, 2022, filed as a part o",,,,,,,,,
CAL-0357,8k_1.01,SLE,0001621672,8-K,2026-03-20,"1.01,7.01,9.01",0001437749-26-009204,https://www.sec.gov/Archives/edgar/data/1621672/000143774926009204/slgg20260317_8k.htm,8k_items:1.01,text/0001437749-26-009204.txt,df254b1428b7dd130a4a11482cd4167cfd0b199ff68e5c4aca69ee4ba43adab3,6874,0,"Item 1.01 Entry into a Material Definitive Agreement. Entry into Asset Purchase Agreement On March 16, 2026, Super League Enterprise, Inc. (the ""Company""), entered into an Asset Purchase Agreement (the ""Purchase Agreement"") with Esports Now, LLC (""Misfits""), pursuant to which Misfits has agreed to sell certain assets s",,,,,,,,,
CAL-0358,S-3,CNEY,0001780785,F-3/A,2026-03-13,,0001477932-26-001331,https://www.sec.gov/Archives/edgar/data/1780785/000147793226001331/cney_f3a.htm,shelf,text/0001477932-26-001331.txt,9a31b5a591edf55e14822135edccdeb860f0c1ed0cecd1e09fea349a915d8c65,30000,1,"Item 3. Key Information—D. Risk Factors—Risks Relating to Doing Business in the PRC— Any actions by the Chinese government, including any decision to intervene or influence the operating entities' operations or to exert control over any offering of securities conducted overseas and/or foreign investment in China-based ",,,,,,,,,
CAL-0359,8k_5.03,KIDZ,0002022308,8-K,2025-04-10,"1.01,1.02,2.01,3.02,3.03,5.01,5.02,5.03,5.06,9.01",0001929980-25-000257,https://www.sec.gov/Archives/edgar/data/2022308/000192998025000257/class_8k.htm,8k_items:1.01+3.02+5.03,text/0001929980-25-000257.txt,f3f6e92ca37c66a2c4a8c8346baefbe368e4c23cca6984957d4fbe831153b357,19881,0,"Item 1.01 Entry into a Material Definitive Agreement The information set forth in the Introductory Note of this Current Report on Form 8-K is incorporated herein by reference. Executive Employment Agreements On the Closing Date, Ms. Hui Luo, the founder and Chief Executive Officer of Class Over, entered into an employm",,,,,,,,,
CAL-0360,8k_3.01,BIAF,0001712762,8-K,2026-07-31,3.01,0001493152-26-035672,https://www.sec.gov/Archives/edgar/data/1712762/000149315226035672/form8-k.htm,8k_items:3.01,text/0001493152-26-035672.txt,7528bea6445725addc0274d640553b8b38f3fe274f7614aa5139e87de744ef0c,1804,0,"Item 3.01. Notice of Delisting or Failure to Satisfy a Continued Listing Rule or Standard; Transfer of Listing. On July 30, 2026, bioAffinity Technologies, Inc., a Delaware corporation (the ""Company"") received written notice (the ""Staff Determination"") from the Listing Qualifications Department of The Nasdaq Stock Mark",,,,,,,,,
CAL-0361,8k_8.01,TRUG,0001857086,8-K,2026-01-13,8.01,0001493152-26-001958,https://www.sec.gov/Archives/edgar/data/1857086/000149315226001958/form8-k.htm,8k_items:8.01,text/0001493152-26-001958.txt,3388b6b237ea049365721ae79aca33983a444724e083d4920b2ff7b509704c86,988,0,"Item 8.01 Other Events TruGolf Holdings, Inc. (the ""Company"") has set the date of its annual meeting for February 17, 2026. At the annual meeting, the Company intends to seek shareholder approval: (i) to re-elect the five members of its Board of Directors; (ii) to ratify the appointment of Haynie & Company as the Compa",,,,,,,,,
CAL-0362,8k_5.03,DRIO,0001533998,8-K,2025-05-29,"1.01,3.02,3.03,5.03,9.01",0001104659-25-054236,https://www.sec.gov/Archives/edgar/data/1533998/000110465925054236/tm2516457d1_8k.htm,8k_items:1.01+3.02+5.03,text/0001104659-25-054236.txt,8fe6456b7b2eafb0cc2abfc83893bae386dcb0854b7e44445bd8f3b63f37b7b5,2250,0,"Item 1.01 Entry into a Material Definitive Agreement. As previously reported on January 7, 2025, DarioHealth Corp. (the ""Company""), and certain holders of the Company's Series B Preferred Stock and Series C Preferred Stock, executed lock up agreements (the ""Lock Up Agreement""), pursuant to which the Company agreed to i",,,,,,,,,
CAL-0363,424B,VCIG,0001930510,424B5,2026-08-25,,0001213900-26-093159,https://www.sec.gov/Archives/edgar/data/1930510/000121390026093159/ea030323303-424b5_vciglobal.htm,offering,text/0001213900-26-093159.txt,05ca773cfa75b532f332bb790da633e70ae06e22807d9b8c59b8fb88427f2a55,931,0,"424B5 1 ea030323303-424b5_vciglobal.htm PROSPECTUS SUPPLEMENT Filed Pursuant to Rule 424(b)(5) Registration Statement No. 333-279521 Prospectus Supplement (To Prospectus dated May 28, 2024) 63,986 Ordinary Shares This prospectus supplement (the ""Prospectus Supplement"") amends and supplements the prospectus supplement d",,,,,,,,,
CAL-0364,8k_3.02,ADVB,0001941029,8-K/A,2026-02-10,3.02,0001213900-26-014247,https://www.sec.gov/Archives/edgar/data/1941029/000121390026014247/ea0276298-8ka1_advanced.htm,8k_items:3.02,text/0001213900-26-014247.txt,52a54d40f6f6fdd1490cf732173421f0c1da24826eb94188bcdbc1bf1ebc44d0,1302,0,"Item 3.02 Unregistered Sales of Equity Securities. Pursuant to Section 13.04(b) of the Agreement, on January 30, 2026, the Company issued 1,650,710 shares of Common Stock to the Investor as the consideration for its commitment under the Agreement, with an aggregate value of $500,000 at the time of issuance (the ""Commit",,,,,,,,,
CAL-0365,8k_1.01,XHLD,0002030954,8-K,2025-02-21,"1.01,7.01,9.01",0001493152-25-007870,https://www.sec.gov/Archives/edgar/data/2030954/000149315225007870/form8-k.htm,8k_items:1.01,text/0001493152-25-007870.txt,dec49422fd7c6c72219d03edb9a878383c2d5287f263df871cf94f2f949eb995,1805,0,"Item 1.01 Entry Into a Material Definitive Agreement On February 12, 2025, TEN Holdings, Inc. (the ""Company"") entered into an underwriting agreement (the ""Underwriting Agreement"") with Bancroft Capital, LLC, as representative of the underwriters listed on Schedule I thereto (the ""Representative""), relating to the Compa",,,,,,,,,
CAL-0366,8k_3.01,YYAI,0001674440,8-K,2025-07-15,3.01,0001641172-25-019713,https://www.sec.gov/Archives/edgar/data/1674440/000164117225019713/form8-k.htm,8k_items:3.01,text/0001641172-25-019713.txt,2dd52db3633b61a668ab85ba59b12da09f0c3616dff17721fa5888d43b285996,1819,0,"Item 3.01 Notice of Delisting or Failure to Satisfy a Continued Listing Rule or Standard; Transfer of Listing. On July 9, 2025, Connexa Sports Technologies Inc. (the ""Company"") received a letter (the ""Notice"") from the Listing Qualifications Department of The Nasdaq Stock Market LLC (""Nasdaq"") indicating that, as a res",,,,,,,,,
CAL-0367,8k_8.01,DFDV,0001805526,8-K,2025-07-08,"7.01,8.01,9.01",0001213900-25-061934,https://www.sec.gov/Archives/edgar/data/1805526/000121390025061934/ea0248311-8k_defi.htm,8k_items:8.01,text/0001213900-25-061934.txt,f7f8564526e5b86a51cab9ffa8c651205da7d912314685e17dc5e733a9274300,1496,0,"Item 7.01 Regulation FD Disclosure. Total Shares and Debt Principal Outstanding The Company will disclose on its website that the Company will have 17,402,299 total shares outstanding following the issuance of shares pursuant to the conversion of a portion of the April convertible debt and the exercise of the majority ",,,,,,,,,
CAL-0368,8k_1.01,OLOX,0001023994,8-K,2025-04-16,"1.01,8.01,9.01",0001213900-25-032574,https://www.sec.gov/Archives/edgar/data/1023994/000121390025032574/ea0238475-8k_safe.htm,8k_items:1.01+8.01,text/0001213900-25-032574.txt,26ae151be923b9dfb6ace494668109bf3c193c51e07b43a1217b6f0dfe70f286,2251,0,"Item 1.01. Entry into a Material Definitive Agreement. On April 14, 2025, Safe & Green Holdings Corp. (the ""Company"") consummated the previously announced private placement (the ""Private Placement"") pursuant to a securities purchase agreement (the ""Purchase Agreement"") with institutional investors (the ""Purchasers"") fo",,,,,,,,,
CAL-0369,424B,BIAF,0001712762,424B3,2025-09-18,,0001493152-25-014066,https://www.sec.gov/Archives/edgar/data/1712762/000149315225014066/form424b3.htm,offering,text/0001493152-25-014066.txt,9049c10267485c5f024b55f5d826ea3d99cfcde2876531b3e5b6fa1549f32d47,30000,1,"424B3 1 form424b3.htm 424B3 PROSPECTUS Filed Pursuant to 424(b)(3) Registration Statement No. 333-289944 bioAffinity Technologies, Inc. 32,495,628 Shares of Common Stock This prospectus relates to the resale from time to time of up to 32,495,628 shares of common stock, par value $0.007 per share (the ""Common Stock""), o",,,,,,,,,
CAL-0370,8k_5.03,JAGX,0001585608,8-K,2026-03-03,"5.03,9.01",0001193125-26-086882,https://www.sec.gov/Archives/edgar/data/1585608/000119312526086882/d236488d8k.htm,8k_items:5.03,text/0001193125-26-086882.txt,d2efbfc761b7c047e237e64aaffaef8e106434cf3434cc9b6b4a64ce819ffb36,4390,0,"Item 5.03 Amendments to Articles of Incorporation or Bylaws; Change in Fiscal Year. Series O Certificate of Designation As previously disclosed, on February 18, 2026, Jaguar Health, Inc. (the ""Company"") announced that its board of directors (the ""Board"") declared a special one-time dividend of one-tenth of one share of",,,,,,,,,
CAL-0371,424B,JZ,0001852440,424B5,2026-06-03,,0001213900-26-064571,https://www.sec.gov/Archives/edgar/data/1852440/000121390026064571/ea0293237-424b5_jianzhi.htm,offering,text/0001213900-26-064571.txt,cdf4525744ea3b96a0725efd98dd05f64c5cad756b6421cbdc5a64ba9c774794,30000,1,"Item 4. Information on the Company — B. Business Overview — Regulations — Regulations on Foreign Exchange and Offshore Investment"" and ""Item 4. Information on the Company — B. Business Overview — Regulations — Regulations on Dividend Distribution"" of our most recent Annual Report on Form 20-F, which is incorporated by ",,,,,,,,,
CAL-0372,8k_5.03,LRHC,0001879403,8-K,2026-04-20,"3.03,5.03,7.01,9.01",0001213900-26-045629,https://www.sec.gov/Archives/edgar/data/1879403/000121390026045629/ea0286556-8k_larosa.htm,8k_items:5.03,text/0001213900-26-045629.txt,c26fdb655c36e36f777c4ef1a74456053ec2b5a1262ac7d23e8c50fe3a16148f,2365,0,"Item 3.03 Material Modification to Rights of Security Holders. To the extent required by Item 3.03 of Form 8-K, the information contained in Item 5.03 of this Current Report on Form 8-K (this ""Current Report"") is incorporated herein by reference. Item 5.03 Amendment to Articles of Incorporation or Bylaws; Change in Fis",,,,,,,,,
CAL-0373,8k_1.01,OLOX,0001023994,8-K,2025-05-29,"1.01,7.01,9.01",0001213900-25-048548,https://www.sec.gov/Archives/edgar/data/1023994/000121390025048548/ea0243768-8k_safe.htm,8k_items:1.01,text/0001213900-25-048548.txt,f2ca52ed6e4102181357a562788199e452073274b27e2e18117702918d786ba0,2025,0,"Item 1.01 Entry into a Material Definitive Agreement. On May 28, 2025, Safe & Green Holdings Corp. (""the Company"") entered into an asset purchase agreement (the ""Asset Purchase Agreement"") with Sherman Oil Company LLC and its affiliates (""Sherman Oil""), pursuant to which the Company will acquire approximately 1,600 acr",,,,,,,,,
CAL-0374,8k_8.01,MEDS,0002030763,8-K,2026-05-18,8.01,0001493152-26-024058,https://www.sec.gov/Archives/edgar/data/2030763/000149315226024058/form8-k.htm,8k_items:8.01,text/0001493152-26-024058.txt,2cab107954261e0e8f5a2243c0fa87b4b1627398f90a04e422a9af92b55294ba,992,0,"Item 8.01 Other Events. On May 18, 2026, Wellgistics Health, Inc. (the ""Company"") filed correspondence with the Securities and Exchange Commission requesting withdrawal of the Company's Preliminary Proxy Statement on Schedule 14A previously filed with the Securities and Exchange Commission on May 14, 2026, which supers",,,,,,,,,
CAL-0375,8k_8.01,DFNS,0001787518,8-K,2026-04-07,8.01,0001213900-26-040713,https://www.sec.gov/Archives/edgar/data/1787518/000121390026040713/ea0285359-8k_t3defense.htm,8k_items:8.01,text/0001213900-26-040713.txt,4a3ddafb361729416024baca93555981dda635d5abd19d7c78d0c87331ca21c2,1933,0,"Item 8.01 Other Events. On March 31, 2026, SC II Acquisition Corp., a Cayman Islands exempted company (the ""Company""), entered into a non-binding letter of intent (the ""LOI"") with a payments technology company (the ""Target""), which outlines the general terms and conditions of a potential business combination (the ""Prop",,,,,,,,,
CAL-0376,8k_8.01,GAME,0001714562,8-K,2025-07-07,8.01,0001641172-25-018028,https://www.sec.gov/Archives/edgar/data/1714562/000164117225018028/form8-k.htm,8k_items:8.01,text/0001641172-25-018028.txt,a81c215760c493d85d89c8d05b9f4372b0dc87631c95fc3f7f26aa5eb36ad07f,1044,0,"Item 8.01 Other Events On July 7, 2025, GameSquare Holdings, Inc. (""GameSquare"" or the ""Company"") delivered notice to ThinkEquity LLC (the ""Agent"") that it was suspending and terminating the prospectus supplement, dated June 27, 2025, related to the Company's common stock, $0.0001 par value per share (the ""ATM Prospect",,,,,,,,,
CAL-0377,8k_8.01,CTOR,0001851484,8-K,2025-06-17,"8.01,9.01",0001213900-25-055182,https://www.sec.gov/Archives/edgar/data/1851484/000121390025055182/ea0245933-8k_citius.htm,8k_items:8.01,text/0001213900-25-055182.txt,8fa4f77a3f8449d4e1b11c7dedf22d5d5c8384be217fd40eb7bd339e0f9bd27d,897,0,"Item 8.01 Other Events. On June 17, 2025, Citius Oncology, Inc. issued a press release announcing that preparations for the commercial launch of LYMPHIR™, an FDA-approved immunotherapy for the treatment of adults with relapsed or refractory cutaneous T-cell lymphoma (CTCL), are nearing completion. A copy of the press r",,,,,,,,,
CAL-0378,8k_1.01,SLSN,0000883107,8-K,2025-11-06,"1.01,9.01",0001999371-25-017120,https://www.sec.gov/Archives/edgar/data/883107/000199937125017120/slsn-8k_110625.htm,8k_items:1.01,text/0001999371-25-017120.txt,a09f839bd110c772eadc7a616d7b8cf25443abc8dbcd7cd5e0a73e485c17ce5d,1114,0,"Item 1.01 Entry into a Material Definitive Agreement. On October 31, 2025, Solésence, Inc. and its subsidiary Solésence, LLC (collectively, ""Solésence"") entered into a Confidential Settlement Agreement and Release (the ""Settlement Agreement"") with Solarium Brands, LLC and A-Frame Brands, LLC (collectively, ""Solarium"").",,,,,,,,,
CAL-0379,8k_5.03,NTHI,0001979414,8-K,2025-03-27,"5.03,8.01,9.01",0001829126-25-002097,https://www.sec.gov/Archives/edgar/data/1979414/000182912625002097/neonctechnologies_8k.htm,8k_items:5.03+8.01,text/0001829126-25-002097.txt,959e74ee57d29dd41260b124c277ceed62f1e73c26c228801f3230d291bc512b,1570,0,"Item 5.03 Amendments to Articles of Incorporation or Bylaws; Change in Fiscal Year. Amended and Restated Certificate of Incorporation On March 6, 2025, NeOnc Technologies Holdings, Inc. (the ""Company"") filed an Amended and Restated Certificate of Incorporation (the ""Restated Certificate"") with the Secretary of State of",,,,,,,,,
CAL-0380,424B,RKTO,0001711786,424B5,2026-04-02,,0001213900-26-039103,https://www.sec.gov/Archives/edgar/data/1711786/000121390026039103/ea0284778-424b5_hoth.htm,offering,text/0001213900-26-039103.txt,c7ca961b01330741687153b980aba6dcbad818b7ddb131e49363203b4db622d3,30000,1,PROSPECTUS SUPPLEMENT Page ABOUT THIS PROSPECTUS SUPPLEMENT S-ii PROSPECTUS SUPPLEMENT SUMMARY S-1 THE OFFERING S-4 RISK FACTORS S-5 SPECIAL NOTE REGARDING FORWARD-LOOKING STATEMENTS S-6 DIVIDEND POLICY S-7 DILUTION S-8 USE OF PROCEEDS S-9 DESCRIPTION OF SECURITIES WE ARE OFFERING S-10 CONCURRENT PRIVATE PLACEMENT S-11,,,,,,,,,
CAL-0381,8k_8.01,TPST,0001544227,8-K,2026-07-28,"5.07,8.01",0001193125-26-321176,https://www.sec.gov/Archives/edgar/data/1544227/000119312526321176/d105624d8k.htm,8k_items:8.01,text/0001193125-26-321176.txt,34609657e543af6d28e0bf9d7dafbe2ba85020238bfd8d78c17a22ce644e4608,1977,0,"Item 5.07 Submission of Matters to a Vote of Security Holders. The information disclosed in Item 8.01 of this Current Report on Form 8-K is incorporated herein by reference. Item 8.01 Other Events. On July 27, 2026, Tempest Therapeutics, Inc. (the ""Company"") convened its special meeting of stockholders (the ""Special Me",,,,,,,,,
CAL-0382,8k_5.03,LRHC,0001879403,8-K,2026-09-08,"3.03,5.03,7.01,9.01",0001213900-26-097860,https://www.sec.gov/Archives/edgar/data/1879403/000121390026097860/ea0304577-8k_larosa.htm,8k_items:5.03,text/0001213900-26-097860.txt,bb6457491cfe10cc07c56adabfee7de830331d87caab69ff371ac262d2d00906,2371,0,"Item 3.03 Material Modification to Rights of Security Holders. To the extent required by Item 3.03 of Form 8-K, the information contained in Item 5.03 of this Current Report on Form 8-K (this ""Current Report"") is incorporated herein by reference. Item 5.03 Amendment to Articles of Incorporation or Bylaws; Change in Fis",,,,,,,,,
CAL-0383,8k_5.03,PFSA,0001859807,8-K,2026-08-14,"3.03,5.03,8.01,9.01",0001213900-26-089362,https://www.sec.gov/Archives/edgar/data/1859807/000121390026089362/ea030148402-8k_profusa.htm,8k_items:5.03+8.01,text/0001213900-26-089362.txt,8607f9ecb431178ff2275a2a12428d467e5e8b6d1696f3cfe98612933922e22a,2698,0,"Item 3.03. Material Modifications of Rights of Security Holders. To the extent required by Item 3.03 of Form 8-K, the information contained in Item 5.03 herein is incorporated by reference into this Item 3.03. Item 5.03 Amendments to Articles of Incorporation or Bylaws; Change in Fiscal Year. At the Profusa, Inc. (the ",,,,,,,,,
CAL-0384,8k_5.03,AIFA,0001708341,8-K,2026-05-20,"5.03,8.01,9.01",0001213900-26-059288,https://www.sec.gov/Archives/edgar/data/1708341/000121390026059288/ea0291647-8k_allinfuture.htm,8k_items:5.03+8.01,text/0001213900-26-059288.txt,761976120881fadb3505b93c9cd1d629d18d362abe8cf311bca16a1012ce7df2,1285,0,"Item 5.03 Amendments to Articles of Incorporation or Bylaws; Change in Fiscal Year. On May 15, 2026, we filed with the Secretary of State of the State of Delaware a Certificate of Amendment to our Second Amended and Restated Certificate of Incorporation to change our corporate name from ""Allied Gaming & Entertainment I",,,,,,,,,
CAL-0385,8k_3.02,AUUD,0001554818,8-K,2025-07-30,"1.01,3.02,9.01",0001683168-25-005525,https://www.sec.gov/Archives/edgar/data/1554818/000168316825005525/auddia_8k.htm,8k_items:1.01+3.02,text/0001683168-25-005525.txt,c212f5037c8e5561061504e390a14934e1bd6784b86d4d85349bbe8f776695a5,1397,0,"Item 1.01 Entry into a Material Definitive Agreement. As previously reported, on November 6, 2024, Auddia Inc. (the ""Company"") entered into an equity line common stock purchase agreement (the ""Common Stock Purchase Agreement"") with White Lion Capital, LLC, a Nevada limited liability company (""White Lion""). Pursuant to ",,,,,,,,,
CAL-0386,8k_1.01,SQFTP,0001080657,8-K,2025-10-14,"1.01,9.01",0001493152-25-018016,https://www.sec.gov/Archives/edgar/data/1080657/000149315225018016/form8-k.htm,8k_items:1.01,text/0001493152-25-018016.txt,32ca43b617d86c478e0887e47109097e1c331001be966a6c89ebbdfbf0c89d56,1996,0,"Item 1.01 Entry Into a Material Definitive Agreement ATM Agency Agreement On October 14, 2025, Presidio Property Trust, Inc. (the ""Company"") entered into a Sales Agreement (the ""Sales Agreement"") with The Benchmark Company, LLC (the ""Manager"") pursuant to which the Manager will act as the Company's sales agent with res",,,,,,,,,
CAL-0387,8k_5.03,YHC,0001843165,8-K,2026-07-15,"5.03,7.01,9.01",0001213900-26-078355,https://www.sec.gov/Archives/edgar/data/1843165/000121390026078355/ea0298137-8k_lqrhouse.htm,8k_items:5.03,text/0001213900-26-078355.txt,1ceaa507350d43760e2ebfa4f34dcb7e6dbc7417f1d7edcd8e94c6f399a7ef52,1426,0,"Item 5.03. Amendments to Articles of Incorporation or Bylaws; Change in Fiscal Year. On July 9, 2026, LQR House Inc. (the ""Company"") filed a Certificate of Amendment to its Certificate of Incorporation (the ""Certificate of Amendment"") with the Secretary of State of the State of Delaware to effect a one-for-one hundred ",,,,,,,,,
CAL-0388,8k_3.01,ENSC,0001716947,8-K,2026-02-27,3.01,0001493152-26-008343,https://www.sec.gov/Archives/edgar/data/1716947/000149315226008343/form8-k.htm,8k_items:3.01,text/0001493152-26-008343.txt,1857ceaad11718defdd47b4d5a05b691b18e613ec2aec76771f8e9998d9e819a,1803,0,"Item 3.01 Notice of Delisting or Failure to Satisfy Continued Listing Rule or Standard On February 25, 2026, Ensysce Biosciences Inc. (the ""Company"") received a notice (the ""Deficiency Letter"") from the listing qualifications department staff of The Nasdaq Stock Market (""Nasdaq"") stating that the Company was not in com",,,,,,,,,
CAL-0389,8k_1.01,TRUG,0001857086,8-K,2025-05-29,"1.01,9.01",0001641172-25-012786,https://www.sec.gov/Archives/edgar/data/1857086/000164117225012786/form8-k.htm,8k_items:1.01,text/0001641172-25-012786.txt,61077f5b73fb27e45bd506173bfcf56ea28a3502d38bfdc7edc4479b2e6cf04c,1178,0,"Item 1.01 Entry into Material Definitive Agreement. On May 28, 2025, TruGolf Holdings, Inc. (the ""Company"") and the holders (the ""Holders"") of certain convertible notes and convertible preferred stock of the Company (the ""Preferred Stock"") each entered into an amendment and waiver agreement (each, an ""Amendment"") pursu",,,,,,,,,
CAL-0390,8k_8.01,RDAC,0002018145,8-K/A,2025-12-29,8.01,0001213900-25-126110,https://www.sec.gov/Archives/edgar/data/2018145/000121390025126110/ea0271027-8ka1_rising.htm,8k_items:8.01,text/0001213900-25-126110.txt,0d115ffea22fe792b831b230dc227dc104249f0e8cf3764f00d044a37d54f2d8,1155,0,"Item 8.01 of the Original 8-K. The revision aligns the calculation of the Amended Monthly Extension Fee with the methodology pursuant to the Trust Agreement Amendment, as agreed upon by all relevant parties. The Amended 8-K speaks as of the same date as the Original 8-K. Except as set forth herein, no other changes hav",,,,,,,,,
CAL-0391,8k_5.03,PRHI,0001502292,8-K,2025-12-30,"1.01,3.02,3.03,5.03,9.01",0001193125-25-337040,https://www.sec.gov/Archives/edgar/data/1502292/000119312525337040/prhi-20251223.htm,8k_items:1.01+3.02+5.03,text/0001193125-25-337040.txt,f6b3f7e340c6eb43992df7d6690eb210802bb0550038377abd9c95dd416abc99,2429,0,"Item 1.01. Entry Into a Material Definitive Agreement. On December 23, 2025 (the ""Initial Issue Date""), Presurance Holdings, Inc. (the ""Company"") sold one thousand six hundred (1,600) shares of its newly designated Series C Preferred Stock, no par value (the ""Series C Preferred Stock"" or the ""Securities""), to Clarkston",,,,,,,,,
CAL-0392,8k_1.01,EDBL,0001809750,8-K,2026-08-03,"1.01,8.01,9.01",0001477932-26-004660,https://www.sec.gov/Archives/edgar/data/1809750/000147793226004660/edbl_8k.htm,8k_items:1.01+8.01,text/0001477932-26-004660.txt,569e5e8354f548c1b1918c82fafee55407e267f4ec8cab28688a63e47427475c,1610,0,"Item 1.01 Entry into a Material Definitive Agreement. On July 28, 2026, Edible Garden AG Incorporated (the ""Company"") and Meijer Distribution, Inc. (the ""Buyer"") entered into a purchase agreement pursuant to which the Company will supply Buyer-branded products to the Buyer (the ""Agreement"") beginning in January 2027. T",,,,,,,,,
CAL-0393,8k_5.03,IPST,0001788230,8-K,2025-06-27,"5.02,5.03,5.07,9.01",0001788230-25-000121,https://www.sec.gov/Archives/edgar/data/1788230/000178823025000121/cask-20250624.htm,8k_items:5.03,text/0001788230-25-000121.txt,1cbfc5d90194bdac7c456ee5bbf1d4bb0176bfd870f3ab862f81ef33f1c35e97,2641,0,"Item 5.03 Amendments to Articles of Incorporation or Bylaws; Change in Fiscal Year. On June 24, 2025, as described below, upon the recommendation of the Board of the Company, the Company's stockholders approved an amendment (the ""First Amendment"") to the Second Amended and Restated Certificate of Incorporation (the ""Ce",,,,,,,,,
CAL-0394,8k_3.01,TNON,0001560293,8-K,2026-05-22,3.01,0001213900-26-060662,https://www.sec.gov/Archives/edgar/data/1560293/000121390026060662/ea0291962-8k_tenon.htm,8k_items:3.01,text/0001213900-26-060662.txt,714bf021806cea9c9e9e14014b60eaa4c9fa7c535a9c803030b95cc66afdef81,2032,0,"Item 3.01 Notice of Delisting or Failure to Satisfy a Continued Listing Rule or Standard; Transfer of Listing. On May 21, 2026, Tenon Medical, Inc. (the ""Company"") received a written notice (the ""Notice"") from The Nasdaq Stock Market LLC (""Nasdaq"") dated May 21, 2026, notifying the Company that it is no longer in compl",,,,,,,,,
CAL-0395,8k_5.03,SONM,0001178697,8-K,2025-10-20,"3.01,5.02,5.03,5.07,8.01,9.01",0001493152-25-018637,https://www.sec.gov/Archives/edgar/data/1178697/000149315225018637/form8-k.htm,8k_items:3.01+5.03+8.01,text/0001493152-25-018637.txt,874bc30550daa22a5b35a9196d62414563a7f406a600e713604159b5db3d861a,6335,0,"Item 3.01 Notice of Delisting or Failure to Satisfy a Continued Listing Rule or Standard; Transfer of Listing. As disclosed in the Current Report on Form 8-K of Sonim Technologies, Inc. (the ""Company"") filed with the Securities and Exchange Commission (the ""SEC""), on August 22, 2025, the Company received a letter (the ",,,,,,,,,
CAL-0396,424B,AVAT,0002092446,424B3,2026-08-19,,0001104659-26-098832,https://www.sec.gov/Archives/edgar/data/2092446/000110465926098832/tm2621376d2_424b3.htm,offering,text/0001104659-26-098832.txt,bf3d169227ce2ebca842b9e86ef8181a50d0f4033a7364f1b794a25de4ce97ad,30000,1,"Item 1. Financial Statements Avalanche Treasury Corporation Condensed Consolidated Balance Sheets as of June 30, 2026 (unaudited) and December 31, 2025 5 Condensed Consolidated Statements of Operations for the three and six months ended June 30, 2026 (unaudited) 6 Condensed Consolidated Statements of Changes in Stockho",,,,,,,,,
CAL-0397,S-3,GCTK,0001506983,S-3,2026-01-13,,0001493152-26-002032,https://www.sec.gov/Archives/edgar/data/1506983/000149315226002032/forms-3.htm,shelf,text/0001493152-26-002032.txt,1dda95ed7489d9af7e678f1da9bafd53e664a0448f759068646e38ac82157b0f,30000,1,"Item 1A, ""Risk Factors,"" in our most recent Annual Report on Form 10-K and any updates described in our Quarterly Reports on Form 10-Q and Current Reports on Form 8-K, all of which are incorporated herein by reference, and may be amended, supplemented or superseded from time to time by other reports we file with the SE",,,,,,,,,
CAL-0398,8k_5.03,AEMD,0000882291,8-K,2026-07-31,"3.03,5.03,9.01",0001683168-26-005850,https://www.sec.gov/Archives/edgar/data/882291/000168316826005850/aethlon_8k.htm,8k_items:5.03,text/0001683168-26-005850.txt,c9579b055668a7981e6dfaa94df1f893c8cc6bbe3d107b70112ecc830abb76b2,2398,0,"Item 3.03 Material Modification to Rights of Security Holders. On July 30, 2026, Aethlon Medical, Inc., a Nevada corporation (the ""Company""), filed a Certificate of Change (the ""Certificate of Change"") pursuant to Section 78.209 of the Nevada Revised Statutes (""NRS"") with the Secretary of State of the State of Nevada a",,,,,,,,,
CAL-0399,S-3,INDP,0001857044,S-3,2025-08-13,,0001641172-25-023490,https://www.sec.gov/Archives/edgar/data/1857044/000164117225023490/forms-3.htm,shelf,text/0001641172-25-023490.txt,b9c26e317e1940f636dd3c8683a9cbb2be9068ecb6c191b891ba897575ccbe37,30000,1,"Item 1A, ""Risk Factors,"" in our Annual Report on Form 10-K for the fiscal year ended December 31, 2024, and any subsequent Quarterly Report on Form 10-Q or Current Report on Form 8-K which are incorporated herein by reference, as updated or superseded by the risks and uncertainties described under similar headings in t",,,,,,,,,
CAL-0400,8k_halt,PFIE,0001289636,8-K,2025-01-03,"1.02,2.01,3.01,3.03,5.01,5.02,5.03,9.01",0001104659-25-000864,https://www.sec.gov/Archives/edgar/data/1289636/000110465925000864/tm251481d2_8k.htm,"fts:""halted trading""",text/0001104659-25-000864.txt,ddfe8c6cd11be5403c2eba07df2e4442b22f08381337112939fc990ad9ca9c85,3839,0,"On January 3, 2025, in connection with the consummation of the Transactions, the Company notified the Nasdaq Stock Market LLC (""NASDAQ"") of the consummation of the Merger and requested that NASDAQ suspend trading of the Shares and file with the SEC a Form 25 Notification of Removal from Listing and/",,,,,,,,,
CAL-0401,8k_halt,PIKM,0001861522,8-K,2025-01-08,"1.02,3.01,8.01,9.01",0001493152-25-001395,https://www.sec.gov/Archives/edgar/data/1861522/000149315225001395/form8-k.htm,"fts:""suspended trading""",text/0001493152-25-001395.txt,c2b0dfd08623cf3ef1eedb8f24350b93180794315d5e85e88c40b09a48466877,5127,0,"As a result of the Panel's decision, Nasdaq suspended trading in the Company's securities effective at the open of business on Thursday, December 26, 2024.",,,,,,,,,
CAL-0402,8k_halt,QTI,0001844505,8-K,2025-01-28,3.01,0001844505-25-000015,https://www.sec.gov/Archives/edgar/data/1844505/000184450525000015/qti-20250124.htm,"fts:""suspended trading""",text/0001844505-25-000015.txt,accdf4641261ab24ac33408fdf543da590a6b803f65996e4b7d3d2f40fc952f1,3303,0,"(the ""Company"") has received written notice from The Nasdaq Stock Market LLC (""Nasdaq"") the that it has commenced proceedings to delist the Company's common (ticker symbol: QTI) from Nasdaq, and suspended trading in the Company's common stock pending the completion of such proceedings.",,,,,,,,,
CAL-0403,8k_halt,RGFC,0001871149,8-K,2025-01-30,"3.01,8.01,9.01",0001193125-25-017300,https://www.sec.gov/Archives/edgar/data/1871149/000119312525017300/d924320d8k.htm,"fts:""suspended trading""",text/0001193125-25-017300.txt,97ad770f1a823d59b3315aecb1d0cb34140a5ae742d9406f5a1bc6c171a4e7e8,1420,0,"The Company intends to file a Notification of Removal from Listing and/or Registration on Form 25 with the Securities and Exchange Commission (the ""SEC"") on or about February 10, 2025 to effect the voluntary withdrawal of the listing of its securities from Nasdaq.",,,,,,,,,
CAL-0404,8k_halt,KNW,0001074828,8-K,2025-02-03,"3.01,8.01,9.01",0001654954-25-001064,https://www.sec.gov/Archives/edgar/data/1074828/000165495425001064/knwn_8k.htm,"fts:""suspended trading""",text/0001654954-25-001064.txt,b49bf957501f9edb3bfbf2c2aa03ff57f8d7c0a749525dbd9f5f346ecdd7c28a,1696,0,"(the ""Company"") that the NYSE Regulation has suspended trading of, and determined to commence proceedings to delist, the Company's common stock, par value $0.001 per share (the ""Common Stock""), from NYSE American.",,,,,,,,,
CAL-0405,8k_halt,SPIR,0001816017,8-K,2025-02-19,3.01,0000950170-25-022700,https://www.sec.gov/Archives/edgar/data/1816017/000095017025022700/spir-20250218.htm,"fts:""trading suspension""",text/0000950170-25-022700.txt,1816237390805aa27bb8d6e6aaf0c3815a6a98e0f9f1e5dce85a5c7e5936cbad,1080,0,"During the extension period, the Company will be subject to ongoing monitoring by the NYSE, and failure to achieve sufficient progress could result in a trading suspension of the Company's Class A common stock prior to April 15, 2025.",,,,,,,,,
CAL-0406,8k_halt,LICY,0001828811,8-K,2025-02-27,"1.01,3.01,7.01,8.01,9.01",0001193125-25-037173,https://www.sec.gov/Archives/edgar/data/1828811/000119312525037173/d933675d8k.htm,"fts:""suspended trading""",text/0001193125-25-037173.txt,06485b1bcba83af153ed2a6b791c1c811f550f2d3e9e7ba5410a15ca84ce8c37,3752,0,"Trading in the Common Shares on the NYSE was suspended immediately after market close on February 26, 2025.",,,,,,,,,
CAL-0407,8k_halt,KNWN,0001074828,8-K,2025-02-28,"3.01,7.01,9.01",0001654954-25-002090,https://www.sec.gov/Archives/edgar/data/1074828/000165495425002090/knwn_8k.htm,"fts:""trading suspension""",text/0001654954-25-002090.txt,06794c96ee317b5c2d66d64e324ee7c9923d8b728d072a49db5008317482e89e,1478,0,"As a result, the staff of NYSE Regulation has withdrawn its delisting determination and will be lifting the trading suspension of the Company's common stock on NYSE American.",,,,,,,,,
CAL-0408,8k_halt,ZOM,0001684144,8-K,2025-03-05,"3.01,9.01",0001654954-25-002296,https://www.sec.gov/Archives/edgar/data/1684144/000165495425002296/zom_8k.htm,"fts:""suspended trading""",text/0001654954-25-002296.txt,21e237e26e37c2e78db52dbe9b2ead95c6867ebe24ca9fb4fe69e81275908452,1389,0,"(the ""Company"") was notified by The NYSE American LLC (""NYSE American"") that as a result of the Company's previously disclosed noncompliance with Section 1003(f)(v) of the NYSE American Company Guide whereby the Company's common shares were trading for a substantial period of time at a low price per",,,,,,,,,
CAL-0409,8k_halt,GATE,0001838513,8-K,2025-04-03,"3.01,8.01",0001193125-25-071789,https://www.sec.gov/Archives/edgar/data/1838513/000119312525071789/d931332d8k.htm,"fts:""halted trading"";""trading halt""",text/0001193125-25-071789.txt,d5dca74c024e91f2ea19806f8eff9e61d624f7dccad809fe3906a31dabc27845,3852,0,"On April 2, 2025, the Company received a written notice (the ""Delisting Notice"") from the Panel indicating that the Panel had determined to delist the Company's securities from Nasdaq and that trading in the Company's securities would be suspended at the open of trading on April 4, 2025, due to the ",,,,,,,,,
CAL-0410,8k_halt,AIM,0000946644,8-K,2025-04-07,"3.01,8.01,9.01",0001641172-25-002858,https://www.sec.gov/Archives/edgar/data/946644/000164117225002858/form8-k.htm,"fts:""suspended trading""",text/0001641172-25-002858.txt,f79049ad96483d2917eaf8b440683bac12f72b1d0e8b88b6e5acedc95670d9e3,1790,0,"(the ""Company"") received notice from NYSE Regulation of the NYSE American LLC (""NYSE American"") that it had suspended trading of the Company's common stock and determined to commence proceedings to delist the Company's common stock from the NYSE American as a result of its determination that the Com",,,,,,,,,
CAL-0411,8k_halt,NXU,0001722969,8-K,2025-04-07,3.01,0001214659-25-005535,https://www.sec.gov/Archives/edgar/data/1722969/000121465925005535/i442518k.htm,"fts:""trading suspension""",text/0001214659-25-005535.txt,18306bb61e6f69163f742c5fed9acf74b1fdc7f0676ece159787279734ce822d,2911,0,"Pursuant to Nasdaq Listing Rule 5815(a)(1)(B)(ii)(d), the timely request for a hearing will not stay the trading suspension of the Company's securities.",,,,,,,,,
CAL-0412,8k_halt,PEV,0001879848,8-K,2025-04-10,"3.01,9.01",0001641172-25-003636,https://www.sec.gov/Archives/edgar/data/1879848/000164117225003636/form8-k.htm,"fts:""trading suspension""",text/0001641172-25-003636.txt,1b3466cf6741e3ba4ae13b3c8e7e8834b2c9208c159c9297330763ab518815f7,1610,0,"Trading of the Company's common stock will be suspended at the opening of business on April 15, 2025, and a Form 25-NSE will be filed with the Securities and Exchange Commission, which will remove the Company's securities from listing and registration on Nasdaq.",,,,,,,,,
CAL-0413,8k_halt,PDCO,0000891024,8-K,2025-04-17,"1.02,2.01,3.01,3.03,5.01,5.02,5.03,9.01",0001193125-25-083614,https://www.sec.gov/Archives/edgar/data/891024/000119312525083614/d904320d8k.htm,"fts:""suspended trading""",text/0001193125-25-083614.txt,03f5c3f78fdd46478a721173bd2e24b4d260363e75d4c90d2354bbe57bd6aa16,4125,0,"In connection with the closing of the Merger, the Company notified the NASDAQ Stock Market (""Nasdaq"") of the consummation of the Merger and requested Nasdaq to file a notification of removal from listing and registration on Form 25 with the SEC to effect the delisting of the Company's Common Stock f",,,,,,,,,
CAL-0414,8k_halt,VINC,0001796129,8-K,2025-04-17,"3.01,8.01,9.01",0001193125-25-084406,https://www.sec.gov/Archives/edgar/data/1796129/000119312525084406/d932920d8k.htm,"fts:""trading suspension""",text/0001193125-25-084406.txt,6442c1e1f3b366542c2bb96a8a617637ade4e6823f421028fb15629a05a5a10e,2657,0,"Accordingly, Nasdaq has determined that the Company's securities will be delisted from Nasdaq and will be suspended at the opening of business on April 23, 2025 and a Form 25 will be filed with the Securities and Exchange Commission (the ""SEC"") unless the Company requests a hearing by April 21, 2025",,,,,,,,,
CAL-0415,8k_halt,ONCO,0001782107,8-K,2025-04-18,"3.01,8.01",0001213900-25-033295,https://www.sec.gov/Archives/edgar/data/1782107/000121390025033295/ea0238654-8k_oncon.htm,"fts:""trading suspension""",text/0001213900-25-033295.txt,c8b7c94df2a9b6d49922e522e02bd1cfee58060508fd83d605d4d4b3df0a922f,1630,0,"As a result, unless the Company timely requests a hearing before the Nasdaq Hearings Panel (the ""Panel""), trading of the Common Stock will be suspended at the opening of business on April 23, 2025, and a Form 25-NSE will be filed with the Commission, which will remove the Company's securities from l",,,,,,,,,
CAL-0416,8k_halt,SCPX,0001476963,8-K,2025-04-21,3.01,0001079973-25-000687,https://www.sec.gov/Archives/edgar/data/1476963/000107997325000687/scpx_8k.htm,"fts:""suspended trading""",text/0001079973-25-000687.txt,d9d9f736c97ace928c4fc252c951200c8847a260b511e7fe49fb9ec5644c53f2,2150,0,"April 21, 2025 Notification

On April 21, 2025, the Company received notice from the NYSE Regulation that it had suspended trading of the Company's common stock and determined to commence proceedings to delist the Company's common stock from the Exchange as a result of its determination that the Com",,,,,,,,,
CAL-0417,8k_halt,SPRB,0001683553,8-K,2025-04-25,"2.05,3.01,9.01",0000950170-25-058863,https://www.sec.gov/Archives/edgar/data/1683553/000095017025058863/sprb-20250421.htm,"fts:""trading suspension""",text/0000950170-25-058863.txt,e7a31149d2a6f5a634e6dc625f90dc58b8de49872f3ea9df5493ac629ce8f244,2979,0,"On April 22, 2025, the Company received a written notification (the ""Delisting Notice"") from Nasdaq that as a result of the Company's ongoing failure to comply with the Minimum Bid Price Requirement, the Company's common stock will be delisted from Nasdaq and trading in the Company's stock will be s",,,,,,,,,
CAL-0418,8k_halt,ONCO,0001782107,8-K,2025-04-30,"3.01,9.01",0001213900-25-037765,https://www.sec.gov/Archives/edgar/data/1782107/000121390025037765/ea0240326-8k_onconetix.htm,"fts:""trading suspension""",text/0001213900-25-037765.txt,4a4e16a0760d9124bf806fac1b8ae3af5e0659019d279309b556a8e46c6382f8,1706,0,"As a result, unless the Company timely requested a hearing before the Nasdaq Hearings Panel (the ""Panel""), trading of the Common Stock would be suspended at the opening of business on April 23, 2025, and a Form 25-NSE would be filed with the Commission, which would remove the Company's securities fr",,,,,,,,,
CAL-0419,8k_halt,SCPX,0001476963,8-K,2025-05-02,"3.01,5.02",0001079973-25-000738,https://www.sec.gov/Archives/edgar/data/1476963/000107997325000738/scpx_8k.htm,"fts:""suspended trading""",text/0001079973-25-000738.txt,1ed84d606a03bd808947539bcbd3513bb69a7653a8c5ac75b5692d50f9aca372,1338,0,"As previously disclosed, on April 21, 2025, Scorpius Holdings, Inc., a Delaware corporation (the ""Company""), received notice from the staff of the NYSE Regulation that it had suspended trading of the Company's common stock and determined to commence proceedings to delist the Company's common stock f",,,,,,,,,
CAL-0420,8k_halt,PTN,0000911216,8-K,2025-05-08,"1.01,3.01,8.01,9.01",0001654954-25-005296,https://www.sec.gov/Archives/edgar/data/911216/000165495425005296/ptn_8k.htm,"fts:""suspended trading""",text/0001654954-25-005296.txt,d0b55b412801091ed89df2470056219a9f68fa8651cf8c73eecdc4b361ef93de,4355,0,"As described in more detail in Item 3.01 below, after the Purchase Agreement was executed, on May 7, 2025 the Company received notice from NYSE Regulation that it had suspended trading of the Company's common stock on the NYSE American LLC stock exchange (""NYSE American"").",,,,,,,,,
CAL-0421,8k_halt,PAPL,0001938109,8-K,2025-05-19,"3.01,8.01,9.01",0001641172-25-011531,https://www.sec.gov/Archives/edgar/data/1938109/000164117225011531/form8-k.htm,"fts:""suspended trading""",text/0001641172-25-011531.txt,0a4939f8bd34b308110f5458d087ca37d0bdb2a476a3178b60dfc822e0c6ac70,1735,0,"(the ""Company"") that the NYSE Regulation has suspended trading of, and determined to commence proceedings to delist, the Company's common shares, no par value per share (the ""Common Shares""), from NYSE American.",,,,,,,,,
CAL-0422,8k_halt,ONCO,0001782107,8-K,2025-05-22,"1.01,2.03,3.01,9.01",0001213900-25-046909,https://www.sec.gov/Archives/edgar/data/1782107/000121390025046909/ea0243287-8k_onconetix.htm,"fts:""trading suspension""",text/0001213900-25-046909.txt,decf51ed64cbc29aa9471938e038de5819c2b2cee8fa81b0ca3f0a027b4508d0,2259,0,"As a result, unless the Company timely requested a hearing before the Nasdaq Hearings Panel (the ""Panel""), trading of the Common Stock would be suspended at the opening of business on April 23, 2025, and a Form 25-NSE would be filed with the Commission, which would remove the Company's securities fr",,,,,,,,,
CAL-0423,8k_halt,PLYA,0001692412,8-K,2025-06-17,"2.01,2.03,3.01,3.03,5.01,5.02",0001104659-25-060328,https://www.sec.gov/Archives/edgar/data/1692412/000110465925060328/tm2518205d1_8k.htm,"fts:""suspended trading""",text/0001104659-25-060328.txt,d0a6a36747934f70b3b9b7c301414b2ed80d91e72a3d8cfdb2ea45e48648f7e3,5335,0,"On June 16, 2025, following the Closing, Nasdaq suspended trading of the Shares and Playa filed a Form 25, Notification of Removal from Listing and/or Registration under Section 12(b) of the Exchange Act with the SEC.",,,,,,,,,
CAL-0424,8k_halt,VXRT,0000072444,8-K,2025-07-02,3.01,0001437749-25-021865,https://www.sec.gov/Archives/edgar/data/72444/000143774925021865/vxrt20250702_8k.htm,"fts:""trading suspension""",text/0001437749-25-021865.txt,6cd98fafdda5ebf4a3dcc636f809529c79ca3611db5765a60a54f59a4ece93cd,2026,0,"The Delisting Notice also stated that trading in the Company's common stock will be suspended at the open of trading on July 8, 2025.",,,,,,,,,
CAL-0425,8k_halt,DTCB,0001870600,8-K,2025-07-15,"3.01,7.01,8.01",0001870600-25-000090,https://www.sec.gov/Archives/edgar/data/1870600/000187060025000090/dtc-20250714.htm,"fts:""trading suspension""",text/0001870600-25-000090.txt,94307642a9ee4992821a60dbb76968535dcc9f2851d02880975e4d6f0dfa6124,1518,0,"(the ""Company"") that the NYSE has withdrawn its delisting determination and will be lifting the trading suspension of the Company's Class A common stock on the NYSE.",,,,,,,,,
CAL-0426,8k_halt,BOWN,0001973056,8-K,2025-07-18,"3.01,9.01",0001641172-25-020251,https://www.sec.gov/Archives/edgar/data/1973056/000164117225020251/form8-k.htm,"fts:""trading halt""",text/0001641172-25-020251.txt,9c5d5da50deb73655577c12c3a6d6d305ae101de27dbcc1f1b05808d126c6775,2492,0,"Eastern Time on July 22, 2025, trading of the Company's securities will be suspended at the opening of business on July 24, 2025, and Nasdaq will file a Form 25-NSE with the Securities and Exchange Commission to remove the Company's securities from listing and registration on the Nasdaq Stock Market",,,,,,,,,
CAL-0427,8k_halt,FARO,0000917491,8-K,2025-07-21,"1.01,2.01,3.01,3.03,5.01,5.02,5.03,8.01,9.01",0001193125-25-161621,https://www.sec.gov/Archives/edgar/data/917491/000119312525161621/d97014d8k.htm,"fts:""suspended trading""",text/0001193125-25-161621.txt,f868b3b981235c9880f13cd25f913e6a809ab89909b86cc8db3351d55bb377df,4413,0,"On the Closing Date, the Company notified the Nasdaq Global Select Market (""Nasdaq"") of the consummation of the Merger and requested that Nasdaq file a notification of removal from listing and registration on Form 25 with the SEC to effect the delisting of the Common Stock from Nasdaq and the deregi",,,,,,,,,
CAL-0428,8k_halt,SISI,0001300734,8-K,2025-07-31,"3.01,8.01",0001641172-25-021606,https://www.sec.gov/Archives/edgar/data/1300734/000164117225021606/form8-k.htm,"fts:""trading suspension""",text/0001641172-25-021606.txt,cadbcf15db80bfda47db0e77d7d3028d6bd2345f228c90eed55eec34eb4703de,2472,0,"On July 25, 2025, the Company received a letter from the Panel stating that the Panel had determined to deny the Company's request for continued listing on The Nasdaq Capital Market, and the hearings department informed that trading in the Company's common stock would be suspended at the open of tra",,,,,,,,,
CAL-0429,8k_halt,COCH,0001840877,8-K,2025-08-29,3.01,0001213900-25-082608,https://www.sec.gov/Archives/edgar/data/1840877/000121390025082608/ea0255235-8k_envoy.htm,"fts:""trading suspension""",text/0001213900-25-082608.txt,d541f9307c6414fccd13f5babb0f1bc9dae483a9ab8ac317c18ec9af423db73f,2036,0,"If the Company did not make a request to the Hearings Panel, the trading of the Company's securities would be suspended at the opening of business on September 4, 2025.",,,,,,,,,
CAL-0430,8k_halt,SISI,0001300734,8-K,2025-10-08,"3.01,8.01",0001493152-25-017416,https://www.sec.gov/Archives/edgar/data/1300734/000149315225017416/form8-k.htm,"fts:""trading suspension""",text/0001493152-25-017416.txt,c82480ae9432e619dd8e6aecc5015b56eee378b7097cce8bae904c8540e306c1,2242,0,"The Letter stated that, unless the Company timely requested a hearing before a Nasdaq Hearings Panel (the ""Panel""), trading of the Company's securities would be suspended at the opening of business on June 25, 2025.",,,,,,,,,
CAL-0431,8k_halt,ADN,0001744494,8-K,2025-10-29,3.01,0001829126-25-008497,https://www.sec.gov/Archives/edgar/data/1744494/000182912625008497/adventtech_8k.htm,"fts:""trading suspension""",text/0001829126-25-008497.txt,fc99f82346761e5109ec984bd9b1bdf510d5a7a5bdb0c439d6c4112c584fcd58,1832,0,"Suite A

Livermore, CA 94550

(Address of principal executive offices) (Zip Code)

Registrant's telephone number, including area code: (925) 455-9400

Check the appropriate box below if the Form 8−K filing is intended to simultaneously satisfy the filing obligation of the registrant under any of the",,,,,,,,,
CAL-0432,8k_halt,LVTX,0001840748,8-K,2025-11-21,"2.01,3.01,3.03,5.02",0001104659-25-114793,https://www.sec.gov/Archives/edgar/data/1840748/000110465925114793/tm2531793d3_8k.htm,"fts:""suspended trading""",text/0001104659-25-114793.txt,9ef762fefe7cee8fe58eb4d05d16c27c7ebe497730b697fe03edd7141b6de9f5,2501,0,"Prior to the opening of trading on November 21, 2025, Nasdaq suspended trading of the Shares and filed a Form 25, Notification of Removal from Listing and/or Registration under Section 12(b) of the Exchange Act with the SEC.",,,,,,,,,
CAL-0433,8k_halt,ILLR,0001769624,8-K,2025-12-30,"3.01,9.01",0001213900-25-126381,https://www.sec.gov/Archives/edgar/data/1769624/000121390025126381/ea0271270-8k_triller.htm,"fts:""trading suspension""",text/0001213900-25-126381.txt,1dd3c7f46a383f3ac75986bef5a036102a2c4819d6bf320129e15fce57075560,1680,0,"however, on December 26, 2025, the Company received notice from the Panel stating that the Panel had determined to delist the Company's securities from Nasdaq and that trading in the Company's securities on Nasdaq would be suspended effective with the open of the market on December 30, 2025.",,,,,,,,,
CAL-0434,8k_halt,PRPH,0000868278,8-K,2026-01-02,"3.01,9.01",0001493152-26-000175,https://www.sec.gov/Archives/edgar/data/868278/000149315226000175/form8-k.htm,"fts:""trading suspension""",text/0001493152-26-000175.txt,11fc6fbdd5d416f679def1e0e1b3fc7b86e5cddc8b11cb7932477823ded723a2,1165,0,"Nasdaq indicated that trading of the Company's common stock will be suspended at the opening of business on January 5, 2026, and that Nasdaq will file a Form 25 with the Securities and Exchange Commission to remove the Company's securities from listing and registration on The Nasdaq Stock Market.",,,,,,,,,
CAL-0435,8k_halt,BCAB,0001826892,8-K,2026-02-06,"3.01,7.01",0001193125-26-041367,https://www.sec.gov/Archives/edgar/data/1826892/000119312526041367/bcab-20260206.htm,"fts:""trading suspension""",text/0001193125-26-041367.txt,b53fa7b195d9505e5fb7465122026fef2fd4988ec1272350a49ada2cdcf31bf6,3328,0,"In response, we provided a July 28, 2025, example of a company that requested and obtained a Listing Council call for review that resulted in a stay of the trading suspension that was issued on the same business day.",,,,,,,,,
CAL-0436,8k_halt,STAI,0001994624,8-K,2026-02-10,"3.01,7.01,9.01",0001104659-26-012229,https://www.sec.gov/Archives/edgar/data/1994624/000110465926012229/tm265688d1_8k.htm,"fts:""trading suspension""",text/0001104659-26-012229.txt,8454c2bbf547affde57ccd337cab435e4df0265f3182c06d9f4a16a1e80b873c,3069,0,"Trading in the Company's securities will be suspended at the open of trading on February 10, 2026 (the ""Delisting"").",,,,,,,,,
CAL-0437,8k_halt,ILLR,0001769624,8-K,2026-03-30,3.01,0001213900-26-036473,https://www.sec.gov/Archives/edgar/data/1769624/000121390026036473/ea0284011-8k_triller.htm,"fts:""trading suspension""",text/0001213900-26-036473.txt,ad238143c43defddef2d9798457e2d42bd451cf549087c5b227ef1abaef9a2fa,2635,0,"however, on December 26, 2025, the Company received notice from the Panel stating that the Panel had determined to delist the Company's securities from Nasdaq and that trading in the Company's securities on Nasdaq would be and ultimately were suspended effective with the open of the market on Decemb",,,,,,,,,
CAL-0438,8k_halt,TBHC,0001056285,8-K,2026-04-02,"1.01,2.01,3.01,3.03,5.01,5.02,5.03,9.01",0001437749-26-011128,https://www.sec.gov/Archives/edgar/data/1056285/000143774926011128/tbhc20260331_8k.htm,"fts:""suspended trading""",text/0001437749-26-011128.txt,54bba98650f6c8c11165342b20dc1464ce30f4cbae8ae2a3c0f2fb7d703fb956,4305,0,"Pursuant to the Company's request, Nasdaq (i) suspended trading of the Company Common Stock on Nasdaq prior to the open of trading on the Closing Date, (ii) withdrew the Company Common Stock from listing on Nasdaq and (iii) will file with the SEC a Notification of Removal from Listing and/or Registr",,,,,,,,,
CAL-0439,8k_halt,ZSPC,0001637147,8-K,2026-04-23,3.01,0001104659-26-047275,https://www.sec.gov/Archives/edgar/data/1637147/000110465926047275/tm2612516d1_8k.htm,"fts:""trading suspension""",text/0001104659-26-047275.txt,aade3305b44238d2ba9e6abc60a7891067883d1b78e2125eb865c5e0e8aa5b3a,2545,0,"Trading of the Company's Common Stock will be suspended at the opening of business on April 28, 2026 and a Form 25-NSE will be filed with the Securities and Exchange Commission, which will remove the Company's securities from listing and registration on the Nasdaq Capital Market.",,,,,,,,,
CAL-0440,8k_halt,SGMO,0001001233,8-K,2026-04-29,3.01,0001628280-26-028128,https://www.sec.gov/Archives/edgar/data/1001233/000162828026028128/sgmo-20260428.htm,"fts:""trading suspension""",text/0001628280-26-028128.txt,f75e62a788e0a9d0b120876ab157a4e05e3c21c8ad2151ba99b0db4fa1872929,1957,0,"The Delisting Notice also stated that trading in the Company's common stock on The Nasdaq Capital Market will be suspended at the open of trading on May 5, 2026.",,,,,,,,,
CAL-0441,8k_halt,MEHA,0001837254,8-K,2026-06-15,"3.01,7.01,9.01",0001213900-26-068518,https://www.sec.gov/Archives/edgar/data/1837254/000121390026068518/ea0294529-8k_functional.htm,"fts:""trading suspension""",text/0001213900-26-068518.txt,77d228e155d4308915c992740b46d7eac347bfd994223250fe39d71b560ff589,2377,0,"As a result, Nasdaq has determined to delist the Company's common stock and stated that trading of the Company's common stock will be suspended at the opening of business on June 16, 2026, and that a Form 25-NSE will be filed with the Securities and Exchange Commission to remove the Company's securi",,,,,,,,,
CAL-0442,8k_halt,SRXH,0001471727,8-K,2026-06-24,"3.01,5.07,9.01",0001493152-26-029963,https://www.sec.gov/Archives/edgar/data/1471727/000149315226029963/form8-k.htm,"fts:""halt in trading"";""halted trading""",text/0001493152-26-029963.txt,a1e0fe66ea31280fc7d597ccb9632d90e5ea02e56e6b74020628aafa77e06b05,1946,0,"Further, the NYSE American informed the Company that it had halted trading of the Company's common stock and that such halt in trading would continue until the Company effectuated the Reverse Split.",,,,,,,,,
CAL-0443,8k_halt,BAYA,0001969475,8-K,2026-07-09,3.01,0001493152-26-032688,https://www.sec.gov/Archives/edgar/data/1969475/000149315226032688/form8-k.htm,"fts:""suspended trading""",text/0001493152-26-032688.txt,ed124a4d5962d96876f260e13b67ddd00d5a4d8223d1c906585a6464ef8a2e02,1797,0,"Accordingly, the Panel suspended trading of the Company's securities from Nasdaq, effective as of the open of trading on July 7, 2026, and a Form 25-NSE will be filed with the SEC, which will remove the Company's securities from listing and registration on Nasdaq.",,,,,,,,,
CAL-0444,8k_halt,CPRX,0001369568,8-K,2026-07-16,"2.01,3.01,3.03,5.01,5.02,5.03,9.01",0001193125-26-304984,https://www.sec.gov/Archives/edgar/data/1369568/000119312526304984/d159184d8k.htm,"fts:""halt in trading""",text/0001193125-26-304984.txt,b1fc5a778537d5316a8571132d58d609f5176e1e98336274589c1543ea7feaae,3618,0,"On July 15, 2026, the Company (i) notified the Nasdaq Capital Market (""Nasdaq"") of the consummation of the Merger and its intent to remove all Company Common Stock from Nasdaq and (ii) requested that Nasdaq (A) maintain the halt in trading of Company Common Stock, which was effective following the c",,,,,,,,,
CAL-0445,8k_halt,SKYT,0001819974,8-K,2026-07-31,"1.02,2.01,3.01,3.03,5.01,5.02,5.03,9.01",0001193125-26-327137,https://www.sec.gov/Archives/edgar/data/1819974/000119312526327137/d49031d8k.htm,"fts:""suspended trading""",text/0001193125-26-327137.txt,882e600d9fd664c32025f85f4957a586210c0ab8a4cd3de712fd1d281a96ca43,4449,0,"On the Closing Date, the Company notified the Nasdaq Capital Market (""Nasdaq"") of the consummation of the Mergers and requested that Nasdaq file a notification of removal from listing and registration on Form 25 with the SEC to effect the delisting of the Common Stock from Nasdaq and the deregistrat",,,,,,,,,
CAL-0446,8k_halt,VSEE,0001864531,8-K,2026-08-04,3.01,0001185185-26-003262,https://www.sec.gov/Archives/edgar/data/1864531/000118518526003262/vsee8k080426.htm,"fts:""trading suspension""",text/0001185185-26-003262.txt,93516a3bbe4c63316d19a826db513822526b1d110bdf21a3ac89f7a229d84ac3,2457,0,"Accordingly, the Company's securities will be delisted from the Nasdaq Capital Market, trading of the Company's common stock and warrants will be suspended at the opening of business on August 6, 2026 and a Form 25-NSE will be filed with the Securities and Exchange Commission, which will remove the ",,,,,,,,,
CAL-0447,8k_halt,NUTR,0002006468,8-K,2026-08-07,"3.01,8.01,9.01",0001493152-26-036635,https://www.sec.gov/Archives/edgar/data/2006468/000149315226036635/form8-k.htm,"fts:""trading suspension""",text/0001493152-26-036635.txt,c5abe4ca31044527fe0163768b7a6dd7f9b28dc63c1d87ba6356e194c82d6cd2,1506,0,"The Delisting Letter cited factors including the SEC's trading suspension in October 2025 related to potential manipulation, the Company's failure to file its Annual Report on Form 10-K for the fiscal year ended December 31, 2025 and its Quarterly Report on Form 10-Q for the period ended March 31, 2",,,,,,,,,
CAL-0448,8k_halt,NCL,0001923780,8-K,2026-08-10,"3.01,4.01,4.02,5.02,9.01",0001575872-26-000562,https://www.sec.gov/Archives/edgar/data/1923780/000157587226000562/ncl121_8k.htm,"fts:""trading halt""",text/0001575872-26-000562.txt,9eaf8c69714f2a30b167b4791ef147e53b08ca7251bc770a041436c6db95c9f4,4121,0,"Since the date the Trading Halt began, we have been in frequent communication with the Exchange, and we have begun investigating the circumstances surrounding the filing of our 2025 10-K and whether appropriate approval and consent were provided by the Auditor.",,,,,,,,,
CAL-0449,8k_halt,OSRH,0001840425,8-K,2026-08-19,"3.01,7.01,9.01",0001213900-26-091756,https://www.sec.gov/Archives/edgar/data/1840425/000121390026091756/ea0302782-8k_osrhealth.htm,"fts:""trading suspension""",text/0001213900-26-091756.txt,bf04e6d76523967ccd00197ba3131f5e094fe1cf110cad8d51f4effa55e7c9fb,2171,0,"Nasdaq advised that trading in the Company's common stock and warrants will be suspended at the opening of business on August 26, 2026, and that Nasdaq will file a Form 25-NSE with the Securities and Exchange Commission to remove the Company's securities from listing and registration on Nasdaq.",,,,,,,,,
CAL-0450,8k_halt,APGE,0001974640,8-K,2026-09-03,"1.02,2.01,3.01,3.03,5.01,5.02,5.03,9.01",0001140361-26-035537,https://www.sec.gov/Archives/edgar/data/1974640/000114036126035537/ef20081397_8k.htm,"fts:""halt in trading""",text/0001140361-26-035537.txt,a083ff1afa579ba5dcbe46a49c405680468306b81af3506b95448d73c4729afa,4141,0,"On September 3, 2026, the Company (i) notified the Nasdaq Global Market (""Nasdaq"") of the consummation of the Merger and its intent to remove all Company Common Stock from Nasdaq and (ii) requested that Nasdaq (A) maintain the halt in trading of Company Common Stock, which was effective following th",,,,,,,,,
CAL-0451,8k_halt,ZSPC,0001637147,8-K,2026-09-15,"3.01,7.01,9.01",0001104659-26-107972,https://www.sec.gov/Archives/edgar/data/1637147/000110465926107972/tm2625490d1_8k.htm,"fts:""trading suspension""",text/0001104659-26-107972.txt,d2c92ce7cd26a27f3b1b7021180d29a269ea922d8f02b0fa558258a3b6c5b173,2521,0,"The Company intends to file a Form 25, Notification of Removal from Listing and/or Registration, with the U.S.",,,,,,,,,
CAL-0452,8k_halt,CMAXQ,0001813914,8-K,2025-01-03,"7.01,9.01",0000950170-25-001331,https://www.sec.gov/Archives/edgar/data/1813914/000095017025001331/cmax-20241229.htm,"fts:""suspended trading""",text/0000950170-25-001331.txt,08631bff5b1bc4841981d073ffa9c926125d2afb11a0aebdaa6d5e2d9a304b10,3818,0,"☐

*On November 29, 2024, the Nasdaq Stock Market LLC (""Nasdaq"") suspended trading of CareMax, Inc.",,,,,,,,,
CAL-0453,8k_halt,CMAXQ,0001813914,8-K,2025-02-03,"1.02,1.03,2.01,3.03,4.01,5.01,5.02,7.01,8.01,9.01",0001193125-25-019379,https://www.sec.gov/Archives/edgar/data/1813914/000119312525019379/d842293d8k.htm,"fts:""suspended trading""",text/0001193125-25-019379.txt,65979baf445b2781e6cbd9e907555f12c1667688b782e1aef9b9cf320ec2db78,5803,0,"☐

 * 
On November 29, 2024, the Nasdaq Stock Market LLC (""Nasdaq"") suspended trading of CareMax, Inc.",,,,,,,,,
CAL-0454,8k_halt,RDW,0001819810,8-K,2025-03-26,"8.01,9.01",0001819810-25-000094,https://www.sec.gov/Archives/edgar/data/1819810/000181981025000094/rdw-20250326.htm,"fts:""trading suspension""",text/0001819810-25-000094.txt,29e24c3eeb624ee4d40fc0f8cabfe976bee9973521f72bb42626a78b7f502600,1244,0,"In connection with the redemption, the Warrants ceased trading on The New York Stock Exchange (""NYSE"") and were delisted, with the trading suspension announced on March 21, 2025.",,,,,,,,,
CAL-0455,8k_halt,QTIH,0001844505,8-K,2025-03-31,"2.02,8.01,9.01",0001844505-25-000037,https://www.sec.gov/Archives/edgar/data/1844505/000184450525000037/qti-20250331.htm,"fts:""suspended trading""",text/0001844505-25-000037.txt,0b25461ff2503164ad548187fdb36ce9af1f01e531b3b7b6060a4b4c26ab8754,1444,0,"(the ""Company"") has received written notice from The Nasdaq Stock Market LLC (""Nasdaq"") that it has commenced proceedings to delist the Company's common (ticker symbol: QTI) from Nasdaq, and suspended trading in the Company's common stock pending the completion of such proceedings.",,,,,,,,,
CAL-0456,8k_halt,QTIH,0001844505,8-K,2025-04-10,"1.01,3.02,8.01,9.01",0001844505-25-000042,https://www.sec.gov/Archives/edgar/data/1844505/000184450525000042/qti-20250409.htm,"fts:""suspended trading""",text/0001844505-25-000042.txt,34ab2fb57606f3f1a0819fc0608aabc1891c9cfea413dd9b4823336ac23aed28,4474,0,"(the ""Company"") has received written notice from The Nasdaq Stock Market LLC (""Nasdaq"") that it has commenced proceedings to delist the Company's common (ticker symbol: QTI) from Nasdaq, and suspended trading in the Company's common stock pending the completion of such proceedings.",,,,,,,,,
CAL-0457,8k_halt,DTCB,0001870600,8-K,2025-05-06,"7.01,9.01",0001870600-25-000053,https://www.sec.gov/Archives/edgar/data/1870600/000187060025000053/dtc-20250506.htm,"fts:""halted trading"";""trading halt""",text/0001870600-25-000053.txt,dc1eeb60bca04ddf721ef84034acb3c244b013d4f396881b1948239de6328af5,1307,0,"During the appeal period, our Class A common stock remains listed on the NYSE, though trading in the Class A common stock is suspended.",,,,,,,,,
CAL-0458,8k_halt,QTIH,0001844505,8-K,2025-05-13,"2.02,8.01,9.01",0001844505-25-000052,https://www.sec.gov/Archives/edgar/data/1844505/000184450525000052/qti-20250513.htm,"fts:""suspended trading""",text/0001844505-25-000052.txt,b6040d91442976ac3ec01a8df2422d6215f1f740ec2fc90c7081a717b9f7fdce,1440,0,"(the ""Company"") has received written notice from The Nasdaq Stock Market LLC (""Nasdaq"") that it has commenced proceedings to delist the Company's common stock (ticker symbol: QTI) from Nasdaq, and suspended trading in the Company's common stock pending the completion of such proceedings.",,,,,,,,,
CAL-0459,8k_halt,QTIH,0001844505,8-K,2025-05-21,"7.01,9.01",0001844505-25-000055,https://www.sec.gov/Archives/edgar/data/1844505/000184450525000055/qti-20250521.htm,"fts:""suspended trading""",text/0001844505-25-000055.txt,5f3e668a02a87df049197defeb2d469dae37d92a46f5872421574e6866022330,1435,0,"(the ""Company"") has received written notice from The Nasdaq Stock Market LLC (""Nasdaq"") that it has commenced proceedings to delist the Company's common stock (ticker symbol: QTI) from Nasdaq, and suspended trading in the Company's common stock pending the completion of such proceedings.",,,,,,,,,
CAL-0460,8k_halt,BHILQ,0001830210,8-K,2025-05-27,"1.01,1.03,2.01,5.02,5.03,7.01,9.01",0001104659-25-052703,https://www.sec.gov/Archives/edgar/data/1830210/000110465925052703/tm2515920d1_8k.htm,"fts:""suspended trading""",text/0001104659-25-052703.txt,4cc9fe7c58d846343c45a7f3d17e3a7dcc54556bc32d6a036963b612cf1a41ac,4644,0,"Louis, Missouri 63132

(Address of principal executive offices)

(314) 222-8218

(Registrant's telephone number, including area code)

Not Applicable 

(Former name or former address, if changed since last report)

Check the appropriate box below if the Form 8-K filing is intended to simultaneously ",,,,,,,,,
CAL-0461,8k_halt,QTIH,0001844505,8-K,2025-06-18,"8.01,9.01",0001844505-25-000061,https://www.sec.gov/Archives/edgar/data/1844505/000184450525000061/qti-20250618.htm,"fts:""suspended trading""",text/0001844505-25-000061.txt,a583abd9519d664bbbfa6a444a936f295630891fae1271fb877d2ea04ab398c7,1337,0,"(the ""Company"") has received written notice from The Nasdaq Stock Market LLC (""Nasdaq"") that it has commenced proceedings to delist the Company's common stock (ticker symbol: QTI) from Nasdaq, and suspended trading in the Company's common stock pending the completion of such proceedings.",,,,,,,,,
CAL-0462,8k_halt,AVPT,0001777921,8-K,2025-07-16,"8.01,9.01",0001437749-25-022832,https://www.sec.gov/Archives/edgar/data/1777921/000143774925022832/avpt20250709_8k.htm,"fts:""trading suspension""",text/0001437749-25-022832.txt,031d0e59407778fe6d7b4a221bea6c2dba65951b7183d3945e521210e1d68eb2,1250,0,"In connection with the redemption, the Warrants ceased trading on the Nasdaq Global Select Market (""Nasdaq"") and will be delisted, with the trading suspension effective on July 11, 2025.",,,,,,,,,
CAL-0463,8k_halt,SNTW,0001619096,8-K,2025-08-12,8.01,0001091818-25-000102,https://www.sec.gov/Archives/edgar/data/1619096/000109181825000102/sntw08112025_8k.htm,"fts:""trading suspension""",text/0001091818-25-000102.txt,f3bd1dda146b3c63f9f7b9d45a7ee27e9d359a2b173527bed9b33227f4a4956c,1641,0,"(the ""Company"") is currently subject to a temporary trading suspension imposed by the British Columbia Securities Commission (BCSC) in connection with the requirement to appoint an independent auditor licensed by both the Public Company Accounting Oversight Board (PCAOB and the Canadian Public Accou",,,,,,,,,
CAL-0464,8k_halt,NBY,0001389545,8-K,2025-08-19,"1.01,3.02,3.03,5.02,5.03,8.01,9.01",0001829126-25-006520,https://www.sec.gov/Archives/edgar/data/1389545/000182912625006520/novabay_8k.htm,"fts:""trading suspension""",text/0001829126-25-006520.txt,0a93d0b37b788c98f7ee70adc66cc02b7cd306e7b4ae0040093d5ab200a7c598,21707,0,"Lazar is subject to the satisfaction or waiver of, among other customary closing conditions, the Company's receipt of the Conversion Approval, the accuracy of the representations and warranties of each of the parties in the Purchase Agreement, the compliance by the parties with the covenants in the ",,,,,,,,,
CAL-0465,8k_halt,KDP,0001418135,8-K,2025-08-25,"1.01,2.03,7.01,9.01",0000950142-25-002257,https://www.sec.gov/Archives/edgar/data/1418135/000095014225002257/eh250670939_8k.htm,"fts:""trading suspension""",text/0000950142-25-002257.txt,f2cfad31544e3565eb385bf9f190a1e1864917a36932c32f9be095a57f1d303b,6471,0,and (xi) no trading suspension of the Shares as a result of a listing measure.,,,,,,,,,
CAL-0466,8k_halt,CIK,0001830210,8-K,2025-09-03,"1.03,5.02,7.01,9.01",0001104659-25-086777,https://www.sec.gov/Archives/edgar/data/1830210/000110465925086777/tm2525102d1_8k.htm,"fts:""suspended trading""",text/0001104659-25-086777.txt,b90bf515aad837b921f62c8ec805f17bb1ed44cec7f07aae389dd2c0c7a36ab3,3531,0,"Louis, Missouri 63132

(Address of principal executive offices)

(314) 222-8218

(Registrant's telephone number, including area code)

Not Applicable 

(Former name or former address, if changed since last report)

Check the appropriate box below if the Form 8-K filing is intended to simultaneously ",,,,,,,,,
CAL-0467,8k_halt,IROH,0001901203,8-K,2025-10-06,"1.01,2.01,3.02,3.03,5.01,5.02,5.03,5.05,5.06,8.01,9.01",0001213900-25-096652,https://www.sec.gov/Archives/edgar/data/1901203/000121390025096652/ea0260352-8k_cnhealthy.htm,"fts:""halted trading""",text/0001213900-25-096652.txt,08eae44078047eedbf4ee216dde4f2977d6232619dab63b13a530afdc50d1079,30000,1,"As a result, Nasdaq has halted trading in the Company's Common Stock and Warrants while it seeks clarification of these matters from the Company.",,,,,,,,,
CAL-0468,8k_halt,QBTS,0001907982,8-K,2025-11-21,"8.01,9.01",0001907982-25-000258,https://www.sec.gov/Archives/edgar/data/1907982/000190798225000258/qbts-20251121.htm,"fts:""trading suspension""",text/0001907982-25-000258.txt,8e7d50e998d60af0105b916d95a1aa04fc02eca6f78bded6866c257f4d120375,1804,0,"In connection with the redemption, the Warrants ceased trading on the New York Stock Exchange (the ""NYSE"") and will be delisted, with the trading suspension effective on November 18, 2025.",,,,,,,,,
CAL-0469,8k_halt,NUTR,0002006468,8-K,2026-02-03,"7.01,8.01",0001493152-26-004938,https://www.sec.gov/Archives/edgar/data/2006468/000149315226004938/form8-k.htm,"fts:""trading suspension""",text/0001493152-26-004938.txt,1505c26dbc5eca6f5f025cfabfe8cdf62740a3ebcfedffdd3e87da495f2bfa96,1134,0,The Company wishes to inform its shareholders and the investing public that its daily business operations remain normal and have not been materially affected by the ongoing trading suspension.,,,,,,,,,
CAL-0470,8k_halt,MYNZ,0001874252,8-K,2026-02-17,"1.01,3.02,3.03,5.02,8.01,9.01",0001213900-26-016890,https://www.sec.gov/Archives/edgar/data/1874252/000121390026016890/ea0277246-8k_mainz.htm,"fts:""trading suspension""",text/0001213900-26-016890.txt,d48ae543887bf3191cd42b1f71fa60ef7707ffa8612618460e97e38a71629bbf,8118,0,"The consummation of the Final Closing is subject to the satisfaction or waiver of, among other customary closing conditions, our receipt of the Conversion Approval, the accuracy of the representations and warranties of each of the parties in the Purchase Agreement, the compliance by the parties with",,,,,,,,,
CAL-0471,8k_halt,BZYR,0000724445,8-K,2026-05-12,8.01,0001104659-26-059409,https://www.sec.gov/Archives/edgar/data/724445/000110465926059409/tm2614062d1_8k.htm,"fts:""trading suspension""",text/0001104659-26-059409.txt,8299ef023c54d043352f4606040e9dae6dc5c1850a67fc7bae09cb5682b615d9,1914,0,"If the Company's Exchange Act registration is suspended or revoked, or if a trading suspension occurs, broker-dealers may be restricted under applicable SEC rules from publishing quotations for the Company's securities, and trading liquidity, if any, could be severely reduced or eliminated.",,,,,,,,,
CAL-0472,8k_halt,AVO,0001802974,8-K,2026-05-29,"2.01,5.02,7.01,9.01",0001193125-26-246175,https://www.sec.gov/Archives/edgar/data/1802974/000119312526246175/d227819d8k.htm,"fts:""suspended trading""",text/0001193125-26-246175.txt,a17a809f18d09f3dbf1489f0b69487783abd9f980dab1ff93911e43f4f034b89,4965,0,"On May 28, 2026, Nasdaq filed with the SEC a Notification of Removal from Listing and/or Registration Under Section 12(b) of the Securities and Exchange Act of 1934, as amended (the ""Exchange Act""), on Form 25 to remove shares of Calavo Common Stock from listing on Nasdaq and withdraw the registrati",,,,,,,,,
CAL-0473,8k_split_topup,HSDT,0001610853,8-K,2025-04-30,"3.03,5.03,8.01,9.01",0001558370-25-005939,https://www.sec.gov/Archives/edgar/data/1610853/000155837025005939/hsdt-20250430x8k.htm,fts:reverse split effective,text/0001558370-25-005939.txt,4967180a310957787c5c474d8bdfa9faf736f8dcfed995b2fd059adf5ad29062,2167,0,"Item 3.03Material Modification to Rights of Security Holders. ​ To the extent required by Item 3.03 of Form 8-K, the information contained in Item 5.03 of this report is incorporated herein by reference. ​ Item 5.03Amendments to Articles of Incorporation or Bylaws; Change in Fiscal Year. ​ As previously disclosed",,,,,,,,,
CAL-0474,8k_split_topup,MNTS,0001781162,8-K,2025-12-15,"3.03,5.03,8.01,9.01",0001140361-25-045491,https://www.sec.gov/Archives/edgar/data/1781162/000114036125045491/ef20061090_8k.htm,fts:reverse split effective,text/0001140361-25-045491.txt,4d158e19f10190b7b63cf779b8d07d07ec8b3beb957b0d1a49ed07ed47f196d4,3052,0,"Item 3.03 Material Modification to Rights of Security Holders On December 3, 2025, the Board of Directors (the ""Board"") of Momentus Inc., a Delaware corporation (the ""Company"") approved a reverse stock split of the Company's issued and outstanding shares of Class A Common Stock, $0.00001 par value per share (the ""Com",,,,,,,,,
CAL-0475,8k_split_topup,UPLD,0001505155,8-K,2026-06-04,"5.02,5.03,5.07,9.01",0001505155-26-000039,https://www.sec.gov/Archives/edgar/data/1505155/000150515526000039/upld-20260603.htm,fts:reverse split effective,text/0001505155-26-000039.txt,279cc641bfa39aaf711d207607537691dfa3015fdd5b80406f4cd841b7ba27d4,3294,0,"Item 5.02. Departure of Directors or Certain Officers; Election of Directors; Appointment of Certain Officers; Compensatory Arrangements of Certain Officers. As described in Item 5.07 below, on June 3, 2026, at the Annual Meeting, the stockholders of Upland Software, Inc. (the ""Company"") approved an amendment (the ""Eq",,,,,,,,,
CAL-0476,8k_split_topup,TGL,0001905956,8-K,2025-12-08,"5.03,7.01,9.01",0001213900-25-119226,https://www.sec.gov/Archives/edgar/data/1905956/000121390025119226/ea0268483-8k_treasure.htm,fts:reverse split effective,text/0001213900-25-119226.txt,a9d3783ea5f75736bfff29b1240f28dcc0d6494b461339219d9b0d591eaa43df,2035,0,"Item 5.03 Amendments to Articles of Incorporation or Bylaws; Change in Fiscal Year As previously reported in a Current Report on Form 8-K filed by the Company on November 25, 2025, the Company held a special meeting of stockholders (the ""Special Meeting""). At the Special Meeting, the stockholders of the Company approv",,,,,,,,,
CAL-0477,8k_split_topup,ILAL,0001657214,8-K,2026-02-04,"3.03,5.03,5.07,8.01,9.01",0001493152-26-005035,https://www.sec.gov/Archives/edgar/data/1657214/000149315226005035/form8-k.htm,fts:reverse split effective,text/0001493152-26-005035.txt,40a32bcd3b6446b95639045bd9c32ad64ce859fb1d39076e6cbd9b4e46242a33,2304,0,"Item 3.03 Material Modification to Rights of Security Holders. To the extent required by Item 3.03 of Form 8-K, the information regarding the Reverse Stock Split (as defined herein) contained in Item 5.03 of this Current Report on Form 8-K is incorporated by reference herein. Item 5.03 Amendments to Articles of Incor",,,,,,,,,
CAL-0478,8k_split_topup,RMXI,0001970743,8-K,2026-07-24,"3.03,5.03,7.01,9.01",0001213900-26-081358,https://www.sec.gov/Archives/edgar/data/1970743/000121390026081358/ea0298962-8k_rmx.htm,fts:reverse split effective,text/0001213900-26-081358.txt,8fe2af35741dc544b8320a53b013d88df42cec6270be9118204315b8a90a4251,2695,0,Item 3.03 Material Modification to Rights of Security Holders. The information set forth in Item 5.03 of this Current Report on Form 8-K is incorporated by reference into this Item 3.03. A copy of the Certificate of Change described in Item 5.03 is filed as Exhibit 3.1 to this Current Report on Form 8-K. Item 5.03 Am,,,,,,,,,
CAL-0479,8k_split_topup,PED,0001141197,8-K,2025-11-03,"1.01,2.01,2.03,3.02,3.03,5.02,5.03,5.07,7.01,9.01",0001654954-25-012450,https://www.sec.gov/Archives/edgar/data/1141197/000165495425012450/ped_8k.htm,fts:reverse split effective,text/0001654954-25-012450.txt,78bc4602e4697afd91d64b29e1604c868c04ff67ac6bcfcecfb2031441034992,29021,0,"Item 1.01 Entry into a Material Definitive Agreement. Merger Agreement On October 31, 2025 (the ""Closing Date""), PEDEVCO Corp., a Texas corporation (the ""Company"", ""PEDEVCO"", ""we"" and ""us""), entered into an Agreement and Plan of Merger (the ""Merger Agreement""), with NP Merger Sub, LLC, a Delaware limited liability c",,,,,,,,,
CAL-0480,8k_split_topup,ASST,0001920406,8-K,2026-02-03,"3.03,5.03,9.01",0000950103-26-001560,https://www.sec.gov/Archives/edgar/data/1920406/000095010326001560/dp240990_8k.htm,fts:reverse split effective,text/0000950103-26-001560.txt,2a8493ccf4f228031ffe9e38ecacdc0f2d1dd9795f3d4270a645505eabb90e0d,2588,0,"Item 3.03. Material Modification to Rights of Security Holders. The information set forth in Item 5.03 of this Current Report on Form 8-K is incorporated by reference herein. Item 5.03. Amendments to Articles of Incorporation or Bylaws; Change in Fiscal Year. As previously disclosed, on January 12, 2026, the Boar",,,,,,,,,
CAL-0481,8k_split_topup,SVC,0000945394,8-K,2026-07-06,"5.03,9.01",0001104659-26-080829,https://www.sec.gov/Archives/edgar/data/945394/000110465926080829/tm2619808d1_8k.htm,fts:reverse split effective,text/0001104659-26-080829.txt,eecaaa097067a6c9013ffa5cb141d83afc40d4ca5b7cb8b98113b43fdc4d578d,1486,0,"Item 5.03. Amendments to Articles of Incorporation or Bylaws. On July 6, 2026, we effected a reverse split of our common shares of beneficial interest, par value $.01 per share, or the Reverse Share Split, pursuant to Articles of Amendment to our Amended and Restated Declaration of Trust which we filed and which were",,,,,,,,,
CAL-0482,8k_split_topup,ARTL,0001621221,8-K,2025-06-13,"3.03,5.03,8.01,9.01",0001640334-25-001046,https://www.sec.gov/Archives/edgar/data/1621221/000164033425001046/artl_8k.htm,fts:reverse split effective,text/0001640334-25-001046.txt,10b8e15426310bd566ea85abf4aa55da953fa1cef55667e1b2fb89a1af73e32a,2068,0,Item 3.03. Material Modification to Rights of Security Holders. The information set forth in Item 5.03 of this Current Report on Form 8-K is incorporated by reference into this Item 3.03. A copy of the Certificate of Change described in Item 5.03 is filed as Exhibit 3.1 to this Current Report on Form 8-K. Item 5.03.,,,,,,,,,
CAL-0483,8k_split_topup,BOXL,0001624512,8-K,2025-12-19,"3.03,5.03,7.01,9.01",0001628280-25-058104,https://www.sec.gov/Archives/edgar/data/1624512/000162828025058104/boxl-20251219.htm,fts:reverse split effective,text/0001628280-25-058104.txt,6fdb546f3aac5d8fa6ebfd35e4c5715fdabdc65793a324b9ab817b89f8e4c200,3650,0,"Item 3.03 Material Modification to Rights of Security Holders. 1-for-6 Reverse Stock Split The Board of Directors (""Board"") of Boxlight Corporation, a Nevada corporation (the ""Company""), approved a reverse stock split of the Company's authorized, issued and outstanding shares of Class A common stock, par value $0.000",,,,,,,,,
CAL-0484,8k_split_topup,ALVR,0001754068,8-K,2025-01-15,"3.03,5.03,9.01",0001193125-25-007077,https://www.sec.gov/Archives/edgar/data/1754068/000119312525007077/d900097d8k.htm,fts:reverse split effective,text/0001193125-25-007077.txt,b1d932959db9eb1573ca25259a889b4c09964112e8071d80cc8256634b6d10ad,3375,0,"Item 3.03 Material Modifications to Rights of Security Holders. To the extent required by Item 3.03 of Form 8-K, the information regarding the Reverse Stock Split (as defined below) contained in Item 5.03 of this Current Report on Form 8-K is incorporated by reference herein. Item 5.03 Amendments to Articles of",,,,,,,,,
CAL-0485,8k_split_topup,BOXL,0001624512,8-K,2025-02-13,"3.03,5.03,7.01,9.01",0001628280-25-005314,https://www.sec.gov/Archives/edgar/data/1624512/000162828025005314/boxl-20250212.htm,fts:reverse split effective,text/0001628280-25-005314.txt,5e0560fd5a18509777fc342774635476514bd6329cebe03a56bd3935e4f22d04,4603,0,"Item 3.03 Material Modification to Rights of Security Holders. The Board of Directors (""Board"") of Boxlight Corporation, a Nevada corporation (the ""Company""), approved a reverse stock split of the Company's authorized, issued and outstanding shares of Class A common stock, par value $0.0001 per share (""Class A Common",,,,,,,,,
CAL-0486,8k_split_topup,BOXL,0001624512,8-K,2026-06-22,"3.03,5.03,7.01",0001213900-26-070452,https://www.sec.gov/Archives/edgar/data/1624512/000121390026070452/ea0295025-8k_boxlight.htm,fts:reverse split effective,text/0001213900-26-070452.txt,bfe83e193074aaf51a6b2ae3fd139d6bb6bf77dac03dfdf046fc717668e28d24,3616,0,"Item 3.03 Material Modification to Rights of Security Holders. 1-for-6 Reverse Stock Split The Board of Directors (""Board"") of Boxlight Corporation, a Nevada corporation (the ""Company""), approved a reverse stock split of the Company's authorized, issued and outstanding shares of Class A common stock, par value $0.000",,,,,,,,,
CAL-0487,8k_split_topup,QTIH,0001844505,8-K,2025-10-23,"3.03,5.03,9.01",0001628280-25-046110,https://www.sec.gov/Archives/edgar/data/1844505/000162828025046110/qti-20251023.htm,fts:reverse split effective,text/0001628280-25-046110.txt,8eadc4fde0e447c29bc64e551b7a7db403850ff7cadb41c82e35803b1f579423,1528,0,"Item 3.03 Material Modification to Rights of Security Holders As previously disclosed in the Current Report on Form 8-K filed by QT Imaging Holdings, Inc. (the ""Company"") with the U.S. Securities and Exchange Commission (the ""SEC"") on August 20, 2025, and again in the Current Report on Form 8-K filed by the Company wi",,,,,,,,,
CAL-0488,8k_split_topup,DCOY,0001615219,8-K,2026-03-05,"3.03,5.03,8.01,9.01",0001193125-26-092748,https://www.sec.gov/Archives/edgar/data/1615219/000119312526092748/dcoy-20260305.htm,fts:reverse split effective,text/0001193125-26-092748.txt,ecc9ec206912938948b745463f3c843cd99af97ab8879af50b02248165e27c87,2110,0,"Item 3.03 Material Modification to Rights of Security Holders. To the extent required by Item 3.03 of Form 8-K, the information contained in Item 5.03 of this Current Report on Form 8-K (the ""Report"") is incorporated herein by reference. Item 5.03 Amendments to Articles of Incorporation or Bylaws; Change in Fiscal Ye",,,,,,,,,
CAL-0489,8k_split_topup,HFUS,0001482554,8-K,2025-04-07,"3.03,5.03,9.01",0001641172-25-002882,https://www.sec.gov/Archives/edgar/data/1482554/000164117225002882/form8-k.htm,fts:reverse split effective,text/0001641172-25-002882.txt,082497ff6c82271e88c6dc87d71e120a1f5408833004365f59d6d1e33e541f96,2505,0,"Item 3.03. Material Modification to Rights of Security Holders. On March 28, 2025, the Board of Directors (the ""Board"") of Hartford Creative Group, Inc. (the ""Company"") approved by unanimous written consent a reverse stock split (the ""Reverse Split"") of the Company's authorized shares and issued and outstanding shares",,,,,,,,,
CAL-0490,8k_split_topup,GMRE,0001533615,8-K,2025-09-19,"3.03,5.03,7.01,8.01,9.01",0001104659-25-091732,https://www.sec.gov/Archives/edgar/data/1533615/000110465925091732/tm2526504d1_8k.htm,fts:reverse split effective,text/0001104659-25-091732.txt,ff68d1b5d81baf83266bab4538cd4468f6d537982dc8f0738d21fb0d39da2671,2393,0,"Item 3.03 Material Modification to Rights of Security Holders. On September 18, 2025, in connection with the previously announced one-for-five reverse stock split (the ""Reverse Stock Split"") of shares of common stock, par value $0.001 per share (the ""Common Stock""), of Global Medical REIT Inc. (the ""Company""), the Co",,,,,,,,,
CAL-0491,8k_split_topup,APM,0001734005,8-K,2026-07-20,"2.01,3.03,5.02,5.03,8.01,9.01",0001213900-26-079416,https://www.sec.gov/Archives/edgar/data/1734005/000121390026079416/ea0298262-8k_nikibio.htm,fts:reverse split effective,text/0001213900-26-079416.txt,1327a4aff9804c2c94ea764665577051dd5335e8a1e7ce225c93f43ce01bb300,5125,0,"Item 2.01. Completion of Acquisition or Disposition of Assets. On July 20, 2026 (the ""Closing Date""), after obtaining the requisite shareholder approval and satisfying the closing conditions, Aptorum consummated its previously announced merger (the ""Closing"") pursuant to that certain Agreement and Plan of Merger on Ju",,,,,,,,,
CAL-0492,8k_split_topup,REVB,0001810560,8-K,2025-01-30,"3.03,5.03,9.01",0000950170-25-011197,https://www.sec.gov/Archives/edgar/data/1810560/000095017025011197/revb-20250128.htm,fts:reverse split effective,text/0000950170-25-011197.txt,ba4c6e1b77d587cbedcab4fbae04a5eeeb8fd87e202c37252d6bfab516c42da3,1989,0,"Item 3.03. Material Modification of Rights to Security Holders. To the extent required by Item 3.03 of Form 8-K, the information contained in Item 5.03 of this report is incorporated herein by reference. Item 5.03. Amendment to Articles of Incorporation or Bylaws; Change in Fiscal Year. As previously disclosed, on J",,,,,,,,,
CAL-0493,8k_split_topup,LXP,0000910108,8-K,2025-11-12,"3.03,5.02,5.03,7.01,8.01,9.01",0000910108-25-000074,https://www.sec.gov/Archives/edgar/data/910108/000091010825000074/lxp-20251110.htm,fts:reverse split effective,text/0000910108-25-000074.txt,c83bf2ff3c92ca39252b3df4fd5d5aec1c6b473f6a5c5f2de8b1c0674f660081,2829,0,"Item 3.03 Material Modifications to Rights of Security Holders. The disclosure set forth under Items 5.02, 5.03 and 8.01 below is incorporated herein by reference. Item 5.02 Departure of Directors or Principal Officers; Election of Directors; Appointment of Principal Officers; Compensatory Arrangements Of Certain Off",,,,,,,,,
CAL-0494,8k_split_topup,ICU,0001831868,8-K,2025-12-18,"3.03,5.07",0001437749-25-038276,https://www.sec.gov/Archives/edgar/data/1831868/000143774925038276/icu20251217_8k.htm,fts:reverse split effective,text/0001437749-25-038276.txt,4b7497ed1976bece28497900a198cabd1af7f53692c42bd81a6af265997a4fc8,1843,0,"Item 3.03 - Material Modification to Rights of Security Holders On December 18, 2025, SeaStar Medical Holding Corporation (""the Company"") held a special meeting of the shareholders (the ""Special Meeting"") during which the stockholders approved a 1-for-10 reverse stock split of the Company's common stock (the ""Reverse",,,,,,,,,
CAL-0495,8k_split_topup,GCAN,0001695473,8-K/A,2025-10-16,"5.03,8.01,9.01",0001493152-25-018271,https://www.sec.gov/Archives/edgar/data/1695473/000149315225018271/form8-ka.htm,fts:reverse split effective,text/0001493152-25-018271.txt,ee3ef51adb75778d09b0d1cdcc3d75e141b5a346e8baa3ad5d2563ae7fe6cbe8,2147,0,"Item 5.03 Amendments to Articles of Incorporation or Bylaws; Change in Fiscal Year. The disclosure set forth in Item 8.01 of this Current Report on Form 8-K is incorporated into this item by reference. Item 8.01 Other Matters. Reverse Stock Split We are implementing a 1-for-1,500 reverse split of the Company's comm",,,,,,,,,
CAL-0496,8k_split_topup,KATX,0001474558,8-K,2025-05-23,"1.01,5.02,5.03,5.06,9.01",0001683168-25-003968,https://www.sec.gov/Archives/edgar/data/1474558/000168316825003968/golkor_8k.htm,fts:reverse split effective,text/0001683168-25-003968.txt,ae38f5d9859a9d86810ac8fc0e1038c8a949e5d8cafe222a31f28f9934240a42,2059,0,"Item 1.01 Entry into a Material Definitive Agreement. GS Mining Joint Venture On January 6, 2025, the Golkor Inc. (""Company"") entered into a joint venture with GS Mining Company LLC (""GS Mining""), whereby GS Mining contributed mine leases and other agreements to a newly created limited liability, Golkor Colorado Mini",,,,,,,,,
CAL-0497,8k_split_topup,ADTX,0001726711,8-K,2026-03-05,"3.03,5.03,7.01,9.01",0001213900-26-023888,https://www.sec.gov/Archives/edgar/data/1726711/000121390026023888/ea0280063-8k_aditxt.htm,fts:reverse split effective,text/0001213900-26-023888.txt,a9470429ec7ce1f5610f9eac1177648286922febcb9baea7814fcc5230c3d1a2,2120,0,"Item 3.03 Material Modification to Rights of Security Holders. To the extent required by Item 3.03 of Form 8-K, the information contained in Item 5.03 of this Current Report on Form 8-K is incorporated herein by reference. Item 5.03 Amendments to Articles of Incorporation or Bylaws; Change in Fiscal Year As previous",,,,,,,,,
CAL-0498,8k_split_topup,VEEE,0001855509,8-K,2026-04-30,"5.03,8.01,9.01",0001731122-26-000632,https://www.sec.gov/Archives/edgar/data/1855509/000173112226000632/e7587_8-k.htm,fts:reverse split effective,text/0001731122-26-000632.txt,79324edd57788c355fe2b199e3bdd87adf07b6353e355eea38aaa2a086372fa7,2019,0,"Item 5.03 Amendments to Articles of Incorporation or Bylaws; Change in Fiscal Year. On April 30, 2026, Twin Vee PowerCats Co. (the ""Company"") filed a Certificate of Change with the Nevada Secretary of State (the ""Certificate of Change"") to amend its Articles of Incorporation to effect a 1-for-37 reverse stock split of",,,,,,,,,
CAL-0499,8k_split_topup,ASBP,0001847345,8-K,2026-05-14,"5.03,9.01",0001493152-26-023069,https://www.sec.gov/Archives/edgar/data/1847345/000149315226023069/form8-k.htm,fts:reverse split effective,text/0001493152-26-023069.txt,a4be4ed3ba189152bb14200f85921efd5f74c9aef7bbee94fa14ca352a4e27b2,1356,0,"Item 5.03. Amendments to Articles of Incorporation or Bylaws; Change in Fiscal Year. On May 11, 2026, Aspire Biopharma Holdings, Inc. (the ""Company"") filed with the Secretary of State of the State of Delaware a Certificate of Amendment to the Company's Certificate of Incorporation (the ""Certificate of Amendment""). Pu",,,,,,,,,
CAL-0500,8k_split_topup,INUV,0000829323,8-K,2025-06-10,"3.03,5.03,9.01",0001654954-25-006796,https://www.sec.gov/Archives/edgar/data/829323/000165495425006796/inuvo_8k.htm,fts:reverse split effective,text/0001654954-25-006796.txt,1bc5d91111e04fbfb1801d61f13cd60a462e9f4738db7a324b3eb5db2f7df18b,1541,0,"Item 3.03. Material Modification to Rights of Security Holders. The information contained in Item 5.03 below is incorporated by reference into this Item 3.03. Item 5.03. Amendments to Articles of Incorporation or Bylaws; Change in Fiscal Year. Inuvo, Inc. (the ""Company"") filed a Certificate of Amendment to the Compa",,,,,,,,,
CAL-0501,8k_split_topup,CHGA,0001630212,8-K,2026-08-31,"3.03,5.03,7.01,9.01",0001213900-26-095707,https://www.sec.gov/Archives/edgar/data/1630212/000121390026095707/ea0303869-8k_change.htm,fts:reverse split effective,text/0001213900-26-095707.txt,0eb06ddd7f01d1615a7708b50ec368cae06d58b1d6ea449f42b9b766d4136b70,2264,0,"Item 3.03 Material Modification to Rights of Security Holders. To the extent required by Item 3.03 of Form 8-K, the information contained in Item 5.03 of this Current Report on Form 8-K is incorporated herein by reference. Item 5.03 Amendments to Articles of Incorporation or Bylaws; Change in Fiscal Year As previous",,,,,,,,,
CAL-0502,8k_split_topup,EZFL,0001817004,8-K,2025-02-18,"1.01,2.01,3.02,5.02,5.03,7.01,9.01",0001493152-25-007213,https://www.sec.gov/Archives/edgar/data/1817004/000149315225007213/form8-k.htm,fts:reverse split effective,text/0001493152-25-007213.txt,d5367a55e11173b3c66069994d40b0a612c293753db8f08a53b50c5b6e23a15f,6999,0,"Item 1.01. Entry into a Material Definitive Agreement. On February 13, 2025, NextNRG, Inc. (formerly known as EzFill Holdings, Inc.), a Delaware corporation (the ""Company""), entered into an Underwriting Agreement (the ""Underwriting Agreement"") with ThinkEquity LLC (""Representative""), as representative of the underwri",,,,,,,,,
CAL-0503,8k_split_topup,GRYP,0001755953,8-K,2025-09-03,"1.01,1.02,2.01,3.02,3.03,5.01,5.02,5.03,5.05,7.01,8.01,9.01",0001213900-25-083726,https://www.sec.gov/Archives/edgar/data/1755953/000121390025083726/ea0255440-8k_american.htm,fts:reverse split effective,text/0001213900-25-083726.txt,3720a97a2a45de77e51c852d07c6d01fff172d895c8a8f4bb5bb82b3d0035e00,10910,0,"Item 1.01 Entry into a Material Definitive Agreement. On September 3, 2025, the Combined Company entered into separate indemnification agreements with each of its directors and executive officers that, among other things, provide for indemnification and advancement of certain expenses and costs relating to claims, sui",,,,,,,,,
CAL-0504,8k_split_topup,GCAN,0001695473,8-K,2025-10-15,"5.03,8.01,9.01",0001493152-25-018088,https://www.sec.gov/Archives/edgar/data/1695473/000149315225018088/form8-k.htm,fts:reverse split effective,text/0001493152-25-018088.txt,f575033ab9a117a5f127404d85ab1d4369f2d2d318b0ae514e5c3450f63cac7c,1938,0,"Item 5.03 Amendments to Articles of Incorporation or Bylaws; Change in Fiscal Year. The disclosure set forth in Item 8.01 of this Current Report on Form 8-K is incorporated into this item by reference. Item 8.01 Other Matters. Reverse Stock Split We are implementing a 1-for-1,500 Reverse Split of the Company's comm",,,,,,,,,
CAL-0505,8k_split_topup,TLRY,0001731348,8-K,2025-11-26,"3.03,5.03,8.01,9.01",0001437749-25-036448,https://www.sec.gov/Archives/edgar/data/1731348/000143774925036448/tlry20251122_8k.htm,fts:reverse split effective,text/0001437749-25-036448.txt,5931dcfe61d9074820664ea9fdcd76226acaf41d322ef8c2b7266657a480dcaf,1860,0,"Item 3.03 Material Modification to Rights of Security Holders. The board of directors (""Board"") of Tilray Brands, Inc., a Delaware corporation (the ""Company"" or ""Tilray""), approved the implementation of a reverse stock split of the Company's outstanding shares of common stock, par value $0.0001 per share (""Common Stoc",,,,,,,,,
CAL-0506,8k_split_topup,SEGG,0001673481,8-K,2025-09-05,"5.03,9.01",0001641172-25-026726,https://www.sec.gov/Archives/edgar/data/1673481/000164117225026726/form8-k.htm,fts:reverse split effective,text/0001641172-25-026726.txt,b6ec2cfa623552075bf4c20700cfdf70ff41d70d4bac0518f00c040d93279e13,1706,0,"Item 5.03. Amendments to Articles of Incorporation or Bylaws; Change in Fiscal Year. On August 28, 2025, Lottery.com Inc. (the ""Company"") filed a Certificate of Amendment (the ""Certificate of Amendment"") with the Secretary of State of the State of Delaware to amend the Company's Third Amended and Restated Certificate",,,,,,,,,
CAL-0507,8k_split_topup,CNSP,0001729427,8-K,2025-07-22,"3.03,5.03,8.01,9.01",0001683168-25-005284,https://www.sec.gov/Archives/edgar/data/1729427/000168316825005284/cns_8k.htm,fts:reverse split effective,text/0001683168-25-005284.txt,0dcce217491c834ef81c3af80d486c1ce9688ab39ff1bb652cadd4b7887d8401,2021,0,Item 3.03. Material Modification to Rights of Security Holders. The information set forth in Item 5.03 of this Current Report on Form 8-K is incorporated by reference into this Item 3.03. A copy of the Certificate of Change described in Item 5.03 is filed as Exhibit 3.1 to this Current Report on Form 8-K. Item 5.03,,,,,,,,,
CAL-0508,8k_split_topup,PTIX,0001022899,8-K,2025-05-05,"5.03,9.01",0001641172-25-008455,https://www.sec.gov/Archives/edgar/data/1022899/000164117225008455/form8-k.htm,fts:reverse split effective,text/0001641172-25-008455.txt,5dc4a6ebb39bce1d9b7b3405299689b4c0b7b7943cfc8cc262a8c0d195376d27,1751,0,"Item 5.03. Amendments to Articles of Incorporation or Bylaws; Change in Fiscal Year. As previously disclosed, Protagenic Therapeutics, Inc (the ""Company"") held its special meeting of stockholders on April 18, 2025 (the ""Meeting""). At the Meeting, the Company's stockholders approved a proposal to amend the Company's Th",,,,,,,,,
CAL-0509,8k_split_topup,NXXT,0001817004,8-K,2026-09-14,"3.03,5.03,8.01,9.01",0001493152-26-042576,https://www.sec.gov/Archives/edgar/data/1817004/000149315226042576/form8-k.htm,fts:reverse split effective,text/0001493152-26-042576.txt,bd821c9ba84874720acd6ab08be1e02bdc3618cbcc0791913d27f1f03e18e977,1517,0,"Item 3.03. Material Modification of Rights to Security Holders. To the extent required by Item 3.03 of Form 8-K, the information contained in Item 5.03 of this report is incorporated herein by reference. Item 5.03. Amendment to Articles of Incorporation or Bylaws; Change in Fiscal Year. On September 10, 2026, NextNR",,,,,,,,,
CAL-0510,8k_split_topup,ARTL,0001621221,8-K,2026-03-06,"3.03,5.03,8.01,9.01",0001640334-26-000395,https://www.sec.gov/Archives/edgar/data/1621221/000164033426000395/artl_8k.htm,fts:reverse split effective,text/0001640334-26-000395.txt,97fe8da6266e8193ed30c6954a329cc2adbb5326a074defb670b221cc3774e07,1668,0,Item 3.03. Material Modification to Rights of Security Holders. The information set forth in Item 5.03 of this Current Report on Form 8-K is incorporated by reference into this Item 3.03. A copy of the Certificate of Change described in Item 5.03 is filed as Exhibit 3.1 to this Current Report on Form 8-K. Item 5.03.,,,,,,,,,
CAL-0511,8k_split_topup,FCUV,0001590418,8-K,2026-02-05,"3.03,5.03,9.01",0001683168-26-000776,https://www.sec.gov/Archives/edgar/data/1590418/000168316826000776/focus_8k.htm,fts:reverse split effective,text/0001683168-26-000776.txt,84c183cc552205a64341737e0c357c1f2c786397251df8ddab0fed45dd15402e,2248,0,"Item 3.03 Material Modification to Rights of Security Holders. The Board of Directors and stockholders of Focus Universal Inc., a Nevada corporation (the ""Company"") approved a reverse stock split of the Company's issued and outstanding shares of common stock, par value $0.001 per share (the ""Common Stock"") at a ratio",,,,,,,,,
CAL-0512,8k_split_topup,REVB,0001810560,8-K,2025-07-09,"3.03,5.03,8.01,9.01",0000950170-25-094789,https://www.sec.gov/Archives/edgar/data/1810560/000095017025094789/revb-20250707.htm,fts:reverse split effective,text/0000950170-25-094789.txt,3b405ca1a106deed81eed1245af27fd0da5b472b36ac1cbe680d9c655ebc5aa9,2088,0,"Item 3.03. Material Modification of Rights to Security Holders. To the extent required by Item 3.03 of Form 8-K, the information contained in Item 5.03 of this report is incorporated herein by reference. Item 5.03. Amendment to Articles of Incorporation or Bylaws; Change in Fiscal Year. As previously disclosed, on J",,,,,,,,,
CAL-0513,8k_split_topup,FEED,0001326706,8-K,2026-08-31,"5.03,8.01,9.01",0001493152-26-040814,https://www.sec.gov/Archives/edgar/data/1326706/000149315226040814/form8-k.htm,fts:reverse split effective,text/0001493152-26-040814.txt,48b5d23f58561508e9b08bd9a69f5646c27149d57dc0778ddb24bd8cefbd61f0,2239,0,"Item 5.03 Amendments to Articles of Incorporation or By-Laws; Change in Fiscal Year. Effective as of September 1, 2026, ENvue Medical, Inc. (the ""Company"") will effect a reverse stock split of its outstanding shares of common stock at a ratio of twelve-for-one (the ""Reverse Split""). The Reverse Split, which was appro",,,,,,,,,
CAL-0514,8k_split_topup,DRIO,0001533998,8-K,2025-08-25,"5.03,8.01,9.01",0001104659-25-082513,https://www.sec.gov/Archives/edgar/data/1533998/000110465925082513/tm2524185d1_8k.htm,fts:reverse split effective,text/0001104659-25-082513.txt,11e63d1a18fd90861010c78fafcbb8ce0a6f990785fe1d38690a4b076b639382,2256,0,"Item 5.03 Amendments to Articles of Incorporation or By-Laws; Change in Fiscal Year. Effective as of August 28, 2025, DarioHealth Corp. (the ""Company"") will effect a reverse stock split of its outstanding shares of common stock at a ratio of twenty -for- one (the ""Reverse Split""). The Reverse Split, which was approve",,,,,,,,,
CAL-0515,8k_split_topup,ADTX,0001726711,8-K,2026-05-15,"3.03,5.03,7.01,9.01",0001213900-26-057811,https://www.sec.gov/Archives/edgar/data/1726711/000121390026057811/ea0290707-8k_aditxt.htm,fts:reverse split effective,text/0001213900-26-057811.txt,cf847defb5b7a9aeaf72a73c54210cbcc73aaea33ca6e8fb29e0e7726cdec6ec,2112,0,"Item 3.03 Material Modification to Rights of Security Holders. To the extent required by Item 3.03 of Form 8-K, the information contained in Item 5.03 of this Current Report on Form 8-K is incorporated herein by reference. Item 5.03 Amendments to Articles of Incorporation or Bylaws; Change in Fiscal Year As previous",,,,,,,,,
CAL-0516,8k_split_topup,WKHS,0001425287,8-K,2025-03-12,"3.03,5.03,7.01,9.01",0001213900-25-022950,https://www.sec.gov/Archives/edgar/data/1425287/000121390025022950/ea0234041-8k_work.htm,fts:reverse split effective,text/0001213900-25-022950.txt,c1fde37e1c0bcaecea35c02d4aebd131d4e15ffd3cf3103d13aafa9726bf5b64,2978,0,"Item 3.03. Material Modification to Rights of Security Holders. On March 12, 2025, Workhorse Group Inc. (the ""Company"") announced that the Board of Directors of the Company approved a reverse stock split (the ""Reverse Split"") of the Company's authorized shares and issued and outstanding shares of common stock, par val",,,,,,,,,
CAL-0517,8k_split_topup,ORGN,0001802457,8-K,2026-03-19,5.03,0001802457-26-000012,https://www.sec.gov/Archives/edgar/data/1802457/000180245726000012/orgn-20260319.htm,fts:reverse split effective,text/0001802457-26-000012.txt,37d2b015acddd68ffc16fbc6751b76255e4681a988e80f022d11f99b617d160f,1819,0,"Item 5.03 Amendments to Articles of Incorporation or Bylaws; Change in Fiscal Year. Reverse Stock Split On March 19, 2026, Origin Materials, Inc., a Delaware corporation (the ""Company""), filed with the Secretary of State of the State of Delaware a Certificate of Amendment to the Company's Certificate of Incorporation",,,,,,,,,
CAL-0518,8k_split_topup,TIVC,0001787740,8-K,2025-03-05,"3.03,5.03,7.01,9.01",0000950170-25-033091,https://www.sec.gov/Archives/edgar/data/1787740/000095017025033091/tivc-20250304.htm,fts:reverse split effective,text/0000950170-25-033091.txt,f9f60ecaf6490c37f63a6945da50e37184487dcd536d05c9a9270bfcca020dcb,4118,0,"Item 3.03 Material Modification to Rights of Security Holders. To the extent required by Item 3.03 of Form 8-K, the information contained in Item 5.03 of this Current Report on Form 8-K (this ""Current Report"") is incorporated by reference herein. Item 5.03 Amendments to Articles of Incorporation or Bylaws; Change in",,,,,,,,,
CAL-0519,8k_split_topup,DAIC,0002033770,8-K,2026-05-28,"3.03,5.03,8.01,9.01",0001213900-26-061794,https://www.sec.gov/Archives/edgar/data/2033770/000121390026061794/ea0292442-8k_cidhold.htm,fts:reverse split effective,text/0001213900-26-061794.txt,212a73c3bdc1329eee7342e568b088f4df94304d17422499cba98ec0616433f5,1780,0,"Item 3.03 Material Modification to Rights of Security Holders. The board of directors (""Board"") of CID HoldCo, Inc., a Delaware corporation (the ""Company""), approved the implementation of a reverse stock split of the Company's outstanding shares of common stock, par value $0.0001 per share (""Common Stock""), at a ratio",,,,,,,,,
CAL-0520,8k_split_topup,BIAF,0001712762,8-K,2026-08-20,"3.03,5.03,7.01,9.01",0001493152-26-039375,https://www.sec.gov/Archives/edgar/data/1712762/000149315226039375/form8-k.htm,fts:reverse split effective,text/0001493152-26-039375.txt,4de2171a7aa227ca83ca67c8657457872f90a9279a5f7fdcdb34b7de6bb22f5d,2319,0,"Item 3.03 Material Modification to Rights of Security Holders. To the extent required by Item 3.03 of Form 8-K, the information contained in Item 5.03 of this Current Report on Form 8-K is incorporated herein by reference. Item 5.03 Amendments to Articles of Incorporation or Bylaws; Change in Fiscal Year As previous",,,,,,,,,
CAL-0521,8k_split_topup,XPON,0001894954,8-K,2026-07-16,"5.03,9.01",0001903596-26-000279,https://www.sec.gov/Archives/edgar/data/1894954/000190359626000279/xpon_8k.htm,fts:reverse split effective,text/0001903596-26-000279.txt,4be88844cce50e52ddb4880dd029d027ee7c14b714b100067ff824303d9b3b1b,1663,0,"Item 5.03. Amendments to Articles of Incorporation or Bylaws; Change in Fiscal Year. On July 7, 2026, the board of directors of Expion360 Inc., a Nevada corporation (the ""Company""), approved a one-for-12 reverse stock split (the ""Reverse Stock Split"") of the Company's common stock, par value $0.001 per share (""Common",,,,,,,,,
CAL-0522,8k_split_topup,AREB,0001648087,8-K,2026-03-23,"3.03,5.03,7.01,9.01",0001493152-26-012022,https://www.sec.gov/Archives/edgar/data/1648087/000149315226012022/form8-k.htm,fts:reverse split effective,text/0001493152-26-012022.txt,665400c352038cfd964a1d1a39eebc4b1cc90070d8f07ce4eadebcce9d2da703,2914,0,"Item 3.03 Material Modification to Rights of Security Holders. To the extent required by Item 3.03 of Form 8-K, the information contained in Item 5.03 herein is incorporated by reference into this Item 3.03. Item 5.03 Amendments to Articles of Incorporation or Bylaws; Change in Fiscal Year. In connection with the co",,,,,,,,,
CAL-0523,8k_split_topup,PSTV,0001095981,8-K,2026-04-02,"3.03,5.03,8.01,9.01",0001193125-26-140267,https://www.sec.gov/Archives/edgar/data/1095981/000119312526140267/pstv-20260401.htm,fts:reverse split effective,text/0001193125-26-140267.txt,053f95a28013c7b09aab5b19d47f89902d085d905850c9562426e22370b4c705,2355,0,"Item 3.03 Material Modification to Rights of Security Holders. To the extent required by Item 3.03 of Form 8-K, the information regarding the Reverse Stock Split (as defined herein) contained in Item 5.03 of this Current Report on Form 8-K is incorporated by reference herein. Item 5.03 Amendments to Articles of Incor",,,,,,,,,
CAL-0524,8k_split_topup,POAI,0001446159,8-K,2025-09-25,"3.03,5.03,5.07,7.01,9.01",0001171843-25-006069,https://www.sec.gov/Archives/edgar/data/1446159/000117184325006069/f8k_092525.htm,fts:reverse split effective,text/0001171843-25-006069.txt,c28a290a6db135bdd3a43928ffe42d752f4c701f84f63e30832af2177484bbf6,2248,0,"Item 3.03. Material Modification to Rights of Security Holders The information set forth under Item 5.03 is incorporated into this Item 3.03 by reference. Item 5.03. Amendments to Articles of Incorporation or Bylaws; Change in Fiscal Year On September 19, 2025, as described below, the stockholders of Predictive Onco",,,,,,,,,
CAL-0525,8k_split_topup,BIAF,0001712762,8-K,2025-09-17,"3.03,5.03,7.01,9.01",0001493152-25-013892,https://www.sec.gov/Archives/edgar/data/1712762/000149315225013892/form8-k.htm,fts:reverse split effective,text/0001493152-25-013892.txt,c68d1bd618c82932d6434cdfcdbb6e55e5f6fb23fe7b1f04073edcb8834ee4c8,2323,0,"Item 3.03 Material Modification to Rights of Security Holders. To the extent required by Item 3.03 of Form 8-K, the information contained in Item 5.03 of this Current Report on Form 8-K is incorporated herein by reference. Item 5.03 Amendments to Articles of Incorporation or Bylaws; Change in Fiscal Year As previous",,,,,,,,,
CAL-0526,8k_split_topup,ASRT,0001808665,8-K,2025-12-22,"3.03,5.03,9.01",0001104659-25-123772,https://www.sec.gov/Archives/edgar/data/1808665/000110465925123772/tm2533991d1_8k.htm,fts:reverse split effective,text/0001104659-25-123772.txt,8f809a22ab3ed8d8881490686cd02bfccb7a3e8a57f824ee843a6544d30437f3,1754,0,"Item 3.03 Material Modification to Rights of Security Holders. On December 19, 2025, Assertio Holdings, Inc. (the ""Company"") filed a Certificate of Amendment to its certificate of incorporation (the ""Certificate of Amendment"") to implement a reverse stock split (the ""Reverse Split"") of the Company's common stock, par",,,,,,,,,
CAL-0527,8k_split_topup,ADTX,0001726711,8-K,2025-03-12,"3.01,3.03,5.03,7.01,9.01",0001213900-25-023230,https://www.sec.gov/Archives/edgar/data/1726711/000121390025023230/ea0233959-8k_aditxt.htm,fts:reverse split effective,text/0001213900-25-023230.txt,5b3007450139456a6e64b7d109dfb7d78f939e2acf68e3f9e3e727ec860de0f1,2775,0,"Item 3.01 Notice of Delisting or Failure to Satisfy a Continued Listing Rule or Standard; Transfer of Listing. As previously reported in a Current Report on Form 8-K filed by Aditxt, Inc. (the ""Company""), on October 3, 2024, the Company was notified (the ""October Notification Letter"") by the staff (the ""Staff"") of The",,,,,,,,,
CAL-0528,8k_split_topup,BJDX,0001704287,8-K,2026-01-30,"3.03,5.03,5.07,8.01,9.01",0001213900-26-009792,https://www.sec.gov/Archives/edgar/data/1704287/000121390026009792/ea0274800-8k_bluejay.htm,fts:reverse split effective,text/0001213900-26-009792.txt,46d425aac3ce825a5921c8ada6da7f9ed2b64792e6b729aab018949383d9dc7a,2360,0,"Item 3.03 Material Modification to Rights of Security Holders. To the extent required by Item 3.03 of Form 8-K, the information regarding the Reverse Stock Split (as defined herein) contained in Item 5.03 of this Current Report on Form 8-K is incorporated by reference herein. Item 5.03 Amendments to Articles of Incor",,,,,,,,,
CAL-0529,8k_split_topup,SEGG,0001673481,8-K,2026-07-30,"5.03,9.01",0001493152-26-035388,https://www.sec.gov/Archives/edgar/data/1673481/000149315226035388/form8-k.htm,fts:reverse split effective,text/0001493152-26-035388.txt,8f70d3a900d9d728f661467fa12cad563d1b7dc35c17ee0bf1ac7b74986cc34f,1745,0,"Item 5.03. Amendments to Articles of Incorporation or Bylaws; Change in Fiscal Year. On July 30, 2026, Sports Entertainment Gaming Global Corporation. (the ""Company"") filed a Certificate of Amendment (the ""Certificate of Amendment"") with the Secretary of State for the State of Delaware to amend the Company's Amended C",,,,,,,,,
CAL-0530,8k_split_topup,ADTX,0001726711,8-K,2025-10-31,"3.03,5.03,7.01,9.01",0001213900-25-104704,https://www.sec.gov/Archives/edgar/data/1726711/000121390025104704/ea0263285-8k_aditxt.htm,fts:reverse split effective,text/0001213900-25-104704.txt,f0cd04de0c1312dd0fbdcf0eb12037aa67743f4041de2b5c04d943acc68789a8,2135,0,"Item 3.03 Material Modification to Rights of Security Holders. To the extent required by Item 3.03 of Form 8-K, the information contained in Item 5.03 of this Current Report on Form 8-K is incorporated herein by reference. Item 5.03 Amendments to Articles of Incorporation or Bylaws; Change in Fiscal Year As previous",,,,,,,,,
CAL-0531,8k_split_topup,FCUV,0001590418,8-K,2026-06-18,"3.03,5.03,9.01",0001683168-26-004961,https://www.sec.gov/Archives/edgar/data/1590418/000168316826004961/focus_8k.htm,fts:reverse split effective,text/0001683168-26-004961.txt,515bc0049cc760d516f0bb3803633d7cffcae7e4182c3bff60b36dcbb6ccf236,2295,0,"Item 3.03 Material Modification to Rights of Security Holders. The Board of Directors of Focus Universal Inc., a Nevada corporation (the ""Company"") approved a reverse stock split of the Company's issued and outstanding shares of common stock, par value $0.001 per share (the ""Common Stock"") at a ratio of 4 to 1 (the """,,,,,,,,,
CAL-0532,8k_split_topup,VBIO,0001787740,8-K,2026-08-27,"3.03,5.03,7.01,9.01",0001683168-26-006742,https://www.sec.gov/Archives/edgar/data/1787740/000168316826006742/valion_8k.htm,fts:reverse split effective,text/0001683168-26-006742.txt,1ba7858acd5e0e6868a54ee61f644732222b9f55a5c046b90258d88f0d6b1265,3818,0,"Item 3.03 Material Modification to Rights of Security Holders. To the extent required by Item 3.03 of Form 8-K, the information contained in Item 5.03 of this Current Report on Form 8-K (this ""Current Report"") is incorporated by reference herein. Item 5.03 Amendments to Articles of Incorporation or Bylaws; Change in",,,,,,,,,
CAL-0533,8k_split_topup,ARTL,0001621221,8-K,2026-08-27,"3.03,5.03,7.01,9.01",0001640334-26-001421,https://www.sec.gov/Archives/edgar/data/1621221/000164033426001421/artl_8k.htm,fts:reverse split effective,text/0001640334-26-001421.txt,0985a91b9b421820d493973e32d421c49d8538704f51cec43b9d7e80510edc3b,2403,0,Item 3.03 Material Modification to Rights of Security Holders. The information set forth in Item 5.03 of this Current Report on Form 8-K is incorporated by reference into this Item 3.03. A copy of the Certificate of Change described in Item 5.03 is filed as Exhibit 3.1 to this Current Report on Form 8-K. Item 5.03 Am,,,,,,,,,
CAL-0534,8k_split_topup,ULY,0001603652,8-K,2025-03-13,"3.03,5.03,5.07,7.01,8.01,9.01",0000950170-25-038354,https://www.sec.gov/Archives/edgar/data/1603652/000095017025038354/uly-20250312.htm,fts:reverse split effective,text/0000950170-25-038354.txt,686098daf45580c9dc076b00854d7ea50650826e83f0bf76cae29b8dabded315,3030,0,"Item 3.03 Material Modification to Rights of Security Holders To the extent required by Item 3.03 of Form 8-K, the information contained in Item 5.03 of this Current Report on Form 8-K is incorporated herein by reference. Item 5.03 Amendments to Articles of Incorporation or Bylaws; Change in Fiscal Year On March 12,",,,,,,,,,
CAL-0535,8k_split_topup,WKHS,0001425287,8-K,2025-12-03,3.03,0001213900-25-117831,https://www.sec.gov/Archives/edgar/data/1425287/000121390025117831/ea0268147-8k_workhorse.htm,fts:reverse split effective,text/0001213900-25-117831.txt,a68a70befdf081bf73cc838a1844ebf95fcb0274712bba1647bedc0adbd81abe,2030,0,"Item 3.03. Material Modification to Rights of Security Holders. As previously disclosed, on November 25, 2025, the stockholders of Workhorse Group Inc. (the ""Company"") approved a proposal authorizing the Board of Directors of the Company (the ""Board"") to effect a reverse stock split of the Company's outstanding shares",,,,,,,,,
CAL-0536,8k_split_topup,NFE,0001749723,8-K,2026-09-11,"1.01,1.02,2.01,2.03,3.02,3.03,5.02,5.03,8.01,9.01",0001749723-26-000118,https://www.sec.gov/Archives/edgar/data/1749723/000174972326000118/nfe-20260911.htm,fts:reverse split effective,text/0001749723-26-000118.txt,3d24fc00aff2ce0dbb09c874e0438861d1f3cd42fe4cf2200e3e444364f044e2,19837,0,"Item 1.01. Entry into a Material Definitive Agreement. On September 11, 2026 (the ""Closing Date"" or the ""Restructuring Effective Date"" in relation to the Restructuring Plans (as defined herein)), New Fortress Energy Inc. (the ""Company"") consummated the previously announced comprehensive restructuring of the Company's",,,,,,,,,
CAL-0537,8k_split_topup,BOXL,0001624512,8-K,2025-03-03,"3.03,9.01",0001628280-25-009469,https://www.sec.gov/Archives/edgar/data/1624512/000162828025009469/boxl-20250225.htm,fts:reverse split effective,text/0001628280-25-009469.txt,57d50202cef1400e752e0b0dce3e634d3423cdc37ef0db448227451330220bfe,2370,0,"Item 3.03 Material Modification to Rights of Security Holders. As previously reported, on February 28, 2024, Boxlight Corporation, a Nevada corporation (the ""Company""), received a letter from the Listing Qualifications Department (the ""Staff"") of The Nasdaq Stock Market (""Nasdaq""), notifying the Company that, based up",,,,,,,,,
CAL-0538,8k_split_topup,OPTT,0001378140,8-K,2026-09-11,"3.03,5.03,5.07,9.01",0001493152-26-042282,https://www.sec.gov/Archives/edgar/data/1378140/000149315226042282/form8-k.htm,fts:reverse split effective,text/0001493152-26-042282.txt,cf46798fa4ed4cccfa3db8db1f9ff7be7e56e367e7846785adfb062cb21b4943,2819,0,"Item 3.03 Material Modification to Rights of Security Holders. As described below under Item 5.07, at a special meeting of the stockholders of Ocean Power Technologies, Inc. (the ""Company"") held on September 10, 2026, the Company's stockholders approved an amendment to the Company's Certificate of Incorporation to eff",,,,,,,,,
CAL-0539,8k_split_topup,BMNR,0001829311,8-K,2025-05-16,"5.03,8.01,9.01",0001683168-25-003761,https://www.sec.gov/Archives/edgar/data/1829311/000168316825003761/bitmine_8k.htm,fts:reverse split effective,text/0001683168-25-003761.txt,ad46c8159b7c5708f3dc3303dd0d817c1f672a56c787077bdec60a5517682623,1418,0,"Item 5.03 Amendments to Articles of Incorporation or Bylaws; Change in Fiscal Year. On May 15, 2025, the Company filed an amendment to its Certificate of Incorporation to effect a 1-for-20 reverse stock split of its common stock. No fractional shares shall be issued in connection with the reverse split, and any shareh",,,,,,,,,
CAL-0540,8k_split_topup,MTVA,0001638287,8-K,2025-12-02,"3.03,5.03,7.01,8.01,9.01",0001104659-25-117540,https://www.sec.gov/Archives/edgar/data/1638287/000110465925117540/mtva-20251202x8k.htm,fts:reverse split effective,text/0001104659-25-117540.txt,96bf10118f06cbe8f5c379cd230e329f90bf802cfe9d28a094bc33e328e748c3,3091,0,"Item 3.03.Material Modification to Rights of Security Holders. To the extent required by Item 3.03 of Form 8-K, the information contained in Item 5.03 of this Current Report on Form 8-K (the ""Report"") is incorporated herein by reference. ​ Item 5.03.Amendments to Articles of Incorporation or Bylaws; Change in Fiscal",,,,,,,,,
CAL-0541,8k_split_topup,DEVS,0001854480,8-K/A,2025-03-07,"1.01,2.01,2.02,2.03,3.02,3.03,4.01,5.01,5.02,5.03,5.05,5.06,7.01",0001140361-25-007599,https://www.sec.gov/Archives/edgar/data/1854480/000114036125007599/ef20044135_8ka.htm,fts:reverse split effective,text/0001140361-25-007599.txt,8a39b8fa956113cec1c3e794a4872d0110994f80e63295cd17680d6ae09d703e,30000,1,"Item 1.01. Entry into a Material Definitive Agreement. Registration Rights Agreement On November 6, 2023, New PubCo, Focus Impact Sponsor, LLC, a Delaware limited liability company (the ""Sponsor""), and certain historical holders of the Company's securities (the ""Legacy Devvstream Holders"") entered into an Amended an",,,,,,,,,
CAL-0542,8k_split_topup,UBYH,0000787496,8-K,2026-07-06,"3.03,5.03,5.07,9.01",0001829126-26-007292,https://www.sec.gov/Archives/edgar/data/787496/000182912626007292/ubuyholdings_8k.htm,fts:reverse split effective,text/0001829126-26-007292.txt,9be7218bdf37bffca14044838f62f1c6df92f3745687216d5c8ce5de5220fa98,2454,0,"Item 3.03 Material Modification to Rights of Security Holders. To the extent required by Item 3.03 of Form 8-K, the information regarding the Reverse Stock Split contained in Item 5.03 of this Current Report on Form 8-K is incorporated by reference herein. Item 5.03 Amendments to Articles of Incorporation or Name Cha",,,,,,,,,
CAL-0543,8k_split_topup,HSDT,0001610853,8-K,2025-06-27,"3.03,5.03,9.01",0001558370-25-008942,https://www.sec.gov/Archives/edgar/data/1610853/000155837025008942/hsdt-20250627x8k.htm,fts:reverse split effective,text/0001558370-25-008942.txt,74ee11673d951d33b4b1777a2cb7f9f456a40d7a47ca5af2b54bf68b0af1c61e,2082,0,"Item 3.03Material Modification to Rights of Security Holders. ​ To the extent required by Item 3.03 of Form 8-K, the information contained in Item 5.03 of this report is incorporated herein by reference. ​ Item 5.03Amendments to Articles of Incorporation or Bylaws; Change in Fiscal Year. ​ As previously disclosed",,,,,,,,,
